mtllib scene.mtl
o Object_4
usemtl Material.003
v 0.3580224700203174 -1.0090246793122246 -1.4772798671336886
v 0.358022459040394 -0.8787667349114858 -1.6145981801579978
v 0.3977989427023239 -0.866272279049036 -1.5931086264336614
v 0.3969866443758683 -0.9902733178144256 -1.4666566178628386
v 0.3969866443758683 -0.9902733178144256 -1.4666566178628386
v 0.3977989427023239 -0.866272279049036 -1.5931086264336614
v 0.3939586414590508 -0.8437535462146408 -1.5547394276954947
v 0.39519770869595033 -0.956407406893919 -1.447529006617799
v 0.39519770869595033 -0.956407406893919 -1.447529006617799
v 0.3939586414590508 -0.8437535462146408 -1.5547394276954947
v 0.3580224553097492 -0.8345090379497638 -1.5392101393762232
v 0.3580224642250004 -0.940273190466931 -1.4384368461251427
v 0.3580224642250004 -0.940273190466931 -1.4384368461251427
v 0.3580224553097492 -0.8345090379497638 -1.5392101393762232
v 0.3220862707189556 -0.8437535522730286 -1.5547394276954947
v 0.32084723228101564 -0.9564074131611954 -1.447529006617799
v 0.32084723228101564 -0.9564074131611954 -1.447529006617799
v 0.3220862707189556 -0.8437535522730286 -1.5547394276954947
v 0.31824597327205695 -0.8662722857548497 -1.5931086264336614
v 0.3190582925035239 -0.9902733243832943 -1.4666566178628386
v 0.3190582925035239 -0.9902733243832943 -1.4666566178628386
v 0.31824597327205695 -0.8662722857548497 -1.5931086264336614
v 0.358022459040394 -0.8787667349114858 -1.6145981801579978
v 0.3580224700203174 -1.0090246793122246 -1.4772798671336886
v 0.3580224433086707 -0.6921368406773766 -1.6596249176826632
v 0.3580224275769467 -0.5055069380099939 -1.6145982193857549
v 0.3977989133452837 -0.5180013871666299 -1.5931086460475399
v 0.3969344365210369 -0.692136837856646 -1.6385293675500634
v 0.3969344365210369 -0.692136837856646 -1.6385293675500634
v 0.3977989133452837 -0.5180013871666299 -1.5931086460475399
v 0.3939586158983859 -0.5405201304553904 -1.5547394473093732
v 0.3953297074359342 -0.6921368299822344 -1.6005538389676985
v 0.3953297074359342 -0.6921368299822344 -1.6005538389676985
v 0.3939586158983859 -0.5405201304553904 -1.5547394473093732
v 0.35802243130759237 -0.549764644778655 -1.5392101589901017
v 0.3580224433086703 -0.6921368353288774 -1.582163278049734
v 0.3580224433086703 -0.6921368353288774 -1.582163278049734
v 0.35802243130759237 -0.549764644778655 -1.5392101589901017
v 0.3220862451582907 -0.5405201365137781 -1.5547394473093732
v 0.3207151889883453 -0.6921368373462998 -1.6005538389676985
v 0.3207151889883453 -0.6921368373462998 -1.6005538389676985
v 0.3220862451582907 -0.5405201365137781 -1.5547394473093732
v 0.3182459439150168 -0.5180013938724436 -1.5931086460475399
v 0.31911045990324394 -0.6921368453946166 -1.6385293675500634
v 0.31911045990324394 -0.6921368453946166 -1.6385293675500634
v 0.3182459439150168 -0.5180013938724436 -1.5931086460475399
v 0.3580224275769467 -0.5055069380099939 -1.6145982193857549
v 0.3580224433086707 -0.6921368406773766 -1.6596249176826632
v 0.35802241652678013 -0.37441567836639744 -1.4902230851837999
v 0.3580224118862256 -0.3193634637465772 -1.2919062755625277
v 0.39774145944659767 -0.3441397902021836 -1.2919062718051406
v 0.3969865940435719 -0.3931670136814492 -1.4795998555268284
v 0.3969865940435719 -0.3931670136814492 -1.4795998555268284
v 0.39774145944659767 -0.3441397902021836 -1.2919062718051406
v 0.39401505183316005 -0.3885798180927529 -1.2919062612782337
v 0.3951976640730178 -0.42703290528966875 -1.4604722442817888
v 0.3951976640730178 -0.42703290528966875 -1.4604722442817888
v 0.39401505183316005 -0.3885798180927529 -1.2919062612782337
v 0.35802241925468914 -0.4067776364604404 -1.2919062527903888
v 0.3580224223220938 -0.443167127983934 -1.4513800739821932
v 0.3580224223220938 -0.443167127983934 -1.4513800739821932
v 0.35802241925468914 -0.4067776364604404 -1.2919062527903888
v 0.32202978360829604 -0.3885798241606571 -1.291906261355655
v 0.32084718765808307 -0.4270329115569451 -1.4604722442817888
v 0.32084718765808307 -0.4270329115569451 -1.4604722442817888
v 0.32202978360829604 -0.3885798241606571 -1.291906261355655
v 0.318303358695891 -0.3441397968983146 -1.2919062716974918
v 0.3190582421712276 -0.3931670202503179 -1.4795998555268284
v 0.3190582421712276 -0.3931670202503179 -1.4795998555268284
v 0.318303358695891 -0.3441397968983146 -1.2919062716974918
v 0.3580224118862256 -0.3193634637465772 -1.2919062755625277
v 0.35802241652678013 -0.37441567836639744 -1.4902230851837999
v 0.3580224157389851 -0.36506984177588536 -1.105395669988411
v 0.3580224275769451 -0.5055069183961154 -0.9692142558187129
v 0.3977989133452837 -0.5180013871666299 -0.9907038291569279
v 0.3969865932557768 -0.3838211770909371 -1.116018919259261
v 0.3969865932557768 -0.3838211770909371 -1.116018919259261
v 0.3977989133452837 -0.5180013871666299 -0.9907038291569279
v 0.39395861589838677 -0.5405201402623296 -1.0290730278950946
v 0.39519766328522277 -0.41768706869915667 -1.1351465206973614
v 0.39519766328522277 -0.41768706869915667 -1.1351465206973614
v 0.39395861589838677 -0.5405201402623296 -1.0290730278950946
v 0.35802243130759315 -0.5497646545855943 -1.044602316214366
v 0.35802242153429875 -0.43382129139342185 -1.144238690996957
v 0.35802242153429875 -0.43382129139342185 -1.144238690996957
v 0.35802243130759315 -0.5497646545855943 -1.044602316214366
v 0.32208624515829154 -0.5405201463207173 -1.0290730278950946
v 0.32084718687028635 -0.4176870553525545 -1.1351465206973614
v 0.32084718687028635 -0.4176870553525545 -1.1351465206973614
v 0.32208624515829154 -0.5405201463207173 -1.0290730278950946
v 0.3182459439150168 -0.5180013938724436 -0.9907038291569279
v 0.31905824138343253 -0.38382118365980583 -1.116018919259261
v 0.31905824138343253 -0.38382118365980583 -1.116018919259261
v 0.3182459439150168 -0.5180013938724436 -0.9907038291569279
v 0.3580224275769451 -0.5055069183961154 -0.9692142558187129
v 0.3580224157389851 -0.36506984177588536 -1.105395669988411
v 0.3580224433086707 -0.6921368406773766 -0.9240908218729373
v 0.358022459040394 -0.8787667349114858 -0.9692142950464699
v 0.3977989427023239 -0.866272279049036 -0.9907038487708064
v 0.3969344267140976 -0.692136837856648 -0.9451863720055371
v 0.3969344267140976 -0.692136837856648 -0.9451863720055371
v 0.3977989427023239 -0.866272279049036 -0.9907038487708064
v 0.3939586414590508 -0.8437535462146408 -1.029073047508973
v 0.3953297074359351 -0.6921368406761592 -0.9831618221323879
v 0.3953297074359351 -0.6921368406761592 -0.9831618221323879
v 0.3939586414590508 -0.8437535462146408 -1.029073047508973
v 0.3580224553097484 -0.8345090281428246 -1.0446023358282446
v 0.35802244330867117 -0.6921368463065615 -1.0015524222781096
v 0.35802244330867117 -0.6921368463065615 -1.0015524222781096
v 0.3580224553097484 -0.8345090281428246 -1.0446023358282446
v 0.3220862707189556 -0.8437535522730286 -1.029073047508973
v 0.32071518898834617 -0.6921368480188638 -0.9831618221323879
v 0.32071518898834617 -0.6921368480188638 -0.9831618221323879
v 0.3220862707189556 -0.8437535522730286 -1.029073047508973
v 0.31824597327205695 -0.8662722857548497 -0.9907038487708064
v 0.31911045990324394 -0.692136845457043 -0.9451863720055371
v 0.31911045990324394 -0.692136845457043 -0.9451863720055371
v 0.31824597327205695 -0.8662722857548497 -0.9907038487708064
v 0.358022459040394 -0.8787667349114858 -0.9692142950464699
v 0.3580224433086707 -0.6921368406773766 -0.9240908218729373
v 0.3580224700430241 -1.0092940563198367 -1.1044717582406633
v 0.35802247473111515 -1.0649102091749025 -1.291906241353047
v 0.39774151811451053 -1.040133876023166 -1.2919062403607842
v 0.396986644398575 -0.9905426948220377 -1.1150949878976348
v 0.396986644398575 -0.9905426948220377 -1.1150949878976348
v 0.39774151811451053 -1.040133876023166 -1.2919062403607842
v 0.39401510300904136 -0.9956938095330655 -1.2919062350453339
v 0.3951977087186588 -0.9566768035154096 -1.1342225991426744
v 0.3951977087186588 -0.9566768035154096 -1.1342225991426744
v 0.39401510300904136 -0.9956938095330655 -1.2919062350453339
v 0.3580224673626483 -0.9774959972332823 -1.2919062296175345
v 0.3580224642477071 -0.9405425674745431 -1.14331476944227
v 0.3580224642477071 -0.9405425674745431 -1.14331476944227
v 0.3580224673626483 -0.9774959972332823 -1.2919062296175345
v 0.32202983478417735 -0.9956938156009698 -1.291906234967913
v 0.3208472126898455 -0.9566768097826877 -1.1342225991426744
v 0.3208472126898455 -0.9566768097826877 -1.1342225991426744
v 0.32202983478417735 -0.9956938156009698 -1.291906234967913
v 0.31830341736380374 -1.040133882719297 -1.291906240468434
v 0.3190582925262324 -0.9905427210047849 -1.1150949878976348
v 0.3190582925262324 -0.9905427210047849 -1.1150949878976348
v 0.31830341736380374 -1.040133882719297 -1.291906240468434
v 0.35802247473111515 -1.0649102091749025 -1.291906241353047
v 0.3580224700430241 -1.0092940563198367 -1.1044717582406633
v 0.3182459439150168 -0.5180013938724436 -1.5931086460475399
v 0.3190582421712276 -0.3931670202503179 -1.4795998555268284
v 0.35802241652678013 -0.37441567836639744 -1.4902230851837999
v 0.3580224275769467 -0.5055069380099939 -1.6145982193857549
v 0.3220862451582907 -0.5405201365137781 -1.5547394473093732
v 0.32084718765808307 -0.4270329115569451 -1.4604722442817888
v 0.3190582421712276 -0.3931670202503179 -1.4795998555268284
v 0.3182459439150168 -0.5180013938724436 -1.5931086460475399
v 0.35802243130759237 -0.549764644778655 -1.5392101589901017
v 0.3580224223220938 -0.443167127983934 -1.4513800739821932
v 0.32084718765808307 -0.4270329115569451 -1.4604722442817888
v 0.3220862451582907 -0.5405201365137781 -1.5547394473093732
v 0.3939586158983859 -0.5405201304553904 -1.5547394473093732
v 0.3951976640730178 -0.42703290528966875 -1.4604722442817888
v 0.3580224223220938 -0.443167127983934 -1.4513800739821932
v 0.35802243130759237 -0.549764644778655 -1.5392101589901017
v 0.3977989133452837 -0.5180013871666299 -1.5931086460475399
v 0.3969865940435719 -0.3931670136814492 -1.4795998555268284
v 0.3951976640730178 -0.42703290528966875 -1.4604722442817888
v 0.3939586158983859 -0.5405201304553904 -1.5547394473093732
v 0.3580224275769467 -0.5055069380099939 -1.6145982193857549
v 0.35802241652678013 -0.37441567836639744 -1.4902230851837999
v 0.3969865940435719 -0.3931670136814492 -1.4795998555268284
v 0.3977989133452837 -0.5180013871666299 -1.5931086460475399
v 0.31824597327205695 -0.8662722857548497 -1.5931086264336614
v 0.31911045990324394 -0.6921368453946166 -1.6385293675500634
v 0.3580224433086707 -0.6921368406773766 -1.6596249176826632
v 0.358022459040394 -0.8787667349114858 -1.6145981801579978
v 0.3220862707189556 -0.8437535522730286 -1.5547394276954947
v 0.3207151889883453 -0.6921368373462998 -1.6005538389676985
v 0.31911045990324394 -0.6921368453946166 -1.6385293675500634
v 0.31824597327205695 -0.8662722857548497 -1.5931086264336614
v 0.3580224553097492 -0.8345090379497638 -1.5392101393762232
v 0.3580224433086703 -0.6921368353288774 -1.582163278049734
v 0.3207151889883453 -0.6921368373462998 -1.6005538389676985
v 0.3220862707189556 -0.8437535522730286 -1.5547394276954947
v 0.3939586414590508 -0.8437535462146408 -1.5547394276954947
v 0.3953297074359342 -0.6921368299822344 -1.6005538389676985
v 0.3580224433086703 -0.6921368353288774 -1.582163278049734
v 0.3580224553097492 -0.8345090379497638 -1.5392101393762232
v 0.3977989427023239 -0.866272279049036 -1.5931086264336614
v 0.3969344365210369 -0.692136837856646 -1.6385293675500634
v 0.3953297074359342 -0.6921368299822344 -1.6005538389676985
v 0.3939586414590508 -0.8437535462146408 -1.5547394276954947
v 0.358022459040394 -0.8787667349114858 -1.6145981801579978
v 0.3580224433086707 -0.6921368406773766 -1.6596249176826632
v 0.3969344365210369 -0.692136837856646 -1.6385293675500634
v 0.3977989427023239 -0.866272279049036 -1.5931086264336614
v 0.31824597327205695 -0.8662722857548497 -0.9907038487708064
v 0.3190582925262324 -0.9905427210047849 -1.1150949878976348
v 0.3580224700430241 -1.0092940563198367 -1.1044717582406633
v 0.358022459040394 -0.8787667349114858 -0.9692142950464699
v 0.3220862707189556 -0.8437535522730286 -1.029073047508973
v 0.3208472126898455 -0.9566768097826877 -1.1342225991426744
v 0.3190582925262324 -0.9905427210047849 -1.1150949878976348
v 0.31824597327205695 -0.8662722857548497 -0.9907038487708064
v 0.3580224553097484 -0.8345090281428246 -1.0446023358282446
v 0.3580224642477071 -0.9405425674745431 -1.14331476944227
v 0.3208472126898455 -0.9566768097826877 -1.1342225991426744
v 0.3220862707189556 -0.8437535522730286 -1.029073047508973
v 0.3939586414590508 -0.8437535462146408 -1.029073047508973
v 0.3951977087186588 -0.9566768035154096 -1.1342225991426744
v 0.3580224642477071 -0.9405425674745431 -1.14331476944227
v 0.3580224553097484 -0.8345090281428246 -1.0446023358282446
v 0.3977989427023239 -0.866272279049036 -0.9907038487708064
v 0.396986644398575 -0.9905426948220377 -1.1150949878976348
v 0.3951977087186588 -0.9566768035154096 -1.1342225991426744
v 0.3939586414590508 -0.8437535462146408 -1.029073047508973
v 0.358022459040394 -0.8787667349114858 -0.9692142950464699
v 0.3580224700430241 -1.0092940563198367 -1.1044717582406633
v 0.396986644398575 -0.9905426948220377 -1.1150949878976348
v 0.3977989427023239 -0.866272279049036 -0.9907038487708064
v 0.3182459439150168 -0.5180013938724436 -0.9907038291569279
v 0.31911045990324394 -0.692136845457043 -0.9451863720055371
v 0.3580224433086707 -0.6921368406773766 -0.9240908218729373
v 0.3580224275769451 -0.5055069183961154 -0.9692142558187129
v 0.32208624515829154 -0.5405201463207173 -1.0290730278950946
v 0.32071518898834617 -0.6921368480188638 -0.9831618221323879
v 0.31911045990324394 -0.692136845457043 -0.9451863720055371
v 0.3182459439150168 -0.5180013938724436 -0.9907038291569279
v 0.35802243130759315 -0.5497646545855943 -1.044602316214366
v 0.35802244330867117 -0.6921368463065615 -1.0015524222781096
v 0.32071518898834617 -0.6921368480188638 -0.9831618221323879
v 0.32208624515829154 -0.5405201463207173 -1.0290730278950946
v 0.39395861589838677 -0.5405201402623296 -1.0290730278950946
v 0.3953297074359351 -0.6921368406761592 -0.9831618221323879
v 0.35802244330867117 -0.6921368463065615 -1.0015524222781096
v 0.35802243130759315 -0.5497646545855943 -1.044602316214366
v 0.3977989133452837 -0.5180013871666299 -0.9907038291569279
v 0.3969344267140976 -0.692136837856648 -0.9451863720055371
v 0.3953297074359351 -0.6921368406761592 -0.9831618221323879
v 0.39395861589838677 -0.5405201402623296 -1.0290730278950946
v 0.3580224275769451 -0.5055069183961154 -0.9692142558187129
v 0.3580224433086707 -0.6921368406773766 -0.9240908218729373
v 0.3969344267140976 -0.692136837856648 -0.9451863720055371
v 0.3977989133452837 -0.5180013871666299 -0.9907038291569279
v 0.318303358695891 -0.3441397968983146 -1.2919062716974918
v 0.31905824138343253 -0.38382118365980583 -1.116018919259261
v 0.3580224157389851 -0.36506984177588536 -1.105395669988411
v 0.3580224118862256 -0.3193634637465772 -1.2919062755625277
v 0.32202978360829604 -0.3885798241606571 -1.291906261355655
v 0.32084718687028635 -0.4176870553525545 -1.1351465206973614
v 0.31905824138343253 -0.38382118365980583 -1.116018919259261
v 0.318303358695891 -0.3441397968983146 -1.2919062716974918
v 0.35802241925468914 -0.4067776364604404 -1.2919062527903888
v 0.35802242153429875 -0.43382129139342185 -1.144238690996957
v 0.32084718687028635 -0.4176870553525545 -1.1351465206973614
v 0.32202978360829604 -0.3885798241606571 -1.291906261355655
v 0.39401505183316005 -0.3885798180927529 -1.2919062612782337
v 0.39519766328522277 -0.41768706869915667 -1.1351465206973614
v 0.35802242153429875 -0.43382129139342185 -1.144238690996957
v 0.35802241925468914 -0.4067776364604404 -1.2919062527903888
v 0.39774145944659767 -0.3441397902021836 -1.2919062718051406
v 0.3969865932557768 -0.3838211770909371 -1.116018919259261
v 0.39519766328522277 -0.41768706869915667 -1.1351465206973614
v 0.39401505183316005 -0.3885798180927529 -1.2919062612782337
v 0.3580224118862256 -0.3193634637465772 -1.2919062755625277
v 0.3580224157389851 -0.36506984177588536 -1.105395669988411
v 0.3969865932557768 -0.3838211770909371 -1.116018919259261
v 0.39774145944659767 -0.3441397902021836 -1.2919062718051406
v 0.31830341736380374 -1.040133882719297 -1.291906240468434
v 0.3190582925035239 -0.9902733243832943 -1.4666566178628386
v 0.3580224700203174 -1.0090246793122246 -1.4772798671336886
v 0.35802247473111515 -1.0649102091749025 -1.291906241353047
v 0.32202983478417735 -0.9956938156009698 -1.291906234967913
v 0.32084723228101564 -0.9564074131611954 -1.447529006617799
v 0.3190582925035239 -0.9902733243832943 -1.4666566178628386
v 0.31830341736380374 -1.040133882719297 -1.291906240468434
v 0.3580224673626483 -0.9774959972332823 -1.2919062296175345
v 0.3580224642250004 -0.940273190466931 -1.4384368461251427
v 0.32084723228101564 -0.9564074131611954 -1.447529006617799
v 0.32202983478417735 -0.9956938156009698 -1.291906234967913
v 0.39401510300904136 -0.9956938095330655 -1.2919062350453339
v 0.39519770869595033 -0.956407406893919 -1.447529006617799
v 0.3580224642250004 -0.940273190466931 -1.4384368461251427
v 0.3580224673626483 -0.9774959972332823 -1.2919062296175345
v 0.39774151811451053 -1.040133876023166 -1.2919062403607842
v 0.3969866443758683 -0.9902733178144256 -1.4666566178628386
v 0.39519770869595033 -0.956407406893919 -1.447529006617799
v 0.39401510300904136 -0.9956938095330655 -1.2919062350453339
v 0.35802247473111515 -1.0649102091749025 -1.291906241353047
v 0.3580224700203174 -1.0090246793122246 -1.4772798671336886
v 0.3969866443758683 -0.9902733178144256 -1.4666566178628386
v 0.39774151811451053 -1.040133876023166 -1.2919062403607842
v 0.2506768616111346 -0.5593880169918596 -1.1464458309400243
v 0.2506768974973185 -0.2870609839807607 -1.1464458309400243
v 0.2506768974973185 -0.2870609839807607 -1.4394077821466453
v 0.2506768616111346 -0.5593880169918596 -1.4394077821466453
v 0.30856255596378496 -0.5593880317263391 -1.1464458309400243
v 0.3085625526222101 -0.28706097910136497 -1.1464458309400243
v 0.2506768974973185 -0.2870609839807607 -1.1464458309400243
v 0.2506768616111346 -0.5593880169918596 -1.1464458309400243
v 0.3085625526222101 -0.28706097910136497 -1.4394077821466453
v 0.2506768974973185 -0.2870609839807607 -1.4394077821466453
v 0.2506768974973185 -0.2870609839807607 -1.1464458309400243
v 0.3085625526222101 -0.28706097910136497 -1.1464458309400243
v 0.3183033763951175 -0.554110740364176 -1.434130491605572
v 0.3183033739432256 -0.29233824920747004 -1.434130491605572
v 0.3183033739432256 -0.29233824920747004 -1.1517231214810977
v 0.3183033763951175 -0.554110740364176 -1.1517231214810977
v 0.2506768616111346 -0.5593880169918596 -1.4394077821466453
v 0.2506768974973185 -0.2870609839807607 -1.4394077821466453
v 0.3085625526222101 -0.28706097910136497 -1.4394077821466453
v 0.30856255596378496 -0.5593880317263391 -1.4394077821466453
v 0.3183033739432256 -0.29233824920747004 -1.434130491605572
v 0.3183033763951175 -0.554110740364176 -1.434130491605572
v 0.30856255596378496 -0.5593880317263391 -1.4394077821466453
v 0.3085625526222101 -0.28706097910136497 -1.4394077821466453
v 0.30856255596378496 -0.5593880317263391 -1.1464458309400243
v 0.30856255596378496 -0.5593880317263391 -1.4394077821466453
v 0.3183033763951175 -0.554110740364176 -1.434130491605572
v 0.3183033763951175 -0.554110740364176 -1.1517231214810977
v 0.3085625526222101 -0.28706097910136497 -1.4394077821466453
v 0.3085625526222101 -0.28706097910136497 -1.1464458309400243
v 0.3183033739432256 -0.29233824920747004 -1.1517231214810977
v 0.3183033739432256 -0.29233824920747004 -1.434130491605572
v 0.3085625526222101 -0.28706097910136497 -1.1464458309400243
v 0.30856255596378496 -0.5593880317263391 -1.1464458309400243
v 0.3183033763951175 -0.554110740364176 -1.1517231214810977
v 0.3183033739432256 -0.29233824920747004 -1.1517231214810977
v 0.2506768616111346 -0.5593880169918596 -1.4394077821466453
v 0.30856255596378496 -0.5593880317263391 -1.4394077821466453
v 0.30856255596378496 -0.5593880317263391 -1.1464458309400243
v 0.2506768616111346 -0.5593880169918596 -1.1464458309400243
vt 0.6778523325920105 0.5119709074497223
vt 0.5676474571228027 0.5756456255912781
vt 0.5899825096130371 0.5967808365821838
vt 0.6864731907844543 0.5417407155036926
vt 0.6864731907844543 0.5417407155036926
vt 0.5899825096130371 0.5967808365821838
vt 0.6106417179107666 0.6165911853313446
vt 0.6928356885910034 0.5644983947277069
vt 0.6928356885910034 0.5644983947277069
vt 0.6106417179107666 0.6165911853313446
vt 0.6291770935058594 0.6344623565673828
vt 0.6996798515319824 0.5883067548274994
vt 0.19968001544475555 0.9063578322529793
vt 0.1291772723197937 0.8602022975683212
vt 0.11064185947179794 0.8780734911561012
vt 0.1928359419107437 0.9301661774516106
vt 0.1928359419107437 0.9301661774516106
vt 0.11064185947179794 0.8780734911561012
vt 0.08998267352581024 0.8978839069604874
vt 0.18647342920303345 0.9529238939285278
vt 0.18647342920303345 0.9529238939285278
vt 0.08998267352581024 0.8978839069604874
vt 0.06764763593673706 0.9190190955996513
vt 0.1778525710105896 0.9826937019824982
vt 0.5105955004692078 0.6900957226753235
vt 0.5125720500946045 0.8174454122781754
vt 0.5423418879508972 0.8076935261487961
vt 0.5401725769042969 0.6968875825405121
vt 0.5401725769042969 0.6968875825405121
vt 0.5423418879508972 0.8076935261487961
vt 0.5683394074440002 0.7993142008781433
vt 0.5623195171356201 0.701972246170044
vt 0.5623195171356201 0.701972246170044
vt 0.5683394074440002 0.7993142008781433
vt 0.5926873683929443 0.7917271703481674
vt 0.5861762166023254 0.7074660062789917
vt 0.08617628365755081 0.7871987074613571
vt 0.09268737584352493 0.7029374539852142
vt 0.06833937764167786 0.6953504681587219
vt 0.06231957674026489 0.7926924526691437
vt 0.06231957674026489 0.7926924526691437
vt 0.06833937764167786 0.6953504681587219
vt 0.04234185442328453 0.686971127986908
vt 0.04017261788249016 0.7977771610021591
vt 0.04017261788249016 0.7977771610021591
vt 0.04234185442328453 0.686971127986908
vt 0.012571966275572777 0.6772192716598511
vt 0.010595505125820637 0.8045690357685089
vt 0.5756143927574158 0.9191094189882278
vt 0.6923431158065796 0.988899408839643
vt 0.6999503374099731 0.9584914892911911
vt 0.595859706401825 0.8975099176168442
vt 0.595859706401825 0.8975099176168442
vt 0.6999503374099731 0.9584914892911911
vt 0.707142174243927 0.9318595752120018
vt 0.6126177906990051 0.8799731880426407
vt 0.6126177906990051 0.8799731880426407
vt 0.707142174243927 0.9318595752120018
vt 0.7141287326812744 0.9068668335676193
vt 0.6301328539848328 0.8619361817836761
vt 0.1301327645778656 0.6327284872531891
vt 0.21412865817546844 0.5877977311611176
vt 0.20714209973812103 0.5628050565719604
vt 0.11261767148971558 0.6146914660930634
vt 0.11261767148971558 0.6146914660930634
vt 0.20714209973812103 0.5628050565719604
vt 0.1999502182006836 0.5361731052398682
vt 0.0958595722913742 0.5971547663211823
vt 0.0958595722913742 0.5971547663211823
vt 0.1999502182006836 0.5361731052398682
vt 0.19234301149845123 0.5057652294635773
vt 0.07561425864696503 0.5755552053451538
vt 0.8200147747993469 0.9894044948741794
vt 0.9311527609825134 0.9221985712647438
vt 0.9086885452270508 0.9000928848981857
vt 0.8123431205749512 0.9614102765917778
vt 0.8123431205749512 0.9614102765917778
vt 0.9086885452270508 0.9000928848981857
vt 0.8888858556747437 0.8810194358229637
vt 0.8058439493179321 0.9373020902276039
vt 0.8058439493179321 0.9373020902276039
vt 0.8888858556747437 0.8810194358229637
vt 0.8701791167259216 0.8633239716291428
vt 0.799403727054596 0.9136796668171883
vt 0.2994036078453064 0.5809848308563232
vt 0.37017908692359924 0.631340503692627
vt 0.3888857662677765 0.6136450171470642
vt 0.3058437407016754 0.5573624074459076
vt 0.3058437407016754 0.5573624074459076
vt 0.3888857662677765 0.6136450171470642
vt 0.408688485622406 0.5945715308189392
vt 0.31234294176101685 0.5332542061805725
vt 0.31234294176101685 0.5332542061805725
vt 0.408688485622406 0.5945715308189392
vt 0.4311527609825134 0.5724658668041229
vt 0.3200145363807678 0.5052599310874939
vt 0.9894044995307922 0.8080693036317825
vt 0.9894044995307922 0.6805714964866638
vt 0.9598346948623657 0.6890820860862732
vt 0.9598548412322998 0.8009633272886276
vt 0.9598548412322998 0.8009633272886276
vt 0.9598346948623657 0.6890820860862732
vt 0.9330564737319946 0.6969186663627625
vt 0.937708854675293 0.7956325560808182
vt 0.937708854675293 0.7956325560808182
vt 0.9330564737319946 0.6969186663627625
vt 0.9081068634986877 0.7043916285037994
vt 0.9137556552886963 0.7898863554000854
vt 0.41375574469566345 0.7047781646251678
vt 0.4081069231033325 0.7902728766202927
vt 0.4330565929412842 0.7977458536624908
vt 0.43770888447761536 0.6990319490432739
vt 0.43770888447761536 0.6990319490432739
vt 0.4330565929412842 0.7977458536624908
vt 0.4598347246646881 0.8055823892354965
vt 0.45985496044158936 0.6937011480331421
vt 0.45985496044158936 0.6937011480331421
vt 0.4598347246646881 0.8055823892354965
vt 0.48940449953079224 0.8140929639339447
vt 0.48940449953079224 0.6865951716899872
vt 0.9233673810958862 0.5723850727081299
vt 0.8084646463394165 0.5052599608898163
vt 0.801022469997406 0.5354992151260376
vt 0.9016977548599243 0.5948163568973541
vt 0.9016977548599243 0.5948163568973541
vt 0.801022469997406 0.5354992151260376
vt 0.7939740419387817 0.5637267827987671
vt 0.8846457004547119 0.6125509738922119
vt 0.8846457004547119 0.6125509738922119
vt 0.7939740419387817 0.5637267827987671
vt 0.78757643699646 0.5892801582813263
vt 0.8674179315567017 0.6304845809936523
vt 0.3674180209636688 0.8641798794269562
vt 0.2875766158103943 0.9053843170404434
vt 0.29397422075271606 0.9309376776218414
vt 0.38464584946632385 0.882113441824913
vt 0.38464584946632385 0.882113441824913
vt 0.29397422075271606 0.9309376776218414
vt 0.3010226786136627 0.9591652825474739
vt 0.4016978442668915 0.8998480662703514
vt 0.4016978442668915 0.8998480662703514
vt 0.3010226786136627 0.9591652825474739
vt 0.3084648847579956 0.9894044948741794
vt 0.423367440700531 0.9222792759537697
vt 0.04234185442328453 0.686971127986908
vt 0.0958595722913742 0.5971547663211823
vt 0.07561425864696503 0.5755552053451538
vt 0.012571966275572777 0.6772192716598511
vt 0.06833937764167786 0.6953504681587219
vt 0.11261767148971558 0.6146914660930634
vt 0.0958595722913742 0.5971547663211823
vt 0.04234185442328453 0.686971127986908
vt 0.09268737584352493 0.7029374539852142
vt 0.1301327645778656 0.6327284872531891
vt 0.11261767148971558 0.6146914660930634
vt 0.06833937764167786 0.6953504681587219
vt 0.5683394074440002 0.7993142008781433
vt 0.6126177906990051 0.8799731880426407
vt 0.6301328539848328 0.8619361817836761
vt 0.5926873683929443 0.7917271703481674
vt 0.5423418879508972 0.8076935261487961
vt 0.595859706401825 0.8975099176168442
vt 0.6126177906990051 0.8799731880426407
vt 0.5683394074440002 0.7993142008781433
vt 0.5125720500946045 0.8174454122781754
vt 0.5756143927574158 0.9191094189882278
vt 0.595859706401825 0.8975099176168442
vt 0.5423418879508972 0.8076935261487961
vt 0.08998267352581024 0.8978839069604874
vt 0.04017261788249016 0.7977771610021591
vt 0.010595505125820637 0.8045690357685089
vt 0.06764763593673706 0.9190190955996513
vt 0.11064185947179794 0.8780734911561012
vt 0.06231957674026489 0.7926924526691437
vt 0.04017261788249016 0.7977771610021591
vt 0.08998267352581024 0.8978839069604874
vt 0.1291772723197937 0.8602022975683212
vt 0.08617628365755081 0.7871987074613571
vt 0.06231957674026489 0.7926924526691437
vt 0.11064185947179794 0.8780734911561012
vt 0.6106417179107666 0.6165911853313446
vt 0.5623195171356201 0.701972246170044
vt 0.5861762166023254 0.7074660062789917
vt 0.6291770935058594 0.6344623565673828
vt 0.5899825096130371 0.5967808365821838
vt 0.5401725769042969 0.6968875825405121
vt 0.5623195171356201 0.701972246170044
vt 0.6106417179107666 0.6165911853313446
vt 0.5676474571228027 0.5756456255912781
vt 0.5105955004692078 0.6900957226753235
vt 0.5401725769042969 0.6968875825405121
vt 0.5899825096130371 0.5967808365821838
vt 0.4598347246646881 0.8055823892354965
vt 0.4016978442668915 0.8998480662703514
vt 0.423367440700531 0.9222792759537697
vt 0.48940449953079224 0.8140929639339447
vt 0.4330565929412842 0.7977458536624908
vt 0.38464584946632385 0.882113441824913
vt 0.4016978442668915 0.8998480662703514
vt 0.4598347246646881 0.8055823892354965
vt 0.4081069231033325 0.7902728766202927
vt 0.3674180209636688 0.8641798794269562
vt 0.38464584946632385 0.882113441824913
vt 0.4330565929412842 0.7977458536624908
vt 0.9330564737319946 0.6969186663627625
vt 0.8846457004547119 0.6125509738922119
vt 0.8674179315567017 0.6304845809936523
vt 0.9081068634986877 0.7043916285037994
vt 0.9598346948623657 0.6890820860862732
vt 0.9016977548599243 0.5948163568973541
vt 0.8846457004547119 0.6125509738922119
vt 0.9330564737319946 0.6969186663627625
vt 0.9894044995307922 0.6805714964866638
vt 0.9233673810958862 0.5723850727081299
vt 0.9016977548599243 0.5948163568973541
vt 0.9598346948623657 0.6890820860862732
vt 0.408688485622406 0.5945715308189392
vt 0.45985496044158936 0.6937011480331421
vt 0.48940449953079224 0.6865951716899872
vt 0.4311527609825134 0.5724658668041229
vt 0.3888857662677765 0.6136450171470642
vt 0.43770888447761536 0.6990319490432739
vt 0.45985496044158936 0.6937011480331421
vt 0.408688485622406 0.5945715308189392
vt 0.37017908692359924 0.631340503692627
vt 0.41375574469566345 0.7047781646251678
vt 0.43770888447761536 0.6990319490432739
vt 0.3888857662677765 0.6136450171470642
vt 0.8888858556747437 0.8810194358229637
vt 0.937708854675293 0.7956325560808182
vt 0.9137556552886963 0.7898863554000854
vt 0.8701791167259216 0.8633239716291428
vt 0.9086885452270508 0.9000928848981857
vt 0.9598548412322998 0.8009633272886276
vt 0.937708854675293 0.7956325560808182
vt 0.8888858556747437 0.8810194358229637
vt 0.9311527609825134 0.9221985712647438
vt 0.9894044995307922 0.8080693036317825
vt 0.9598548412322998 0.8009633272886276
vt 0.9086885452270508 0.9000928848981857
vt 0.1999502182006836 0.5361731052398682
vt 0.31234294176101685 0.5332542061805725
vt 0.3200145363807678 0.5052599310874939
vt 0.19234301149845123 0.5057652294635773
vt 0.20714209973812103 0.5628050565719604
vt 0.3058437407016754 0.5573624074459076
vt 0.31234294176101685 0.5332542061805725
vt 0.1999502182006836 0.5361731052398682
vt 0.21412865817546844 0.5877977311611176
vt 0.2994036078453064 0.5809848308563232
vt 0.3058437407016754 0.5573624074459076
vt 0.20714209973812103 0.5628050565719604
vt 0.707142174243927 0.9318595752120018
vt 0.8058439493179321 0.9373020902276039
vt 0.799403727054596 0.9136796668171883
vt 0.7141287326812744 0.9068668335676193
vt 0.6999503374099731 0.9584914892911911
vt 0.8123431205749512 0.9614102765917778
vt 0.8058439493179321 0.9373020902276039
vt 0.707142174243927 0.9318595752120018
vt 0.6923431158065796 0.988899408839643
vt 0.8200147747993469 0.9894044948741794
vt 0.8123431205749512 0.9614102765917778
vt 0.6999503374099731 0.9584914892911911
vt 0.3010226786136627 0.9591652825474739
vt 0.18647342920303345 0.9529238939285278
vt 0.1778525710105896 0.9826937019824982
vt 0.3084648847579956 0.9894044948741794
vt 0.29397422075271606 0.9309376776218414
vt 0.1928359419107437 0.9301661774516106
vt 0.18647342920303345 0.9529238939285278
vt 0.3010226786136627 0.9591652825474739
vt 0.2875766158103943 0.9053843170404434
vt 0.19968001544475555 0.9063578322529793
vt 0.1928359419107437 0.9301661774516106
vt 0.29397422075271606 0.9309376776218414
vt 0.7939740419387817 0.5637267827987671
vt 0.6928356885910034 0.5644983947277069
vt 0.6996798515319824 0.5883067548274994
vt 0.78757643699646 0.5892801582813263
vt 0.801022469997406 0.5354992151260376
vt 0.6864731907844543 0.5417407155036926
vt 0.6928356885910034 0.5644983947277069
vt 0.7939740419387817 0.5637267827987671
vt 0.8084646463394165 0.5052599608898163
vt 0.6778523325920105 0.5119709074497223
vt 0.6864731907844543 0.5417407155036926
vt 0.801022469997406 0.5354992151260376
vt 0.2727849781513214 0.48406893014907837
vt 0.43698352575302124 0.48406893014907837
vt 0.43698352575302124 0.30742865800857544
vt 0.272784948348999 0.30742865800857544
vt 0.048995811492204666 0.26553094387054443
vt 0.21319420635700226 0.26553118228912354
vt 0.21319425106048584 0.23062926530838013
vt 0.048995863646268845 0.23062902688980103
vt 0.2166920006275177 0.44566941261291504
vt 0.2515939176082611 0.44566941261291504
vt 0.2515939474105835 0.2690292000770569
vt 0.21669195592403412 0.2690292000770569
vt 0.0521773025393486 0.4424869418144226
vt 0.21001176536083221 0.44248729944229126
vt 0.21001218259334564 0.2722111940383911
vt 0.05217772722244263 0.2722107172012329
vt 0.04899529740214348 0.4840686321258545
vt 0.21319358050823212 0.48406893014907837
vt 0.21319365501403809 0.4491669535636902
vt 0.04899536445736885 0.4491666555404663
vt 0.21001176536083221 0.44248729944229126
vt 0.0521773025393486 0.4424869418144226
vt 0.04899536445736885 0.4491666555404663
vt 0.21319365501403809 0.4491669535636902
vt 0.045497484505176544 0.26902854442596436
vt 0.04549753665924072 0.4456688165664673
vt 0.0521773025393486 0.4424869418144226
vt 0.05217772722244263 0.2722107172012329
vt 0.2166920006275177 0.44566941261291504
vt 0.21669195592403412 0.2690292000770569
vt 0.21001218259334564 0.2722111940383911
vt 0.21001176536083221 0.44248729944229126
vt 0.21319420635700226 0.26553118228912354
vt 0.048995811492204666 0.26553094387054443
vt 0.05217772722244263 0.2722107172012329
vt 0.21001218259334564 0.2722111940383911
vt 0.010595597326755524 0.44566887617111206
vt 0.04549753665924072 0.4456688165664673
vt 0.045497484505176544 0.26902854442596436
vt 0.010595505125820637 0.26902860403060913
vn 0.4943569880281666 -0.6265991572272567 -0.6024820864970266
vn 0.4943569880281666 -0.6265991572272567 -0.6024820864970266
vn 0.4943569880281666 -0.6265991572272567 -0.6024820864970266
vn 0.4943569880281666 -0.6265991572272567 -0.6024820864970266
vn 0.997564610072062 0.04990748159023008 0.0487246550844196
vn 0.997564610072062 0.04990748159023008 0.0487246550844196
vn 0.997564610072062 0.04990748159023008 0.0487246550844196
vn 0.997564610072062 0.04990748159023008 0.0487246550844196
vn 0.4351416943511463 0.6221803858848192 0.6508020230895344
vn 0.4351416943511463 0.6221803858848192 0.6508020230895344
vn 0.4351416943511463 0.6221803858848192 0.6508020230895344
vn 0.4351416943511463 0.6221803858848192 0.6508020230895344
vn -0.4351418306819987 0.6221802722533574 0.6508020405695244
vn -0.4351418306819987 0.6221802722533574 0.6508020405695244
vn -0.4351418306819987 0.6221802722533574 0.6508020405695244
vn -0.4351418306819987 0.6221802722533574 0.6508020405695244
vn -0.9975646098963443 0.049907380038916815 0.04872476269829613
vn -0.9975646098963443 0.049907380038916815 0.04872476269829613
vn -0.9975646098963443 0.049907380038916815 0.04872476269829613
vn -0.9975646098963443 0.049907380038916815 0.04872476269829613
vn -0.49435688239144376 -0.6265992405696016 -0.6024820864970266
vn -0.49435688239144376 -0.6265992405696016 -0.6024820864970266
vn -0.49435688239144376 -0.6265992405696016 -0.6024820864970266
vn -0.49435688239144376 -0.6265992405696016 -0.6024820864970266
vn 0.49093862139384875 0.21075314397261152 -0.8453179179040078
vn 0.49093862139384875 0.21075314397261152 -0.8453179179040078
vn 0.49093862139384875 0.21075314397261152 -0.8453179179040078
vn 0.49093862139384875 0.21075314397261152 -0.8453179179040078
vn 0.9976654132276757 -0.016974874522421142 0.06614814346751646
vn 0.9976654132276757 -0.016974874522421142 0.06614814346751646
vn 0.9976654132276757 -0.016974874522421142 0.06614814346751646
vn 0.9976654132276757 -0.016974874522421142 0.06614814346751646
vn 0.4326227871042812 -0.25875305747572513 0.8636459803212702
vn 0.4326227871042812 -0.25875305747572513 0.8636459803212702
vn 0.4326227871042812 -0.25875305747572513 0.8636459803212702
vn 0.4326227871042812 -0.25875305747572513 0.8636459803212702
vn -0.43262281477314735 -0.25875313155293816 0.8636459442672715
vn -0.43262281477314735 -0.25875313155293816 0.8636459442672715
vn -0.43262281477314735 -0.25875313155293816 0.8636459442672715
vn -0.43262281477314735 -0.25875313155293816 0.8636459442672715
vn -0.9976654104029532 -0.016975098596209787 0.06614812856881233
vn -0.9976654104029532 -0.016975098596209787 0.06614812856881233
vn -0.9976654104029532 -0.016975098596209787 0.06614812856881233
vn -0.9976654104029532 -0.016975098596209787 0.06614812856881233
vn -0.49093868628537096 0.21075302910741903 -0.8453179088546755
vn -0.49093868628537096 0.21075302910741903 -0.8453179088546755
vn -0.49093868628537096 0.21075302910741903 -0.8453179088546755
vn -0.49093868628537096 0.21075302910741903 -0.8453179088546755
vn 0.4947173372400235 0.8388446705864816 -0.2271439518516796
vn 0.4947173372400235 0.8388446705864816 -0.2271439518516796
vn 0.4947173372400235 0.8388446705864816 -0.2271439518516796
vn 0.4947173372400235 0.8388446705864816 -0.2271439518516796
vn 0.9976666590123425 -0.06601655990926908 0.017408369047554117
vn 0.9976666590123425 -0.06601655990926908 0.017408369047554117
vn 0.9976666590123425 -0.06601655990926908 0.017408369047554117
vn 0.9976666590123425 -0.06601655990926908 0.017408369047554117
vn 0.4364831921795651 -0.8768298319245825 0.20162308595953216
vn 0.4364831921795651 -0.8768298319245825 0.20162308595953216
vn 0.4364831921795651 -0.8768298319245825 0.20162308595953216
vn 0.4364831921795651 -0.8768298319245825 0.20162308595953216
vn -0.4364831167293704 -0.876829871553758 0.20162307695607426
vn -0.4364831167293704 -0.876829871553758 0.20162307695607426
vn -0.4364831167293704 -0.876829871553758 0.20162307695607426
vn -0.4364831167293704 -0.876829871553758 0.20162307695607426
vn -0.9976666308561357 -0.0660169838028138 0.017408375160988983
vn -0.9976666308561357 -0.0660169838028138 0.017408375160988983
vn -0.9976666308561357 -0.0660169838028138 0.017408375160988983
vn -0.9976666308561357 -0.0660169838028138 0.017408375160988983
vn -0.4947174072320948 0.8388446267427401 -0.22714396132494258
vn -0.4947174072320948 0.8388446267427401 -0.22714396132494258
vn -0.4947174072320948 0.8388446267427401 -0.22714396132494258
vn -0.4947174072320948 0.8388446267427401 -0.22714396132494258
vn 0.49454705541711647 0.6001285817943234 0.6287041397126264
vn 0.49454705541711647 0.6001285817943234 0.6287041397126264
vn 0.49454705541711647 0.6001285817943234 0.6287041397126264
vn 0.49454705541711647 0.6001285817943234 0.6287041397126264
vn 0.99756424953869 -0.047578790378487106 -0.051008104732779544
vn 0.99756424953869 -0.047578790378487106 -0.051008104732779544
vn 0.99756424953869 -0.047578790378487106 -0.051008104732779544
vn 0.99756424953869 -0.047578790378487106 -0.051008104732779544
vn 0.4340401237090671 -0.5893044953810688 -0.6814171869965431
vn 0.4340401237090671 -0.5893044953810688 -0.6814171869965431
vn 0.4340401237090671 -0.5893044953810688 -0.6814171869965431
vn 0.4340401237090671 -0.5893044953810688 -0.6814171869965431
vn -0.43404017579051046 -0.5893044526299965 -0.6814171907944525
vn -0.43404017579051046 -0.5893044526299965 -0.6814171907944525
vn -0.43404017579051046 -0.5893044526299965 -0.6814171907944525
vn -0.43404017579051046 -0.5893044526299965 -0.6814171907944525
vn -0.9975642317130778 -0.04757902886813024 -0.05100823089132171
vn -0.9975642317130778 -0.04757902886813024 -0.05100823089132171
vn -0.9975642317130778 -0.04757902886813024 -0.05100823089132171
vn -0.9975642317130778 -0.04757902886813024 -0.05100823089132171
vn -0.4945471565912201 0.6001284984199181 0.6287041397126264
vn -0.4945471565912201 0.6001284984199181 0.6287041397126264
vn -0.4945471565912201 0.6001284984199181 0.6287041397126264
vn -0.4945471565912201 0.6001284984199181 0.6287041397126264
vn 0.49094619901038733 -0.2111787009224224 0.8452073035379967
vn 0.49094619901038733 -0.2111787009224224 0.8452073035379967
vn 0.49094619901038733 -0.2111787009224224 0.8452073035379967
vn 0.49094619901038733 -0.2111787009224224 0.8452073035379967
vn 0.9976655049044316 0.01701135930249085 -0.06613738714575161
vn 0.9976655049044316 0.01701135930249085 -0.06613738714575161
vn 0.9976655049044316 0.01701135930249085 -0.06613738714575161
vn 0.9976655049044316 0.01701135930249085 -0.06613738714575161
vn 0.4326177896436042 0.2592753525503593 -0.8634918295176678
vn 0.4326177896436042 0.2592753525503593 -0.8634918295176678
vn 0.4326177896436042 0.2592753525503593 -0.8634918295176678
vn 0.4326177896436042 0.2592753525503593 -0.8634918295176678
vn -0.432617904069329 0.25927528627517804 -0.8634917920892967
vn -0.432617904069329 0.25927528627517804 -0.8634917920892967
vn -0.432617904069329 0.25927528627517804 -0.8634917920892967
vn -0.432617904069329 0.25927528627517804 -0.8634917920892967
vn -0.9976654998465582 0.017011252440814226 -0.06613749092846127
vn -0.9976654998465582 0.017011252440814226 -0.06613749092846127
vn -0.9976654998465582 0.017011252440814226 -0.06613749092846127
vn -0.9976654998465582 0.017011252440814226 -0.06613749092846127
vn -0.4909461634083145 -0.2111787836897572 0.8452073035379966
vn -0.4909461634083145 -0.2111787836897572 0.8452073035379966
vn -0.4909461634083145 -0.2111787836897572 0.8452073035379966
vn -0.4909461634083145 -0.2111787836897572 0.8452073035379966
vn 0.49449039795821326 -0.8347745250016553 0.24213785068714228
vn 0.49449039795821326 -0.8347745250016553 0.24213785068714228
vn 0.49449039795821326 -0.8347745250016553 0.24213785068714228
vn 0.49449039795821326 -0.8347745250016553 0.24213785068714228
vn 0.9976641646390204 0.06570559318387285 -0.018681263861982614
vn 0.9976641646390204 0.06570559318387285 -0.018681263861982614
vn 0.9976641646390204 0.06570559318387285 -0.018681263861982614
vn 0.9976641646390204 0.06570559318387285 -0.018681263861982614
vn 0.43663987837578705 0.8727799769854758 -0.2181759115603967
vn 0.43663987837578705 0.8727799769854758 -0.2181759115603967
vn 0.43663987837578705 0.8727799769854758 -0.2181759115603967
vn 0.43663987837578705 0.8727799769854758 -0.2181759115603967
vn -0.4366399772886668 0.8727799260820006 -0.21817591723572538
vn -0.4366399772886668 0.8727799260820006 -0.21817591723572538
vn -0.4366399772886668 0.8727799260820006 -0.21817591723572538
vn -0.4366399772886668 0.8727799260820006 -0.21817591723572538
vn -0.9976641765868135 0.0657054136715143 -0.018681257174253712
vn -0.9976641765868135 0.0657054136715143 -0.018681257174253712
vn -0.9976641765868135 0.0657054136715143 -0.018681257174253712
vn -0.9976641765868135 0.0657054136715143 -0.018681257174253712
vn -0.49449004684393594 -0.8347747245952228 0.242137879624919
vn -0.49449004684393594 -0.8347747245952228 0.242137879624919
vn -0.49449004684393594 -0.8347747245952228 0.242137879624919
vn -0.49449004684393594 -0.8347747245952228 0.242137879624919
vn -0.4944775339999642 0.5926018220062916 -0.6358577269516645
vn -0.4944775339999642 0.5926018220062916 -0.6358577269516645
vn -0.4944775339999642 0.5926018220062916 -0.6358577269516645
vn -0.4944775339999642 0.5926018220062916 -0.6358577269516645
vn -0.9975619991272068 -0.046866132772928656 0.05170709328748529
vn -0.9975619991272068 -0.046866132772928656 0.05170709328748529
vn -0.9975619991272068 -0.046866132772928656 0.05170709328748529
vn -0.9975619991272068 -0.046866132772928656 0.05170709328748529
vn -0.43336153330560107 -0.5759576221283321 0.6931598653725531
vn -0.43336153330560107 -0.5759576221283321 0.6931598653725531
vn -0.43336153330560107 -0.5759576221283321 0.6931598653725531
vn -0.43336153330560107 -0.5759576221283321 0.6931598653725531
vn 0.43336163973297337 -0.5759575814626005 0.693159832624266
vn 0.43336163973297337 -0.5759575814626005 0.693159832624266
vn 0.43336163973297337 -0.5759575814626005 0.693159832624266
vn 0.43336163973297337 -0.5759575814626005 0.693159832624266
vn 0.9975620154053086 -0.04686590911075915 0.05170698196298723
vn 0.9975620154053086 -0.04686590911075915 0.05170698196298723
vn 0.9975620154053086 -0.04686590911075915 0.05170698196298723
vn 0.9975620154053086 -0.04686590911075915 0.05170698196298723
vn 0.4944774340947633 0.5926019053689596 -0.6358577269516646
vn 0.4944774340947633 0.5926019053689596 -0.6358577269516646
vn 0.4944774340947633 0.5926019053689596 -0.6358577269516646
vn 0.4944774340947633 0.5926019053689596 -0.6358577269516646
vn -0.4909384959628991 -0.210753273304744 -0.8453179585061602
vn -0.4909384959628991 -0.210753273304744 -0.8453179585061602
vn -0.4909384959628991 -0.210753273304744 -0.8453179585061602
vn -0.4909384959628991 -0.210753273304744 -0.8453179585061602
vn -0.9976654136617844 0.01697493599709392 0.06614812114455819
vn -0.9976654136617844 0.01697493599709392 0.06614812114455819
vn -0.9976654136617844 0.01697493599709392 0.06614812114455819
vn -0.9976654136617844 0.01697493599709392 0.06614812114455819
vn -0.4326228929277415 0.2587531686788908 0.8636458939944458
vn -0.4326228929277415 0.2587531686788908 0.8636458939944458
vn -0.4326228929277415 0.2587531686788908 0.8636458939944458
vn -0.4326228929277415 0.2587531686788908 0.8636458939944458
vn 0.43262280281051313 0.25875323162987734 0.8636459202760534
vn 0.43262280281051313 0.25875323162987734 0.8636459202760534
vn 0.43262280281051313 0.25875323162987734 0.8636459202760534
vn 0.43262280281051313 0.25875323162987734 0.8636459202760534
vn 0.9976654107629691 0.016975048310918946 0.06614813604326235
vn 0.9976654107629691 0.016975048310918946 0.06614813604326235
vn 0.9976654107629691 0.016975048310918946 0.06614813604326235
vn 0.9976654107629691 0.016975048310918946 0.06614813604326235
vn 0.49093850579033693 -0.2107532221008522 -0.8453179655647098
vn 0.49093850579033693 -0.2107532221008522 -0.8453179655647098
vn 0.49093850579033693 -0.2107532221008522 -0.8453179655647098
vn 0.49093850579033693 -0.2107532221008522 -0.8453179655647098
vn -0.4944527181071682 -0.6211610802258514 0.6080093929941269
vn -0.4944527181071682 -0.6211610802258514 0.6080093929941269
vn -0.4944527181071682 -0.6211610802258514 0.6080093929941269
vn -0.4944527181071682 -0.6211610802258514 0.6080093929941269
vn -0.9975654339549077 0.04941470320963087 -0.049207642547277955
vn -0.9975654339549077 0.04941470320963087 -0.049207642547277955
vn -0.9975654339549077 0.04941470320963087 -0.049207642547277955
vn -0.9975654339549077 0.04941470320963087 -0.049207642547277955
vn -0.4349711505055195 0.6149058810312806 -0.657792410796179
vn -0.4349711505055195 0.6149058810312806 -0.657792410796179
vn -0.4349711505055195 0.6149058810312806 -0.657792410796179
vn -0.4349711505055195 0.6149058810312806 -0.657792410796179
vn 0.4349710798364937 0.6149059414032628 -0.6577924010908318
vn 0.4349710798364937 0.6149059414032628 -0.6577924010908318
vn 0.4349710798364937 0.6149059414032628 -0.6577924010908318
vn 0.4349710798364937 0.6149059414032628 -0.6577924010908318
vn 0.9975654162825972 0.04941494542964116 -0.0492077575704674
vn 0.9975654162825972 0.04941494542964116 -0.0492077575704674
vn 0.9975654162825972 0.04941494542964116 -0.0492077575704674
vn 0.9975654162825972 0.04941494542964116 -0.0492077575704674
vn 0.4944529533268564 -0.6211609736116714 0.6080093106262024
vn 0.4944529533268564 -0.6211609736116714 0.6080093106262024
vn 0.4944529533268564 -0.6211609736116714 0.6080093106262024
vn 0.4944529533268564 -0.6211609736116714 0.6080093106262024
vn -0.4909464290080432 0.2111785292238088 0.8452072128413949
vn -0.4909464290080432 0.2111785292238088 0.8452072128413949
vn -0.4909464290080432 0.2111785292238088 0.8452072128413949
vn -0.4909464290080432 0.2111785292238088 0.8452072128413949
vn -0.9976654971051103 -0.017011413186211334 -0.06613749093684382
vn -0.9976654971051103 -0.017011413186211334 -0.06613749093684382
vn -0.9976654971051103 -0.017011413186211334 -0.06613749093684382
vn -0.9976654971051103 -0.017011413186211334 -0.06613749093684382
vn -0.43261780301497377 -0.25927524135475444 -0.8634918562064909
vn -0.43261780301497377 -0.25927524135475444 -0.8634918562064909
vn -0.43261780301497377 -0.25927524135475444 -0.8634918562064909
vn -0.43261780301497377 -0.25927524135475444 -0.8634918562064909
vn 0.43261777601032514 -0.25927516176211995 -0.8634918936348542
vn 0.43261777601032514 -0.25927516176211995 -0.8634918936348542
vn 0.43261777601032514 -0.25927516176211995 -0.8634918936348542
vn 0.43261777601032514 -0.25927516176211995 -0.8634918936348542
vn 0.9976655083903769 -0.017011183668626164 -0.06613737973614363
vn 0.9976655083903769 -0.017011183668626164 -0.06613737973614363
vn 0.9976655083903769 -0.017011183668626164 -0.06613737973614363
vn 0.9976655083903769 -0.017011183668626164 -0.06613737973614363
vn 0.4909463934059994 0.2111786119911824 0.8452072128413951
vn 0.4909463934059994 0.2111786119911824 0.8452072128413951
vn 0.4909463934059994 0.2111786119911824 0.8452072128413951
vn 0.4909463934059994 0.2111786119911824 0.8452072128413951
vn -0.4948260665077289 0.8455998586755684 0.20026992513192707
vn -0.4948260665077289 0.8455998586755684 0.20026992513192707
vn -0.4948260665077289 0.8455998586755684 0.20026992513192707
vn -0.4948260665077289 0.8455998586755684 0.20026992513192707
vn -0.9976667121357139 -0.06659221871064731 -0.015053501370372776
vn -0.9976667121357139 -0.06659221871064731 -0.015053501370372776
vn -0.9976667121357139 -0.06659221871064731 -0.015053501370372776
vn -0.9976667121357139 -0.06659221871064731 -0.015053501370372776
vn -0.43568944787786273 -0.8848624853462475 -0.1649032656885402
vn -0.43568944787786273 -0.8848624853462475 -0.1649032656885402
vn -0.43568944787786273 -0.8848624853462475 -0.1649032656885402
vn -0.43568944787786273 -0.8848624853462475 -0.1649032656885402
vn 0.4356893755617455 -0.8848625058745316 -0.16490334660054928
vn 0.4356893755617455 -0.8848625058745316 -0.16490334660054928
vn 0.4356893755617455 -0.8848625058745316 -0.16490334660054928
vn 0.4356893755617455 -0.8848625058745316 -0.16490334660054928
vn 0.9976667406217586 -0.06659179039197125 -0.01505350821398431
vn 0.9976667406217586 -0.06659179039197125 -0.01505350821398431
vn 0.9976667406217586 -0.06659179039197125 -0.01505350821398431
vn 0.9976667406217586 -0.06659179039197125 -0.01505350821398431
vn 0.49482599146567313 0.8455999046869018 0.2002699162718067
vn 0.49482599146567313 0.8455999046869018 0.2002699162718067
vn 0.49482599146567313 0.8455999046869018 0.2002699162718067
vn 0.49482599146567313 0.8455999046869018 0.2002699162718067
vn -0.4944153857017761 -0.8337327147792266 -0.2458519609200312
vn -0.4944153857017761 -0.8337327147792266 -0.2458519609200312
vn -0.4944153857017761 -0.8337327147792266 -0.2458519609200312
vn -0.4944153857017761 -0.8337327147792266 -0.2458519609200312
vn -0.9976632681088414 0.0656276400375333 0.019000429718561543
vn -0.9976632681088414 0.0656276400375333 0.019000429718561543
vn -0.9976632681088414 0.0656276400375333 0.019000429718561543
vn -0.9976632681088414 0.0656276400375333 0.019000429718561543
vn -0.4366597652905871 0.8716946435274758 0.22243358069742108
vn -0.4366597652905871 0.8716946435274758 0.22243358069742108
vn -0.4366597652905871 0.8716946435274758 0.22243358069742108
vn -0.4366597652905871 0.8716946435274758 0.22243358069742108
vn 0.4366595671994974 0.8716947340518397 0.22243361481448745
vn 0.4366595671994974 0.8716947340518397 0.22243361481448745
vn 0.4366595671994974 0.8716947340518397 0.22243361481448745
vn 0.4366595671994974 0.8716947340518397 0.22243361481448745
vn 0.9976632737720081 0.06562755601156998 0.01900042258654828
vn 0.9976632737720081 0.06562755601156998 0.01900042258654828
vn 0.9976632737720081 0.06562755601156998 0.01900042258654828
vn 0.9976632737720081 0.06562755601156998 0.01900042258654828
vn 0.4944156015376881 -0.8337325889052087 -0.24585195373139535
vn 0.4944156015376881 -0.8337325889052087 -0.24585195373139535
vn 0.4944156015376881 -0.8337325889052087 -0.24585195373139535
vn 0.4944156015376881 -0.8337325889052087 -0.24585195373139535
vn -0.9999999999999915 1.3177607027791865e-7 0
vn -0.9999999999999915 1.3177607027791865e-7 0
vn -0.9999999999999915 1.3177607027791865e-7 0
vn -0.9999999999999915 1.3177607027791865e-7 0
vn 0 0 1
vn 0 0 1
vn 0 0 1
vn 0 0 1
vn -8.429369446893986e-8 0.9999999999999964 0
vn -8.429369446893986e-8 0.9999999999999964 0
vn -8.429369446893986e-8 0.9999999999999964 0
vn -8.429369446893986e-8 0.9999999999999964 0
vn 1 9.366494024831938e-9 0
vn 1 9.366494024831938e-9 0
vn 1 9.366494024831938e-9 0
vn 1 9.366494024831938e-9 0
vn 0 0 -1
vn 0 0 -1
vn 0 0 -1
vn 0 0 -1
vn 0.4763538200245911 5.533653162800459e-9 -0.879253682476212
vn 0.4763538200245911 5.533653162800459e-9 -0.879253682476212
vn 0.4763538200245911 5.533653162800459e-9 -0.879253682476212
vn 0.4763538200245911 5.533653162800459e-9 -0.879253682476212
vn 0.47635387110034283 -0.8792536548048678 0
vn 0.47635387110034283 -0.8792536548048678 0
vn 0.47635387110034283 -0.8792536548048678 0
vn 0.47635387110034283 -0.8792536548048678 0
vn 0.4763523615389236 0.8792544726393438 0
vn 0.4763523615389236 0.8792544726393438 0
vn 0.4763523615389236 0.8792544726393438 0
vn 0.4763523615389236 0.8792544726393438 0
vn 0.4763538200245911 5.533653162800459e-9 0.879253682476212
vn 0.4763538200245911 5.533653162800459e-9 0.879253682476212
vn 0.4763538200245911 5.533653162800459e-9 0.879253682476212
vn 0.4763538200245911 5.533653162800459e-9 0.879253682476212
vn -2.5454438312698196e-7 -0.9999999999999676 0
vn -2.5454438312698196e-7 -0.9999999999999676 0
vn -2.5454438312698196e-7 -0.9999999999999676 0
vn -2.5454438312698196e-7 -0.9999999999999676 0
f 1/1/1 2/2/2 3/3/3
f 1/1/1 3/3/3 4/4/4
f 5/5/5 6/6/6 7/7/7
f 5/5/5 7/7/7 8/8/8
f 9/9/9 10/10/10 11/11/11
f 9/9/9 11/11/11 12/12/12
f 13/13/13 14/14/14 15/15/15
f 13/13/13 15/15/15 16/16/16
f 17/17/17 18/18/18 19/19/19
f 17/17/17 19/19/19 20/20/20
f 21/21/21 22/22/22 23/23/23
f 21/21/21 23/23/23 24/24/24
f 25/25/25 26/26/26 27/27/27
f 25/25/25 27/27/27 28/28/28
f 29/29/29 30/30/30 31/31/31
f 29/29/29 31/31/31 32/32/32
f 33/33/33 34/34/34 35/35/35
f 33/33/33 35/35/35 36/36/36
f 37/37/37 38/38/38 39/39/39
f 37/37/37 39/39/39 40/40/40
f 41/41/41 42/42/42 43/43/43
f 41/41/41 43/43/43 44/44/44
f 45/45/45 46/46/46 47/47/47
f 45/45/45 47/47/47 48/48/48
f 49/49/49 50/50/50 51/51/51
f 49/49/49 51/51/51 52/52/52
f 53/53/53 54/54/54 55/55/55
f 53/53/53 55/55/55 56/56/56
f 57/57/57 58/58/58 59/59/59
f 57/57/57 59/59/59 60/60/60
f 61/61/61 62/62/62 63/63/63
f 61/61/61 63/63/63 64/64/64
f 65/65/65 66/66/66 67/67/67
f 65/65/65 67/67/67 68/68/68
f 69/69/69 70/70/70 71/71/71
f 69/69/69 71/71/71 72/72/72
f 73/73/73 74/74/74 75/75/75
f 73/73/73 75/75/75 76/76/76
f 77/77/77 78/78/78 79/79/79
f 77/77/77 79/79/79 80/80/80
f 81/81/81 82/82/82 83/83/83
f 81/81/81 83/83/83 84/84/84
f 85/85/85 86/86/86 87/87/87
f 85/85/85 87/87/87 88/88/88
f 89/89/89 90/90/90 91/91/91
f 89/89/89 91/91/91 92/92/92
f 93/93/93 94/94/94 95/95/95
f 93/93/93 95/95/95 96/96/96
f 97/97/97 98/98/98 99/99/99
f 97/97/97 99/99/99 100/100/100
f 101/101/101 102/102/102 103/103/103
f 101/101/101 103/103/103 104/104/104
f 105/105/105 106/106/106 107/107/107
f 105/105/105 107/107/107 108/108/108
f 109/109/109 110/110/110 111/111/111
f 109/109/109 111/111/111 112/112/112
f 113/113/113 114/114/114 115/115/115
f 113/113/113 115/115/115 116/116/116
f 117/117/117 118/118/118 119/119/119
f 117/117/117 119/119/119 120/120/120
f 121/121/121 122/122/122 123/123/123
f 121/121/121 123/123/123 124/124/124
f 125/125/125 126/126/126 127/127/127
f 125/125/125 127/127/127 128/128/128
f 129/129/129 130/130/130 131/131/131
f 129/129/129 131/131/131 132/132/132
f 133/133/133 134/134/134 135/135/135
f 133/133/133 135/135/135 136/136/136
f 137/137/137 138/138/138 139/139/139
f 137/137/137 139/139/139 140/140/140
f 141/141/141 142/142/142 143/143/143
f 141/141/141 143/143/143 144/144/144
f 145/145/145 146/146/146 147/147/147
f 145/145/145 147/147/147 148/148/148
f 149/149/149 150/150/150 151/151/151
f 149/149/149 151/151/151 152/152/152
f 153/153/153 154/154/154 155/155/155
f 153/153/153 155/155/155 156/156/156
f 157/157/157 158/158/158 159/159/159
f 157/157/157 159/159/159 160/160/160
f 161/161/161 162/162/162 163/163/163
f 161/161/161 163/163/163 164/164/164
f 165/165/165 166/166/166 167/167/167
f 165/165/165 167/167/167 168/168/168
f 169/169/169 170/170/170 171/171/171
f 169/169/169 171/171/171 172/172/172
f 173/173/173 174/174/174 175/175/175
f 173/173/173 175/175/175 176/176/176
f 177/177/177 178/178/178 179/179/179
f 177/177/177 179/179/179 180/180/180
f 181/181/181 182/182/182 183/183/183
f 181/181/181 183/183/183 184/184/184
f 185/185/185 186/186/186 187/187/187
f 185/185/185 187/187/187 188/188/188
f 189/189/189 190/190/190 191/191/191
f 189/189/189 191/191/191 192/192/192
f 193/193/193 194/194/194 195/195/195
f 193/193/193 195/195/195 196/196/196
f 197/197/197 198/198/198 199/199/199
f 197/197/197 199/199/199 200/200/200
f 201/201/201 202/202/202 203/203/203
f 201/201/201 203/203/203 204/204/204
f 205/205/205 206/206/206 207/207/207
f 205/205/205 207/207/207 208/208/208
f 209/209/209 210/210/210 211/211/211
f 209/209/209 211/211/211 212/212/212
f 213/213/213 214/214/214 215/215/215
f 213/213/213 215/215/215 216/216/216
f 217/217/217 218/218/218 219/219/219
f 217/217/217 219/219/219 220/220/220
f 221/221/221 222/222/222 223/223/223
f 221/221/221 223/223/223 224/224/224
f 225/225/225 226/226/226 227/227/227
f 225/225/225 227/227/227 228/228/228
f 229/229/229 230/230/230 231/231/231
f 229/229/229 231/231/231 232/232/232
f 233/233/233 234/234/234 235/235/235
f 233/233/233 235/235/235 236/236/236
f 237/237/237 238/238/238 239/239/239
f 237/237/237 239/239/239 240/240/240
f 241/241/241 242/242/242 243/243/243
f 241/241/241 243/243/243 244/244/244
f 245/245/245 246/246/246 247/247/247
f 245/245/245 247/247/247 248/248/248
f 249/249/249 250/250/250 251/251/251
f 249/249/249 251/251/251 252/252/252
f 253/253/253 254/254/254 255/255/255
f 253/253/253 255/255/255 256/256/256
f 257/257/257 258/258/258 259/259/259
f 257/257/257 259/259/259 260/260/260
f 261/261/261 262/262/262 263/263/263
f 261/261/261 263/263/263 264/264/264
f 265/265/265 266/266/266 267/267/267
f 265/265/265 267/267/267 268/268/268
f 269/269/269 270/270/270 271/271/271
f 269/269/269 271/271/271 272/272/272
f 273/273/273 274/274/274 275/275/275
f 273/273/273 275/275/275 276/276/276
f 277/277/277 278/278/278 279/279/279
f 277/277/277 279/279/279 280/280/280
f 281/281/281 282/282/282 283/283/283
f 281/281/281 283/283/283 284/284/284
f 285/285/285 286/286/286 287/287/287
f 285/285/285 287/287/287 288/288/288
f 289/289/289 290/290/290 291/291/291
f 289/289/289 291/291/291 292/292/292
f 293/293/293 294/294/294 295/295/295
f 293/293/293 295/295/295 296/296/296
f 297/297/297 298/298/298 299/299/299
f 297/297/297 299/299/299 300/300/300
f 301/301/301 302/302/302 303/303/303
f 301/301/301 303/303/303 304/304/304
f 305/305/305 306/306/306 307/307/307
f 305/305/305 307/307/307 308/308/308
f 309/309/309 310/310/310 311/311/311
f 309/309/309 311/311/311 312/312/312
f 313/313/313 314/314/314 315/315/315
f 313/313/313 315/315/315 316/316/316
f 317/317/317 318/318/318 319/319/319
f 317/317/317 319/319/319 320/320/320
f 321/321/321 322/322/322 323/323/323
f 321/321/321 323/323/323 324/324/324
f 325/325/325 326/326/326 327/327/327
f 325/325/325 327/327/327 328/328/328
o Object_6
usemtl Material
v 0.1444096714258194 -0.10292865335941315 -0.9835381507873535
v 0.17265506088733673 -0.10292865335941315 -0.9457080960273743
v 0.17265506088733673 -0.10292865335941315 -0.9835381507873535
v 0.13585418462753296 -0.7188608646392822 -0.9835381507873535
v 0.17265506088733673 -0.7188608646392822 -1.0213682651519775
v 0.17265506088733673 -0.7188608646392822 -0.9835381507873535
v 0.13585418462753296 -0.7188608646392822 -0.3085451126098633
v 0.17265506088733673 -0.7188608646392822 -0.34637516736984253
v 0.17265506088733673 -0.7188608646392822 -0.3085451126098633
v 0.1444096714258194 -0.10292865335941315 0.36644792556762695
v 0.17265506088733673 -0.10292865335941315 0.4042779803276062
v 0.17265506088733673 -0.10292865335941315 0.36644792556762695
v 0.13585418462753296 -0.7188608646392822 0.36644792556762695
v 0.17265506088733673 -0.7188608646392822 0.3286178708076477
v 0.17265506088733673 -0.7188608646392822 0.36644792556762695
v 0.1444096714258194 -0.10292865335941315 1.0414409637451172
v 0.17265506088733673 -0.10292865335941315 1.0792710781097412
v 0.17265506088733673 -0.10292865335941315 1.0414409637451172
v 0.13585418462753296 -0.7188608646392822 1.0414409637451172
v 0.17265506088733673 -0.7188608646392822 1.0036108493804932
v 0.17265506088733673 -0.7188608646392822 1.0414409637451172
v 0.13766413927078247 -0.10292865335941315 -0.3085451126098633
v 0.17265506088733673 -0.10292865335941315 -0.27071505784988403
v 0.17265506088733673 -0.10292865335941315 -0.31026649475097656
v 0.26763612031936646 -0.6785271167755127 0.21431320905685425
v 0.2826061546802521 -0.6381933093070984 0.1776716560125351
v 0.2826061546802521 -0.688920795917511 0.2597961723804474
v 0.26767832040786743 -0.1375821828842163 0.01795877143740654
v 0.2681728005409241 -0.11843537539243698 0.00025000330060720444
v 0.2826061546802521 -0.1328687220811844 0.047651998698711395
v 0.2826061546802521 -0.1328687220811844 -0.3306792080402374
v 0.25266608595848083 -0.10292865335941315 -0.3149203062057495
v 0.25564640760421753 -0.14105093479156494 -0.2788505554199219
v 0.2826061546802521 -0.1328687220811844 -0.22762809693813324
v 0.2826061546802521 -0.1328687220811844 -0.019521944224834442
v 0.2826061546802521 -0.4108947515487671 0.012070408090949059
v 0.2826061546802521 -0.4859001040458679 0.04743180051445961
v 0.27674615383148193 -0.41094326972961426 -0.023489326238632202
v 0.2826061546802521 -0.688920795917511 0.1940639317035675
v 0.2826061546802521 -0.4108947515487671 -0.08480454981327057
v 0.25266608595848083 -0.7188608646392822 0.5555799007415771
v 0.253629207611084 -0.6815679669380188 0.5210878849029541
v 0.2826061546802521 -0.688920795917511 0.5433919429779053
v 0.2826061546802521 -0.688920795917511 0.49521997570991516
v 0.17265506088733673 -0.10292865335941315 -0.34637516736984253
v 0.13766413927078247 -0.10292865335941315 -0.3085451126098633
v 0.17265506088733673 -0.10292865335941315 -0.31026649475097656
v 0.17265506088733673 -0.10292865335941315 -1.0213682651519775
v 0.1444096714258194 -0.10292865335941315 -0.9835381507873535
v 0.17265506088733673 -0.10292865335941315 -0.9835381507873535
v 0.17265506088733673 -0.10292865335941315 0.3286178708076477
v 0.1444096714258194 -0.10292865335941315 0.36644792556762695
v 0.17265506088733673 -0.10292865335941315 0.36644792556762695
v 0.17265506088733673 -0.10292865335941315 1.0036108493804932
v 0.1444096714258194 -0.10292865335941315 1.0414409637451172
v 0.17265506088733673 -0.10292865335941315 1.0414409637451172
v 0.17265506088733673 -0.7188608646392822 1.0792710781097412
v 0.13585418462753296 -0.7188608646392822 1.0414409637451172
v 0.17265506088733673 -0.7188608646392822 1.0414409637451172
v 0.17265506088733673 -0.7188608646392822 0.4042779803276062
v 0.13585418462753296 -0.7188608646392822 0.36644792556762695
v 0.17265506088733673 -0.7188608646392822 0.36644792556762695
v 0.17265506088733673 -0.7188608646392822 -0.27071505784988403
v 0.13585418462753296 -0.7188608646392822 -0.3085451126098633
v 0.17265506088733673 -0.7188608646392822 -0.3085451126098633
v 0.17265506088733673 -0.7188608646392822 -0.9457080960273743
v 0.13585418462753296 -0.7188608646392822 -0.9835381507873535
v 0.17265506088733673 -0.7188608646392822 -0.9835381507873535
v -0.1444096714258194 -0.10292865335941315 -0.9835381507873535
v -0.17265506088733673 -0.10292865335941315 -0.9835381507873535
v -0.17265506088733673 -0.10292865335941315 -0.9457080960273743
v -0.13585418462753296 -0.7188608646392822 -0.9835381507873535
v -0.17265506088733673 -0.7188608646392822 -0.9835381507873535
v -0.17265506088733673 -0.7188608646392822 -1.0213682651519775
v -0.13585418462753296 -0.7188608646392822 -0.3085451126098633
v -0.17265506088733673 -0.7188608646392822 -0.3085451126098633
v -0.17265506088733673 -0.7188608646392822 -0.34637516736984253
v -0.1444096714258194 -0.10292865335941315 0.36644792556762695
v -0.17265506088733673 -0.10292865335941315 0.36644792556762695
v -0.17265506088733673 -0.10292865335941315 0.4042779803276062
v -0.13585418462753296 -0.7188608646392822 0.36644792556762695
v -0.17265506088733673 -0.7188608646392822 0.36644792556762695
v -0.17265506088733673 -0.7188608646392822 0.3286178708076477
v -0.1444096714258194 -0.10292865335941315 1.0414409637451172
v -0.17265506088733673 -0.10292865335941315 1.0414409637451172
v -0.17265506088733673 -0.10292865335941315 1.0792710781097412
v -0.13585418462753296 -0.7188608646392822 1.0414409637451172
v -0.17265506088733673 -0.7188608646392822 1.0414409637451172
v -0.17265506088733673 -0.7188608646392822 1.0036108493804932
v -0.13766413927078247 -0.10292865335941315 -0.3085451126098633
v -0.17265506088733673 -0.10292865335941315 -0.31026649475097656
v -0.17265506088733673 -0.10292865335941315 -0.27071505784988403
v -0.26763612031936646 -0.6785271167755127 0.21431320905685425
v -0.2826061546802521 -0.688920795917511 0.2597961723804474
v -0.2826061546802521 -0.6381933093070984 0.1776716560125351
v -0.26767832040786743 -0.1375821828842163 0.01795877143740654
v -0.2826061546802521 -0.1328687220811844 0.047651998698711395
v -0.2681728005409241 -0.11843537539243698 0.00025000330060720444
v -0.2826061546802521 -0.1328687220811844 -0.3306792080402374
v -0.25564640760421753 -0.14105093479156494 -0.2788505554199219
v -0.25266608595848083 -0.10292865335941315 -0.3149203062057495
v -0.2826061546802521 -0.1328687220811844 -0.22762809693813324
v -0.2826061546802521 -0.1328687220811844 -0.019521944224834442
v -0.2826061546802521 -0.4108947515487671 0.012070408090949059
v -0.27674615383148193 -0.41094326972961426 -0.023489326238632202
v -0.2826061546802521 -0.4859001040458679 0.04743180051445961
v -0.2826061546802521 -0.688920795917511 0.1940639317035675
v -0.2826061546802521 -0.4108947515487671 -0.08480454981327057
v -0.25266608595848083 -0.7188608646392822 0.5555799007415771
v -0.2826061546802521 -0.688920795917511 0.5433919429779053
v -0.253629207611084 -0.6815679669380188 0.5210878849029541
v -0.2826061546802521 -0.688920795917511 0.49521997570991516
v -0.17265506088733673 -0.10292865335941315 -0.34637516736984253
v -0.17265506088733673 -0.10292865335941315 -0.31026649475097656
v -0.13766413927078247 -0.10292865335941315 -0.3085451126098633
v -0.17265506088733673 -0.10292865335941315 -1.0213682651519775
v -0.17265506088733673 -0.10292865335941315 -0.9835381507873535
v -0.1444096714258194 -0.10292865335941315 -0.9835381507873535
v -0.17265506088733673 -0.10292865335941315 0.3286178708076477
v -0.17265506088733673 -0.10292865335941315 0.36644792556762695
v -0.1444096714258194 -0.10292865335941315 0.36644792556762695
v -0.17265506088733673 -0.10292865335941315 1.0036108493804932
v -0.17265506088733673 -0.10292865335941315 1.0414409637451172
v -0.1444096714258194 -0.10292865335941315 1.0414409637451172
v -0.17265506088733673 -0.7188608646392822 1.0792710781097412
v -0.17265506088733673 -0.7188608646392822 1.0414409637451172
v -0.13585418462753296 -0.7188608646392822 1.0414409637451172
v -0.17265506088733673 -0.7188608646392822 0.4042779803276062
v -0.17265506088733673 -0.7188608646392822 0.36644792556762695
v -0.13585418462753296 -0.7188608646392822 0.36644792556762695
v -0.17265506088733673 -0.7188608646392822 -0.27071505784988403
v -0.17265506088733673 -0.7188608646392822 -0.3085451126098633
v -0.13585418462753296 -0.7188608646392822 -0.3085451126098633
v -0.17265506088733673 -0.7188608646392822 -0.9457080960273743
v -0.17265506088733673 -0.7188608646392822 -0.9835381507873535
v -0.13585418462753296 -0.7188608646392822 -0.9835381507873535
v 0.17265506088733673 -2.9491539001464844 -1.6585311889648438
v 0.17265506088733673 -0.7188608646392822 -1.6585311889648438
v 0.17265506088733673 -2.9491539001464844 -1.0213682651519775
v 0.17265506088733673 -0.10292865335941315 -1.6585311889648438
v 0.17265506088733673 2.4070982933044434 -1.6585311889648438
v 0.17265506088733673 3.232585906982422 -1.0213682651519775
v 0.17265506088733673 3.3236801624298096 -0.34902164340019226
v 0.10660252720117569 3.270028829574585 -0.3085952401161194
v 0.16120418906211853 3.098104476928711 -0.3085538148880005
v 0.17265506088733673 3.2531254291534424 -0.3480047583580017
v 0 -0.4108947515487671 -1.6585311889648438
v 0 -0.10292865335941315 -1.6585311889648438
v 0.17265506088733673 -0.10292865335941315 -1.6585311889648438
v 0.17265506088733673 -0.4108947515487671 -1.6585311889648438
v 0.17265506088733673 -0.4108947515487671 1.7164340019226074
v 0.17265506088733673 -0.10292865335941315 1.7164340019226074
v 0 -0.10292859375476837 1.7164340019226074
v 0 -0.4108946919441223 1.7164340019226074
v 0.17265506088733673 3.2043886184692383 -0.2593449354171753
v 0.17265506088733673 3.332327127456665 -0.25326961278915405
v 0.17265506088733673 -2.9491539001464844 -0.27071505784988403
v 0.17265506088733673 -2.9491539001464844 0.3286178708076477
v 0.17265506088733673 -2.9491539001464844 -0.9457080960273743
v 0.17265506088733673 -2.9491539001464844 -0.34637516736984253
v 0.16120418906211853 3.098104476928711 -0.3085538148880005
v 0.17265506088733673 3.2043886184692383 -0.2593449354171753
v 0.17265506088733673 3.2531254291534424 -0.3480047583580017
v 0.16120418906211853 3.098104476928711 -0.3085538148880005
v 0.17265506088733673 3.6566879749298096 0.4042779803276062
v 0.17265506088733673 3.31697940826416 1.0036108493804932
v 0.17265506088733673 -2.9491539001464844 0.4042779803276062
v 0.17265506088733673 -2.9491539001464844 1.0036108493804932
v 0.17265506088733673 -0.7188608646392822 1.7164340019226074
v 0 -0.7188608050346375 1.7164340019226074
v 0 -0.7188608646392822 -1.6585311889648438
v 0.17265506088733673 -0.7188608646392822 -1.6585311889648438
v 0.2826061546802521 -0.1328687220811844 -0.3306792080402374
v 0.2826061546802521 -0.4108947515487671 -0.08480454981327057
v 0.2826061546802521 -0.4108947515487671 -1.740110993385315
v 0.2826061546802521 -0.1328687220811844 -1.740110993385315
v 0.2826061546802521 -0.688920795917511 1.7879681587219238
v 0.2826061546802521 -0.688920795917511 0.5433919429779053
v 0.2826061546802521 -0.4108947515487671 0.3441178500652313
v 0.2826061546802521 -0.4108947515487671 1.7879681587219238
v 0.2826061546802521 -0.688920795917511 0.49521997570991516
v 0.25266608595848083 -0.7188608646392822 0.5555799007415771
v 0.25266608595848083 -0.7188608646392822 0.28382089734077454
v 0.2826061546802521 -0.688920795917511 0.2597961723804474
v 0.2826061546802521 -0.1328687220811844 -0.019521944224834442
v 0.2826061546802521 -0.4108947515487671 0.2196217179298401
v 0.2826061546802521 -0.4108947515487671 0.012070408090949059
v 0.2826061546802521 -0.1328687220811844 -0.22762809693813324
v 0.2826061546802521 -0.1328687220811844 0.047651998698711395
v 0.2826061546802521 -0.1328687220811844 1.7879681587219238
v 0.14458931982517242 3.7048566341400146 0.3762122392654419
v 0.14458931982517242 3.333332061767578 1.0316766500473022
v 0.17265506088733673 2.4073657989501953 1.7164340019226074
v 0.17265506088733673 3.232853412628174 1.0792710781097412
v 0.14458931982517242 3.3151473999023438 1.0512052774429321
v 0.14458931982517242 2.453298568725586 1.7164340019226074
v 0.17265506088733673 -0.10292865335941315 1.7164340019226074
v 0.14442579448223114 2.453298568725586 -1.6585311889648438
v 0.14442579448223114 3.315359115600586 -0.9931389689445496
v 0.1336660087108612 -2.988142967224121 1.7164340019226074
v 0.13482500612735748 -2.988142967224121 1.0414409637451172
v 0.17265506088733673 -2.9491539001464844 1.0792710781097412
v 0.17265506088733673 -2.9491539001464844 1.7164340019226074
v 0.13482500612735748 -2.988142967224121 1.0414409637451172
v 0.13482500612735748 -2.988142967224121 0.36644792556762695
v 0.13482500612735748 -2.988142967224121 0.36644792556762695
v 0.13482500612735748 -2.988142967224121 -0.3085451126098633
v 0.13482500612735748 -2.988142967224121 -0.3085451126098633
v 0.13482500612735748 -2.988142967224121 -0.9835381507873535
v 0.13482500612735748 -2.988142967224121 -0.9835381507873535
v 0.1336660087108612 -2.988142967224121 -1.6585311889648438
v 0.17265506088733673 -0.7188608646392822 1.7164340019226074
v 0.17265506088733673 -0.7188608646392822 -1.6585311889648438
v 0.17265506088733673 -0.4108947515487671 -1.6585311889648438
v 0.17265506088733673 -0.4108947515487671 -1.740110993385315
v 0.17265506088733673 -0.7188608646392822 -1.740110993385315
v 0.17265506088733673 -0.10292865335941315 -1.6585311889648438
v 0.17265506088733673 -0.10292865335941315 -1.740110993385315
v 0.17265506088733673 -0.4108947515487671 1.7164340019226074
v 0.17265506088733673 -0.7188608646392822 1.7164340019226074
v 0.17265506088733673 -0.7188608646392822 1.7879681587219238
v 0.17265506088733673 -0.4108947515487671 1.7879681587219238
v 0.17265506088733673 -0.10292865335941315 1.7164340019226074
v 0.17265506088733673 -0.10292866080999374 1.7879681587219238
v 0.25266608595848083 -0.7188608646392822 1.7879681587219238
v 0.25266608595848083 -0.7188608646392822 0.5555799007415771
v 0.25266608595848083 -0.7188608646392822 0.21808865666389465
v 0.25266608595848083 -0.7188608646392822 0.2509547770023346
v 0.25266608595848083 -0.10292865335941315 -0.3149203062057495
v 0.25266608595848083 -0.10292865335941315 -1.740110993385315
v 0.25266608595848083 -0.7188608646392822 0.28382089734077454
v 0.2826061546802521 -0.688920795917511 0.1940639317035675
v 0.25266608595848083 -0.7188608646392822 0.21808865666389465
v 0.25266608595848083 -0.7188608646392822 -1.740110993385315
v 0.2826061546802521 -0.688920795917511 -1.740110993385315
v 0.2826061546802521 -0.4108947515487671 0.2196217179298401
v 0.26061224937438965 -0.4111829400062561 0.27101045846939087
v 0.2826061546802521 -0.4108947515487671 0.3441178500652313
v -0.17265506088733673 -2.9491539001464844 -1.6585311889648438
v -0.17265506088733673 -2.9491539001464844 -1.0213682651519775
v -0.17265506088733673 -0.7188608646392822 -1.6585311889648438
v -0.17265506088733673 -0.10292865335941315 -1.6585311889648438
v -0.17265506088733673 3.232585906982422 -1.0213682651519775
v -0.17265506088733673 2.4070982933044434 -1.6585311889648438
v -0.17265506088733673 3.3236801624298096 -0.34902164340019226
v -0.17265506088733673 3.2531254291534424 -0.3480047583580017
v -0.16120418906211853 3.098104476928711 -0.3085538148880005
v -0.10660252720117569 3.270028829574585 -0.3085952401161194
v -0.17265506088733673 -0.4108947515487671 -1.6585311889648438
v -0.17265506088733673 -0.10292865335941315 -1.6585311889648438
v -0.17265506088733673 -0.4108947515487671 1.7164340019226074
v -0.17265506088733673 -0.10292865335941315 1.7164340019226074
v -0.17265506088733673 3.2043886184692383 -0.2593449354171753
v -0.17265506088733673 3.332327127456665 -0.25326961278915405
v -0.17265506088733673 -2.9491539001464844 -0.27071505784988403
v -0.17265506088733673 -2.9491539001464844 0.3286178708076477
v -0.17265506088733673 -2.9491539001464844 -0.9457080960273743
v -0.17265506088733673 -2.9491539001464844 -0.34637516736984253
v -0.16120418906211853 3.098104476928711 -0.3085538148880005
v -0.17265506088733673 3.2043886184692383 -0.2593449354171753
v -0.17265506088733673 3.2531254291534424 -0.3480047583580017
v -0.16120418906211853 3.098104476928711 -0.3085538148880005
v -0.17265506088733673 3.31697940826416 1.0036108493804932
v -0.17265506088733673 3.6566879749298096 0.4042779803276062
v -0.17265506088733673 -2.9491539001464844 0.4042779803276062
v -0.17265506088733673 -2.9491539001464844 1.0036108493804932
v -0.17265506088733673 -0.7188608646392822 1.7164340019226074
v -0.17265506088733673 -0.7188608646392822 -1.6585311889648438
v -0.2826061546802521 -0.1328687220811844 -0.3306792080402374
v -0.2826061546802521 -0.1328687220811844 -1.740110993385315
v -0.2826061546802521 -0.4108947515487671 -1.740110993385315
v -0.2826061546802521 -0.4108947515487671 -0.08480454981327057
v -0.2826061546802521 -0.688920795917511 1.7879681587219238
v -0.2826061546802521 -0.4108947515487671 1.7879681587219238
v -0.2826061546802521 -0.4108947515487671 0.3441178500652313
v -0.2826061546802521 -0.688920795917511 0.5433919429779053
v -0.2826061546802521 -0.688920795917511 0.49521997570991516
v -0.2826061546802521 -0.688920795917511 0.2597961723804474
v -0.25266608595848083 -0.7188608646392822 0.28382089734077454
v -0.25266608595848083 -0.7188608646392822 0.5555799007415771
v -0.2826061546802521 -0.1328687220811844 -0.019521944224834442
v -0.2826061546802521 -0.1328687220811844 -0.22762809693813324
v -0.2826061546802521 -0.4108947515487671 0.012070408090949059
v -0.2826061546802521 -0.4108947515487671 0.2196217179298401
v -0.2826061546802521 -0.1328687220811844 1.7879681587219238
v -0.2826061546802521 -0.1328687220811844 0.047651998698711395
v -0.14458931982517242 3.333332061767578 1.0316766500473022
v -0.14458931982517242 3.7048566341400146 0.3762122392654419
v -0.17265506088733673 2.4073657989501953 1.7164340019226074
v -0.14458931982517242 2.453298568725586 1.7164340019226074
v -0.14458931982517242 3.3151473999023438 1.0512052774429321
v -0.17265506088733673 3.232853412628174 1.0792710781097412
v -0.17265506088733673 -0.10292865335941315 1.7164340019226074
v -0.14442579448223114 3.315359115600586 -0.9931389689445496
v -0.14442579448223114 2.453298568725586 -1.6585311889648438
v -0.1336660087108612 -2.988142967224121 1.7164340019226074
v -0.17265506088733673 -2.9491539001464844 1.7164340019226074
v -0.17265506088733673 -2.9491539001464844 1.0792710781097412
v -0.13482500612735748 -2.988142967224121 1.0414409637451172
v -0.13482500612735748 -2.988142967224121 0.36644792556762695
v -0.13482500612735748 -2.988142967224121 1.0414409637451172
v -0.13482500612735748 -2.988142967224121 0.36644792556762695
v -0.13482500612735748 -2.988142967224121 -0.3085451126098633
v -0.13482500612735748 -2.988142967224121 -0.3085451126098633
v -0.13482500612735748 -2.988142967224121 -0.9835381507873535
v -0.13482500612735748 -2.988142967224121 -0.9835381507873535
v -0.1336660087108612 -2.988142967224121 -1.6585311889648438
v -0.17265506088733673 -0.7188608646392822 1.7164340019226074
v -0.17265506088733673 -0.7188608646392822 -1.6585311889648438
v -0.17265506088733673 -0.7188608646392822 -1.740110993385315
v -0.17265506088733673 -0.4108947515487671 -1.740110993385315
v -0.17265506088733673 -0.4108947515487671 -1.6585311889648438
v -0.17265506088733673 -0.10292865335941315 -1.740110993385315
v -0.17265506088733673 -0.10292865335941315 -1.6585311889648438
v -0.17265506088733673 -0.4108947515487671 1.7164340019226074
v -0.17265506088733673 -0.4108947515487671 1.7879681587219238
v -0.17265506088733673 -0.7188608646392822 1.7879681587219238
v -0.17265506088733673 -0.7188608646392822 1.7164340019226074
v -0.17265506088733673 -0.10292865335941315 1.7164340019226074
v -0.17265506088733673 -0.10292866080999374 1.7879681587219238
v -0.25266608595848083 -0.7188608646392822 1.7879681587219238
v -0.25266608595848083 -0.7188608646392822 0.5555799007415771
v -0.25266608595848083 -0.7188608646392822 0.21808865666389465
v -0.25266608595848083 -0.7188608646392822 0.2509547770023346
v -0.25266608595848083 -0.10292865335941315 -0.3149203062057495
v -0.25266608595848083 -0.10292865335941315 -1.740110993385315
v -0.25266608595848083 -0.7188608646392822 0.28382089734077454
v -0.2826061546802521 -0.688920795917511 0.1940639317035675
v -0.2826061546802521 -0.688920795917511 -1.740110993385315
v -0.25266608595848083 -0.7188608646392822 -1.740110993385315
v -0.25266608595848083 -0.7188608646392822 0.21808865666389465
v -0.2826061546802521 -0.4108947515487671 0.2196217179298401
v -0.26061224937438965 -0.4111829400062561 0.27101045846939087
v -0.2826061546802521 -0.4108947515487671 0.3441178500652313
v 0.14458931982517242 2.453298568725586 1.7164340019226074
v 0 3.3277976512908936 1.0414409637451172
v 0 2.453298568725586 1.7164340019226074
v 0.13482500612735748 3.3277976512908936 1.0414409637451172
v 0.14458931982517242 3.3151473999023438 1.0512052774429321
v 0 3.6555235385894775 -0.4053453803062439
v 0.13482500612735748 3.3277976512908936 -0.9835381507873535
v 0 3.3277976512908936 -0.9835381507873535
v 0.14442579448223114 3.333240032196045 -0.9739373922348022
v 0.14442579448223114 3.6730616092681885 -0.3744635283946991
v 0.13482500612735748 -2.988142967224121 1.0414409637451172
v 0 -2.988142967224121 0.36644792556762695
v 0.13482500612735748 -2.988142967224121 0.36644792556762695
v 0 -2.988142967224121 1.0414409637451172
v 0.10660252720117569 3.6339192390441895 -0.308624804019928
v 0.17265506088733673 3.682161808013916 -0.2335316389799118
v 0.15854042768478394 3.6962764263153076 -0.23195219039916992
v 0.13482500612735748 -2.988142967224121 1.0414409637451172
v 0.13482500612735748 -2.988142967224121 -0.3085451126098633
v 0 -2.988142967224121 -0.9835381507873535
v 0.13482500612735748 -2.988142967224121 -0.9835381507873535
v 0 -2.988142967224121 -0.3085451126098633
v 0 -2.988142967224121 -1.6585311889648438
v 0.1336660087108612 -2.988142967224121 -1.6585311889648438
v 0.17265506088733673 -2.9491539001464844 -1.6585311889648438
v 0 3.710391044616699 -0.2211282104253769
v 0.14442579448223114 3.710391044616699 0.3568471372127533
v 0.14442579448223114 3.710391044616699 -0.23037274181842804
v 0 3.710391044616699 0.36644792556762695
v 0.13482500612735748 3.710391044616699 0.36644792556762695
v 0.17265506088733673 3.316793203353882 -0.9457080960273743
v 0.17265506088733673 3.3236801624298096 -0.34902164340019226
v 0.17265506088733673 3.6450212001800537 -0.3666965663433075
v 0 2.453298568725586 1.7164340019226074
v 0.14458931982517242 2.453298568725586 1.7164340019226074
v 0.17265506088733673 2.4073657989501953 1.7164340019226074
v 0.13482500612735748 3.710391044616699 0.36644792556762695
v 0.14458931982517242 3.7048566341400146 0.3762122392654419
v 0.13482500612735748 -2.988142967224121 0.36644792556762695
v 0.13482500612735748 -2.988142967224121 -0.3085451126098633
v 0.13482500612735748 3.3277976512908936 -0.9835381507873535
v 0 2.453298568725586 -1.6585311889648438
v 0 3.3277976512908936 -0.9835381507873535
v 0.14442579448223114 2.453298568725586 -1.6585311889648438
v 0.14442579448223114 3.315359115600586 -0.9931389689445496
v 0.13482500612735748 -2.988142967224121 0.36644792556762695
v 0.13482500612735748 -2.988142967224121 -0.3085451126098633
v 0.13482500612735748 -2.988142967224121 1.0414409637451172
v 0.13482500612735748 -2.988142967224121 -0.9835381507873535
v 0 -2.988142967224121 -1.6585311889648438
v 0.1336660087108612 -2.988142967224121 -1.6585311889648438
v 0.13482500612735748 3.710391044616699 0.36644792556762695
v 0 3.710391044616699 0.36644792556762695
v 0.14458931982517242 3.7048566341400146 0.3762122392654419
v 0.14458931982517242 3.333332061767578 1.0316766500473022
v 0.13482500612735748 3.3277976512908936 1.0414409637451172
v 0.17265506088733673 3.6450212001800537 -0.3666965663433075
v 0.15854042768478394 3.659041404724121 -0.3705800473690033
v 0.13482500612735748 3.3277976512908936 -0.9835381507873535
v 0.14442579448223114 3.333240032196045 -0.9739373922348022
v 0.1336660087108612 -2.988142967224121 1.7164340019226074
v 0.13482500612735748 -2.988142967224121 1.0414409637451172
v 0 -2.988142967224121 1.7164340019226074
v 0.17265506088733673 3.682161808013916 0.3286178708076477
v 0.17265506088733673 3.332327127456665 -0.25326961278915405
v 0.17265506088733673 3.682161808013916 -0.2335316389799118
v 0 3.6529440879821777 -0.3062799572944641
v 0.14442579448223114 3.6730616092681885 -0.3744635283946991
v 0 3.6555235385894775 -0.4053453803062439
v 0.15854042768478394 3.659041404724121 -0.3705800473690033
v 0.10660252720117569 3.6339192390441895 -0.308624804019928
v 0.13482500612735748 -2.988142967224121 -0.9835381507873535
v 0.13482500612735748 -2.988142967224121 0.36644792556762695
v 0.13482500612735748 -2.988142967224121 -0.3085451126098633
v 0.13482500612735748 -2.988142967224121 -0.9835381507873535
v 0.13482500612735748 3.710391044616699 0.36644792556762695
v 0.14442579448223114 3.710391044616699 0.3568471372127533
v 0.1336660087108612 -2.988142967224121 1.7164340019226074
v 0 -2.988142967224121 1.7164340019226074
v 0.17265506088733673 -2.9491539001464844 1.7164340019226074
v 0.13482500612735748 3.3277976512908936 -0.9835381507873535
v 0.14442579448223114 3.315359115600586 -0.9931389689445496
v 0.13482500612735748 3.3277976512908936 1.0414409637451172
v 0.17265506088733673 -0.10292865335941315 -1.6585311889648438
v 0.25266608595848083 -0.10292865335941315 -1.740110993385315
v 0.17265506088733673 -0.10292865335941315 -1.740110993385315
v 0.25266608595848083 -0.10292865335941315 -0.3149203062057495
v 0.17265506088733673 -0.10292865335941315 -1.0213682651519775
v 0.17265506088733673 -0.10292865335941315 -0.9835381507873535
v 0.17265506088733673 -0.10292865335941315 -0.9457080960273743
v 0.17265506088733673 -0.10292865335941315 -0.34637516736984253
v 0.17265506088733673 -0.10292865335941315 -0.31026649475097656
v 0.25266608595848083 -0.10292865335941315 -0.014592409133911133
v 0.25266608595848083 -0.10292865335941315 -0.3149203062057495
v 0.2681728005409241 -0.11843537539243698 0.00025000330060720444
v 0.2826061546802521 -0.6381933093070984 0.1776716560125351
v 0.2826061546802521 -0.4859001040458679 0.04743180051445961
v 0.25266608595848083 -0.10292866080999374 1.7879681587219238
v 0.14442579448223114 3.333240032196045 -0.9739373922348022
v 0.14442579448223114 3.6730616092681885 -0.3744635283946991
v 0.15854042768478394 3.6962764263153076 -0.23195219039916992
v 0.14442579448223114 3.710391044616699 -0.23037274181842804
v 0.14442579448223114 3.710391044616699 0.3568471372127533
v 0.14442579448223114 2.453298568725586 -1.6585311889648438
v 0 2.453298568725586 -1.6585311889648438
v 0.17265506088733673 2.4070982933044434 -1.6585311889648438
v 0.25266608595848083 -0.10292865335941315 -1.740110993385315
v 0.17265506088733673 -0.4108947515487671 -1.740110993385315
v 0.17265506088733673 -0.10292865335941315 -1.740110993385315
v 0.2826061546802521 -0.4108947515487671 -1.740110993385315
v 0.2826061546802521 -0.1328687220811844 -1.740110993385315
v 0.17265506088733673 -0.7188608646392822 -1.740110993385315
v 0.25266608595848083 -0.7188608646392822 -1.740110993385315
v 0.2826061546802521 -0.688920795917511 -1.740110993385315
v 0.25266608595848083 -0.7188608646392822 1.7879681587219238
v 0.17265506088733673 -0.4108947515487671 1.7879681587219238
v 0.17265506088733673 -0.7188608646392822 1.7879681587219238
v 0.2826061546802521 -0.4108947515487671 1.7879681587219238
v 0.2826061546802521 -0.688920795917511 1.7879681587219238
v 0.17265506088733673 -0.10292866080999374 1.7879681587219238
v 0.25266608595848083 -0.10292866080999374 1.7879681587219238
v 0.2826061546802521 -0.1328687220811844 1.7879681587219238
v 0.15854042768478394 3.6962764263153076 -0.23195219039916992
v 0 3.710391044616699 -0.2211282104253769
v 0.14442579448223114 3.710391044616699 -0.23037274181842804
v 0.25266608595848083 -0.10292865335941315 -0.014592409133911133
v 0.17265506088733673 -0.10292865335941315 0.36644792556762695
v 0.25266608595848083 -0.10292866080999374 1.7879681587219238
v 0.17265506088733673 -0.10292865335941315 0.4042779803276062
v 0.17265506088733673 -0.10292865335941315 1.0036108493804932
v 0.17265506088733673 -0.10292865335941315 1.0414409637451172
v 0.17265506088733673 -0.10292865335941315 1.0792710781097412
v 0.17265506088733673 -0.10292865335941315 1.7164340019226074
v 0.17265506088733673 -0.10292866080999374 1.7879681587219238
v 0.25266608595848083 -0.7188608646392822 0.21808865666389465
v 0.17265506088733673 -0.7188608646392822 -1.740110993385315
v 0.25266608595848083 -0.7188608646392822 -1.740110993385315
v 0.17265506088733673 -0.7188608646392822 -1.6585311889648438
v 0.17265506088733673 -0.7188608646392822 -1.0213682651519775
v 0.17265506088733673 -0.7188608646392822 -0.9835381507873535
v 0.17265506088733673 -0.7188608646392822 -0.3085451126098633
v 0.17265506088733673 -0.7188608646392822 -0.27071505784988403
v 0.17265506088733673 -0.7188608646392822 0.3286178708076477
v 0.25266608595848083 -0.7188608646392822 0.2509547770023346
v 0.25266608595848083 -0.7188608646392822 0.28382089734077454
v 0.25266608595848083 -0.7188608646392822 0.5555799007415771
v 0.17265506088733673 -0.7188608646392822 0.36644792556762695
v 0.17265506088733673 -0.7188608646392822 1.0414409637451172
v 0.25266608595848083 -0.7188608646392822 1.7879681587219238
v 0.17265506088733673 -0.7188608646392822 1.0792710781097412
v 0.17265506088733673 -0.7188608646392822 1.7164340019226074
v 0.17265506088733673 -0.7188608646392822 1.7879681587219238
v -0.14458931982517242 3.3151473999023438 1.0512052774429321
v -0.14458931982517242 2.453298568725586 1.7164340019226074
v -0.13482500612735748 3.3277976512908936 1.0414409637451172
v -0.14442579448223114 3.333240032196045 -0.9739373922348022
v -0.13482500612735748 3.3277976512908936 -0.9835381507873535
v -0.14442579448223114 3.6730616092681885 -0.3744635283946991
v -0.13482500612735748 -2.988142967224121 0.36644792556762695
v -0.13482500612735748 -2.988142967224121 1.0414409637451172
v -0.10660252720117569 3.6339192390441895 -0.308624804019928
v -0.17265506088733673 3.682161808013916 -0.2335316389799118
v -0.15854042768478394 3.6962764263153076 -0.23195219039916992
v -0.13482500612735748 -2.988142967224121 1.0414409637451172
v -0.13482500612735748 -2.988142967224121 -0.9835381507873535
v -0.13482500612735748 -2.988142967224121 -0.3085451126098633
v -0.17265506088733673 -2.9491539001464844 -1.6585311889648438
v -0.1336660087108612 -2.988142967224121 -1.6585311889648438
v -0.14442579448223114 3.710391044616699 0.3568471372127533
v -0.14442579448223114 3.710391044616699 -0.23037274181842804
v -0.13482500612735748 3.710391044616699 0.36644792556762695
v -0.17265506088733673 3.316793203353882 -0.9457080960273743
v -0.17265506088733673 3.3236801624298096 -0.34902164340019226
v -0.17265506088733673 3.6450212001800537 -0.3666965663433075
v -0.17265506088733673 2.4073657989501953 1.7164340019226074
v -0.14458931982517242 2.453298568725586 1.7164340019226074
v -0.13482500612735748 3.710391044616699 0.36644792556762695
v -0.14458931982517242 3.7048566341400146 0.3762122392654419
v -0.13482500612735748 -2.988142967224121 -0.3085451126098633
v -0.13482500612735748 -2.988142967224121 0.36644792556762695
v -0.13482500612735748 3.3277976512908936 -0.9835381507873535
v -0.14442579448223114 2.453298568725586 -1.6585311889648438
v -0.14442579448223114 3.315359115600586 -0.9931389689445496
v -0.13482500612735748 -2.988142967224121 0.36644792556762695
v -0.13482500612735748 -2.988142967224121 -0.3085451126098633
v -0.13482500612735748 -2.988142967224121 1.0414409637451172
v -0.1336660087108612 -2.988142967224121 -1.6585311889648438
v -0.13482500612735748 -2.988142967224121 -0.9835381507873535
v -0.14458931982517242 3.7048566341400146 0.3762122392654419
v -0.13482500612735748 3.710391044616699 0.36644792556762695
v -0.14458931982517242 3.333332061767578 1.0316766500473022
v -0.13482500612735748 3.3277976512908936 1.0414409637451172
v -0.17265506088733673 3.6450212001800537 -0.3666965663433075
v -0.15854042768478394 3.659041404724121 -0.3705800473690033
v -0.13482500612735748 3.3277976512908936 -0.9835381507873535
v -0.14442579448223114 3.333240032196045 -0.9739373922348022
v -0.13482500612735748 -2.988142967224121 1.0414409637451172
v -0.1336660087108612 -2.988142967224121 1.7164340019226074
v -0.17265506088733673 3.682161808013916 0.3286178708076477
v -0.17265506088733673 3.332327127456665 -0.25326961278915405
v -0.17265506088733673 3.682161808013916 -0.2335316389799118
v -0.14442579448223114 3.6730616092681885 -0.3744635283946991
v -0.15854042768478394 3.659041404724121 -0.3705800473690033
v -0.10660252720117569 3.6339192390441895 -0.308624804019928
v -0.13482500612735748 -2.988142967224121 -0.9835381507873535
v -0.13482500612735748 -2.988142967224121 0.36644792556762695
v -0.13482500612735748 -2.988142967224121 -0.3085451126098633
v -0.13482500612735748 -2.988142967224121 -0.9835381507873535
v -0.13482500612735748 3.710391044616699 0.36644792556762695
v -0.14442579448223114 3.710391044616699 0.3568471372127533
v -0.1336660087108612 -2.988142967224121 1.7164340019226074
v -0.17265506088733673 -2.9491539001464844 1.7164340019226074
v -0.13482500612735748 3.3277976512908936 -0.9835381507873535
v -0.14442579448223114 3.315359115600586 -0.9931389689445496
v -0.13482500612735748 3.3277976512908936 1.0414409637451172
v -0.25266608595848083 -0.10292865335941315 -0.3149203062057495
v -0.17265506088733673 -0.10292865335941315 -1.740110993385315
v -0.25266608595848083 -0.10292865335941315 -1.740110993385315
v -0.17265506088733673 -0.10292865335941315 -1.6585311889648438
v -0.17265506088733673 -0.10292865335941315 -1.0213682651519775
v -0.17265506088733673 -0.10292865335941315 -0.9835381507873535
v -0.17265506088733673 -0.10292865335941315 -0.9457080960273743
v -0.17265506088733673 -0.10292865335941315 -0.34637516736984253
v -0.17265506088733673 -0.10292865335941315 -0.31026649475097656
v -0.25266608595848083 -0.10292865335941315 -0.014592409133911133
v -0.25266608595848083 -0.10292865335941315 -0.3149203062057495
v -0.2681728005409241 -0.11843537539243698 0.00025000330060720444
v -0.2826061546802521 -0.6381933093070984 0.1776716560125351
v -0.2826061546802521 -0.4859001040458679 0.04743180051445961
v -0.25266608595848083 -0.10292866080999374 1.7879681587219238
v -0.14442579448223114 3.333240032196045 -0.9739373922348022
v -0.14442579448223114 3.6730616092681885 -0.3744635283946991
v -0.15854042768478394 3.6962764263153076 -0.23195219039916992
v -0.14442579448223114 3.710391044616699 -0.23037274181842804
v -0.14442579448223114 3.710391044616699 0.3568471372127533
v -0.14442579448223114 2.453298568725586 -1.6585311889648438
v -0.17265506088733673 2.4070982933044434 -1.6585311889648438
v -0.25266608595848083 -0.10292865335941315 -1.740110993385315
v -0.2826061546802521 -0.4108947515487671 -1.740110993385315
v -0.2826061546802521 -0.1328687220811844 -1.740110993385315
v -0.17265506088733673 -0.4108947515487671 -1.740110993385315
v -0.17265506088733673 -0.10292865335941315 -1.740110993385315
v -0.2826061546802521 -0.688920795917511 -1.740110993385315
v -0.25266608595848083 -0.7188608646392822 -1.740110993385315
v -0.17265506088733673 -0.7188608646392822 -1.740110993385315
v -0.25266608595848083 -0.7188608646392822 1.7879681587219238
v -0.2826061546802521 -0.4108947515487671 1.7879681587219238
v -0.2826061546802521 -0.688920795917511 1.7879681587219238
v -0.17265506088733673 -0.4108947515487671 1.7879681587219238
v -0.17265506088733673 -0.7188608646392822 1.7879681587219238
v -0.2826061546802521 -0.1328687220811844 1.7879681587219238
v -0.25266608595848083 -0.10292866080999374 1.7879681587219238
v -0.17265506088733673 -0.10292866080999374 1.7879681587219238
v -0.15854042768478394 3.6962764263153076 -0.23195219039916992
v -0.14442579448223114 3.710391044616699 -0.23037274181842804
v -0.25266608595848083 -0.10292865335941315 -0.014592409133911133
v -0.17265506088733673 -0.10292865335941315 0.36644792556762695
v -0.25266608595848083 -0.10292866080999374 1.7879681587219238
v -0.17265506088733673 -0.10292865335941315 0.4042779803276062
v -0.17265506088733673 -0.10292865335941315 1.0036108493804932
v -0.17265506088733673 -0.10292865335941315 1.0414409637451172
v -0.17265506088733673 -0.10292865335941315 1.0792710781097412
v -0.17265506088733673 -0.10292865335941315 1.7164340019226074
v -0.17265506088733673 -0.10292866080999374 1.7879681587219238
v -0.17265506088733673 -0.7188608646392822 -1.6585311889648438
v -0.25266608595848083 -0.7188608646392822 -1.740110993385315
v -0.17265506088733673 -0.7188608646392822 -1.740110993385315
v -0.25266608595848083 -0.7188608646392822 0.21808865666389465
v -0.17265506088733673 -0.7188608646392822 -1.0213682651519775
v -0.17265506088733673 -0.7188608646392822 -0.9835381507873535
v -0.17265506088733673 -0.7188608646392822 -0.3085451126098633
v -0.17265506088733673 -0.7188608646392822 -0.27071505784988403
v -0.17265506088733673 -0.7188608646392822 0.3286178708076477
v -0.25266608595848083 -0.7188608646392822 0.2509547770023346
v -0.25266608595848083 -0.7188608646392822 0.28382089734077454
v -0.25266608595848083 -0.7188608646392822 0.5555799007415771
v -0.17265506088733673 -0.7188608646392822 0.36644792556762695
v -0.17265506088733673 -0.7188608646392822 1.0414409637451172
v -0.25266608595848083 -0.7188608646392822 1.7879681587219238
v -0.17265506088733673 -0.7188608646392822 1.0792710781097412
v -0.17265506088733673 -0.7188608646392822 1.7164340019226074
v -0.17265506088733673 -0.7188608646392822 1.7879681587219238
v -0.15854042768478394 3.6962764263153076 -0.23195219039916992
v -0.10660252720117569 3.6339192390441895 -0.308624804019928
v -0.10660252720117569 3.6339192390441895 -0.308624804019928
v -0.14442579448223114 3.6730616092681885 -0.3744635283946991
v 0 3.6529440879821777 -0.3062799572944641
v 0 3.6529440879821777 -0.3062799572944641
v 0 3.6529440879821777 -0.3062799572944641
v 0.17265506088733673 3.6450212001800537 -0.3666965663433075
v -0.17265506088733673 3.682161808013916 0.3286178708076477
v -0.17265506088733673 3.682161808013916 -0.2335316389799118
v 0 3.710391044616699 -0.2211282104253769
v 0 3.710391044616699 -0.2211282104253769
v 0.15854042768478394 3.6962764263153076 -0.23195219039916992
v 0.10660252720117569 3.6339192390441895 -0.308624804019928
v 0.10660252720117569 3.6339192390441895 -0.308624804019928
v 0.14442579448223114 3.6730616092681885 -0.3744635283946991
v -0.25266608595848083 -0.7188608646392822 0.5555799007415771
v -0.25266608595848083 -0.10292865335941315 -0.3149203062057495
v -0.253629207611084 -0.6815679669380188 0.5210878849029541
v 0.17265506088733673 3.682161808013916 0.3286178708076477
v 0.17265506088733673 3.682161808013916 -0.2335316389799118
v -0.2826061546802521 -0.1328687220811844 1.7879681587219238
v -0.2826061546802521 -0.1328687220811844 0.047651998698711395
v -0.2681728005409241 -0.11843537539243698 0.00025000330060720444
v -0.26767832040786743 -0.1375821828842163 0.01795877143740654
v 0.13585418462753296 -0.7188608646392822 1.0414409637451172
v 0.13585418462753296 -0.7188608646392822 1.0414409637451172
v 0.13585418462753296 -0.7188608646392822 0.36644792556762695
v 0.13585418462753296 -0.7188608646392822 0.36644792556762695
v 0.13585418462753296 -0.7188608646392822 -0.9835381507873535
v 0.13585418462753296 -0.7188608646392822 -0.9835381507873535
v 0.13585418462753296 -0.7188608646392822 -0.3085451126098633
v 0.13585418462753296 -0.7188608646392822 -0.3085451126098633
v -0.13766413927078247 -0.10292865335941315 -0.3085451126098633
v -0.13766413927078247 -0.10292865335941315 -0.3085451126098633
v -0.13585418462753296 -0.7188608646392822 1.0414409637451172
v -0.13585418462753296 -0.7188608646392822 1.0414409637451172
v -0.13585418462753296 -0.7188608646392822 0.36644792556762695
v -0.13585418462753296 -0.7188608646392822 0.36644792556762695
v -0.13585418462753296 -0.7188608646392822 -0.3085451126098633
v -0.13585418462753296 -0.7188608646392822 -0.3085451126098633
v -0.13585418462753296 -0.7188608646392822 -0.9835381507873535
v -0.13585418462753296 -0.7188608646392822 -0.9835381507873535
v -0.17265506088733673 -0.10292865335941315 -0.34637516736984253
v -0.17265506088733673 -0.10292865335941315 -0.27071505784988403
v -0.17265506088733673 -0.10292865335941315 1.0792710781097412
v -0.17265506088733673 -0.10292865335941315 0.4042779803276062
v -0.17265506088733673 -0.10292865335941315 -0.9457080960273743
v -0.17265506088733673 -0.10292865335941315 -1.0213682651519775
v -0.17265506088733673 -0.10292865335941315 0.3286178708076477
v -0.17265506088733673 -0.10292865335941315 1.0036108493804932
v 0.13766413927078247 -0.10292865335941315 -0.3085451126098633
v 0.13766413927078247 -0.10292865335941315 -0.3085451126098633
v 0.14458931982517242 3.3151473999023438 1.0512052774429321
v 0.1444096714258194 -0.10292865335941315 1.0414409637451172
v 0.1444096714258194 -0.10292865335941315 1.0414409637451172
v 0.1444096714258194 -0.10292865335941315 -0.9835381507873535
v 0.1444096714258194 -0.10292865335941315 -0.9835381507873535
v 0.1444096714258194 -0.10292865335941315 0.36644792556762695
v 0.1444096714258194 -0.10292865335941315 0.36644792556762695
v -0.14458931982517242 3.3151473999023438 1.0512052774429321
v 0.17265506088733673 -0.10292865335941315 1.0036108493804932
v 0.17265506088733673 -0.10292865335941315 -0.27071505784988403
v 0.17265506088733673 -0.10292865335941315 1.0792710781097412
v 0.17265506088733673 -0.10292865335941315 -0.9457080960273743
v 0.17265506088733673 -0.10292865335941315 0.4042779803276062
v 0.17265506088733673 -0.10292865335941315 -0.34637516736984253
v 0.17265506088733673 -0.10292865335941315 -1.0213682651519775
v 0.17265506088733673 -0.10292865335941315 0.3286178708076477
v -0.17265506088733673 3.6450212001800537 -0.3666965663433075
v 0.26767832040786743 -0.1375821828842163 0.01795877143740654
v 0.2681728005409241 -0.11843537539243698 0.00025000330060720444
v 0.25266608595848083 -0.10292865335941315 -0.3149203062057495
v 0.17265506088733673 -0.7188608646392822 -0.9457080960273743
v 0.17265506088733673 -0.7188608646392822 -0.27071505784988403
v 0.17265506088733673 -0.7188608646392822 0.4042779803276062
v 0.17265506088733673 -0.7188608646392822 1.0792710781097412
v 0.17265506088733673 -0.7188608646392822 1.0036108493804932
v 0.17265506088733673 -0.7188608646392822 0.3286178708076477
v 0.17265506088733673 -0.7188608646392822 -1.0213682651519775
v 0.17265506088733673 -0.7188608646392822 -0.34637516736984253
v -0.17265506088733673 3.3236801624298096 -0.34902164340019226
v 0.25266608595848083 -0.7188608646392822 0.5555799007415771
v 0.253629207611084 -0.6815679669380188 0.5210878849029541
v 0.17265506088733673 2.4070982933044434 -1.6585311889648438
v 0.17265506088733673 3.232585906982422 -1.0213682651519775
v 0.17265506088733673 3.3236801624298096 -0.34902164340019226
v 0.10660252720117569 3.270028829574585 -0.3085952401161194
v 0.16120418906211853 3.098104476928711 -0.3085538148880005
v 0.16120418906211853 3.098104476928711 -0.3085538148880005
v -0.26061224937438965 -0.4111829400062561 0.27101045846939087
v -0.17265506088733673 -0.7188608646392822 1.0036108493804932
v -0.17265506088733673 -0.7188608646392822 0.3286178708076477
v -0.17265506088733673 -0.7188608646392822 -0.34637516736984253
v -0.17265506088733673 -0.7188608646392822 -1.0213682651519775
v -0.17265506088733673 -0.7188608646392822 1.0792710781097412
v -0.17265506088733673 -0.7188608646392822 0.4042779803276062
v -0.17265506088733673 -0.7188608646392822 -0.27071505784988403
v -0.17265506088733673 -0.7188608646392822 -0.9457080960273743
v -0.1444096714258194 -0.10292865335941315 1.0414409637451172
v -0.1444096714258194 -0.10292865335941315 1.0414409637451172
v -0.1444096714258194 -0.10292865335941315 0.36644792556762695
v -0.1444096714258194 -0.10292865335941315 0.36644792556762695
v -0.1444096714258194 -0.10292865335941315 -0.9835381507873535
v -0.1444096714258194 -0.10292865335941315 -0.9835381507873535
v 0.26061224937438965 -0.4111829400062561 0.27101045846939087
v 0.2826061546802521 -0.1328687220811844 0.047651998698711395
v 0.2826061546802521 -0.1328687220811844 1.7879681587219238
v -0.17265506088733673 3.232585906982422 -1.0213682651519775
v -0.17265506088733673 2.4070982933044434 -1.6585311889648438
v -0.16120418906211853 3.098104476928711 -0.3085538148880005
v -0.16120418906211853 3.098104476928711 -0.3085538148880005
v -0.10660252720117569 3.270028829574585 -0.3085952401161194
vt 0.2748887240886688 0.5414007008075714
vt 0.2817859947681427 0.5413722097873688
vt 0.2773438096046448 0.5380840301513672
vt 0.021142248064279556 0.22672241926193237
vt 0.027419913560152054 0.22656279802322388
vt 0.024114729836583138 0.22350716590881348
vt 0.14942215383052826 0.23522931337356567
vt 0.15570712089538574 0.23507338762283325
vt 0.15240007638931274 0.23201227188110352
vt 0.10713766515254974 0.975234292447567
vt 0.09959312528371811 0.9752529188990593
vt 0.1044461578130722 0.9788577519357204
vt 0.6379170417785645 0.2672005891799927
vt 0.6442019939422607 0.2670446038246155
vt 0.6408949494361877 0.26398342847824097
vt 0.6074793338775635 0.9755879454314709
vt 0.6006655097007751 0.9755971934646368
vt 0.6050449013710022 0.9788577519357204
vt 0.8920211791992188 0.7223992645740509
vt 0.898306131362915 0.7222433984279633
vt 0.894999086856842 0.7191822230815887
vt 0.2326042354106903 0.975512707605958
vt 0.22618311643600464 0.9754747748374939
vt 0.22978132963180542 0.9788425900042057
vt 0.7610886693000793 0.15548336505889893
vt 0.7636377215385437 0.1616644263267517
vt 0.7636377215385437 0.1502777338027954
vt 0.29697760939598083 0.4030107855796814
vt 0.2969273030757904 0.39996546506881714
vt 0.2935919165611267 0.4049832820892334
vt 0.648784875869751 0.10125988721847534
vt 0.6437277793884277 0.09982264041900635
vt 0.6437472701072693 0.10597610473632812
vt 0.6379170417785645 0.1095806360244751
vt 0.30021941661834717 0.39954864978790283
vt 0.6404019594192505 0.15247315168380737
vt 0.6434385776519775 0.1616644263267517
vt 0.6434731483459473 0.14958548545837402
vt 0.7588320970535278 0.15779930353164673
vt 0.648784875869751 0.14472192525863647
vt 0.29855069518089294 0.4957994818687439
vt 0.29831498861312866 0.4898425340652466
vt 0.2947491407394409 0.4923756718635559
vt 0.3026697337627411 0.4882128834724426
vt 0.35104304552078247 0.5413385927677155
vt 0.3574991822242737 0.54129758477211
vt 0.35434460639953613 0.538245677947998
vt 0.47495338320732117 0.5789200961589813
vt 0.4817222058773041 0.5789406895637512
vt 0.4793092608451843 0.5756883919239044
vt 0.15704329311847687 0.9752416275441647
vt 0.14942215383052826 0.975183391943574
vt 0.15212209522724152 0.9788577519357204
vt 0.0281903725117445 0.9747976902872324
vt 0.021142248064279556 0.9747167862951756
vt 0.023626219481229782 0.9781245645135641
vt 0.47701898217201233 0.2659796476364136
vt 0.4833262264728546 0.2660866379737854
vt 0.4803130328655243 0.26288217306137085
vt 0.97255539894104 0.7214304208755493
vt 0.9788577556610107 0.7215372323989868
vt 0.9758468866348267 0.7183353006839752
vt 0.7184513211250305 0.2662316560745239
vt 0.7247536778450012 0.2663384675979614
vt 0.7217428088188171 0.263136625289917
vt 0.22995644807815552 0.2342604398727417
vt 0.2362588346004486 0.23436731100082397
vt 0.23324790596961975 0.23116534948349
vt 0.2748887240886688 0.5414007008075714
vt 0.2773438096046448 0.5380840301513672
vt 0.2817859947681427 0.5413722097873688
vt 0.021142248064279556 0.22672241926193237
vt 0.024114729836583138 0.22350716590881348
vt 0.027419913560152054 0.22656279802322388
vt 0.14942215383052826 0.23522931337356567
vt 0.15240007638931274 0.23201227188110352
vt 0.15570712089538574 0.23507338762283325
vt 0.10713766515254974 0.975234292447567
vt 0.1044461578130722 0.9788577519357204
vt 0.09959312528371811 0.9752529188990593
vt 0.6379170417785645 0.2672005891799927
vt 0.6408949494361877 0.26398342847824097
vt 0.6442019939422607 0.2670446038246155
vt 0.6074793338775635 0.9755879454314709
vt 0.6050449013710022 0.9788577519357204
vt 0.6006655097007751 0.9755971934646368
vt 0.8920211791992188 0.7223992645740509
vt 0.894999086856842 0.7191822230815887
vt 0.898306131362915 0.7222433984279633
vt 0.2326042354106903 0.975512707605958
vt 0.22978132963180542 0.9788425900042057
vt 0.22618311643600464 0.9754747748374939
vt 0.7610886693000793 0.15548336505889893
vt 0.7636377215385437 0.1502777338027954
vt 0.7636377215385437 0.1616644263267517
vt 0.29697760939598083 0.4030107855796814
vt 0.2935919165611267 0.4049832820892334
vt 0.2969273030757904 0.39996546506881714
vt 0.648784875869751 0.10125988721847534
vt 0.6437472701072693 0.10597610473632812
vt 0.6437277793884277 0.09982264041900635
vt 0.6379170417785645 0.1095806360244751
vt 0.30021941661834717 0.39954864978790283
vt 0.6404019594192505 0.15247315168380737
vt 0.6434731483459473 0.14958548545837402
vt 0.6434385776519775 0.1616644263267517
vt 0.7588320970535278 0.15779930353164673
vt 0.648784875869751 0.14472192525863647
vt 0.29855069518089294 0.4957994818687439
vt 0.2947491407394409 0.4923756718635559
vt 0.29831498861312866 0.4898425340652466
vt 0.3026697337627411 0.4882128834724426
vt 0.35104304552078247 0.5413385927677155
vt 0.35434460639953613 0.538245677947998
vt 0.3574991822242737 0.54129758477211
vt 0.47495338320732117 0.5789200961589813
vt 0.4793092608451843 0.5756883919239044
vt 0.4817222058773041 0.5789406895637512
vt 0.15704329311847687 0.9752416275441647
vt 0.15212209522724152 0.9788577519357204
vt 0.14942215383052826 0.975183391943574
vt 0.0281903725117445 0.9747976902872324
vt 0.023626219481229782 0.9781245645135641
vt 0.021142248064279556 0.9747167862951756
vt 0.47701898217201233 0.2659796476364136
vt 0.4803130328655243 0.26288217306137085
vt 0.4833262264728546 0.2660866379737854
vt 0.97255539894104 0.7214304208755493
vt 0.9758468866348267 0.7183353006839752
vt 0.9788577556610107 0.7215372323989868
vt 0.7184513211250305 0.2662316560745239
vt 0.7217428088188171 0.263136625289917
vt 0.7247536778450012 0.2663384675979614
vt 0.22995644807815552 0.2342604398727417
vt 0.23324790596961975 0.23116534948349
vt 0.2362588346004486 0.23436731100082397
vt 0.10480658710002899 0.48656314611434937
vt 0.10480658710002899 0.2255585789680481
vt 0.033630289137363434 0.47735095024108887
vt 0.4008735120296478 0.5789167582988739
vt 0.4008602201938629 0.8707452714443207
vt 0.4749356806278229 0.9667240716516972
vt 0.8123494386672974 0.17546188831329346
vt 0.821718692779541 0.1706322431564331
vt 0.8224329948425293 0.15020650625228882
vt 0.813698947429657 0.1670575737953186
vt 0.7670381665229797 0.6436421871185303
vt 0.7670381665229797 0.6796855330467224
vt 0.7872451543807983 0.6796855330467224
vt 0.7872451543807983 0.6436421871185303
vt 0.8295297026634216 0.6436432003974915
vt 0.8295297026634216 0.679686427116394
vt 0.8497366309165955 0.679686427116394
vt 0.8497366309165955 0.6436432003974915
vt 0.8298194408416748 0.16224205493927002
vt 0.8316139578819275 0.17710191011428833
vt 0.7143604755401611 0.5173522233963013
vt 0.6501642465591431 0.5176282823085785
vt 0.22586561739444733 0.4853810667991638
vt 0.16166932880878448 0.4856570363044739
vt 0.2326042354106903 0.6076100766658783
vt 0.2261580526828766 0.5939339697360992
vt 0.3510429859161377 0.929153636097908
vt 0.3574991524219513 0.9112125784158707
vt 0.09959306567907333 0.5430004298686981
vt 0.03164036199450493 0.5886803269386292
vt 0.9684645533561707 0.9725509993731976
vt 0.9042683243751526 0.9728271309286356
vt 0.8295297026634216 0.6075999438762665
vt 0.8497366309165955 0.6075999736785889
vt 0.7670381665229797 0.6075988113880157
vt 0.7872451543807983 0.6075988113880157
vt 0.7197980284690857 0.8139027506113052
vt 0.687258780002594 0.7851264029741287
vt 0.6872588396072388 0.9788577109575272
vt 0.7197980284690857 0.9788577239960432
vt 0.6547196507453918 0.5659434199333191
vt 0.6547197103500366 0.7116044163703918
vt 0.6872588992118835 0.7349267601966858
vt 0.6872588992118835 0.5659434199333191
vt 0.6547194123268127 0.7172420918941498
vt 0.6497638821601868 0.7101777493953705
vt 0.6497638821601868 0.7419836223125458
vt 0.6547194123268127 0.7447953820228577
vt 0.7197981476783752 0.7774859368801117
vt 0.687258780002594 0.7494972944259644
vt 0.687258780002594 0.7737884819507599
vt 0.7197981476783752 0.8018420487642288
vt 0.7197981476783752 0.7696240991353989
vt 0.7197981476783752 0.5659434199333191
vt 0.10172957926988602 0.5358491241931915
vt 0.026927441358566284 0.5860719084739685
vt 0.5243472456932068 0.6803601682186127
vt 0.6012325882911682 0.6015748679637909
vt 0.6056987047195435 0.5908663868904114
vt 0.5240066647529602 0.6744312644004822
vt 0.525644838809967 0.9759265631437302
vt 0.3997836709022522 0.8769477233290672
vt 0.47714126110076904 0.9771791491657495
vt 0.40062183141708374 0.5334038734436035
vt 0.4788365662097931 0.5233135223388672
vt 0.4728657007217407 0.5178461968898773
vt 0.3997836709022522 0.5266759395599365
vt 0.8984870910644531 0.9787722062319517
vt 0.9743672013282776 0.9788185730576515
vt 0.6443829536437988 0.5235733687877655
vt 0.7202631235122681 0.5236196517944336
vt 0.15588809549808502 0.4916021227836609
vt 0.23176823556423187 0.49164849519729614
vt 0.027766432613134384 0.48268353939056396
vt 0.10393934696912766 0.4931109547615051
vt 0.40233364701271057 0.265251100063324
vt 0.8391247987747192 0.263136625289917
vt 0.8030814528465271 0.263136625289917
vt 0.8030814528465271 0.2726844549179077
vt 0.8391247987747192 0.2726844549179077
vt 0.7670381665229797 0.263136625289917
vt 0.7670381665229797 0.2726844549179077
vt 0.8822706341743469 0.18480879068374634
vt 0.8822706341743469 0.1487654447555542
vt 0.873898446559906 0.1487654447555542
vt 0.873898446559906 0.18480879068374634
vt 0.8822706341743469 0.2208520770072937
vt 0.873898446559906 0.2208520770072937
vt 0.6497641801834106 0.5659433901309967
vt 0.6497641205787659 0.7101779580116272
vt 0.7569434642791748 0.15245741605758667
vt 0.7588265538215637 0.14920610189437866
vt 0.7247535586357117 0.8120583891868591
vt 0.7247536778450012 0.9788577109575272
vt 0.7603708505630493 0.1457940936088562
vt 0.6547194719314575 0.7524884939193726
vt 0.6497638821601868 0.7496767342090607
vt 0.649764358997345 0.9788577519357204
vt 0.6547195315361023 0.9788577239960432
vt 0.3026697337627411 0.44230884313583374
vt 0.2976941168308258 0.44656020402908325
vt 0.2909564673900604 0.4523824453353882
vt 0.10480658710002899 0.48656314611434937
vt 0.033630289137363434 0.47735095024108887
vt 0.10480658710002899 0.2255585789680481
vt 0.4008735120296478 0.5789167582988739
vt 0.4749356806278229 0.9667240716516972
vt 0.4008602201938629 0.8707452714443207
vt 0.8123494386672974 0.17546188831329346
vt 0.813698947429657 0.1670575737953186
vt 0.8224329948425293 0.15020650625228882
vt 0.821718692779541 0.1706322431564331
vt 0.7872451543807983 0.6436421871185303
vt 0.7872451543807983 0.6796855330467224
vt 0.8295297026634216 0.6436432003974915
vt 0.8295297026634216 0.679686427116394
vt 0.8298194408416748 0.16224205493927002
vt 0.8316139578819275 0.17710191011428833
vt 0.7143604755401611 0.5173522233963013
vt 0.6501642465591431 0.5176282823085785
vt 0.22586561739444733 0.4853810667991638
vt 0.16166932880878448 0.4856570363044739
vt 0.2326042354106903 0.6076100766658783
vt 0.2261580526828766 0.5939339697360992
vt 0.3510429859161377 0.929153636097908
vt 0.3574991524219513 0.9112125784158707
vt 0.03164036199450493 0.5886803269386292
vt 0.09959306567907333 0.5430004298686981
vt 0.9684645533561707 0.9725509993731976
vt 0.9042683243751526 0.9728271309286356
vt 0.8295297026634216 0.6075999438762665
vt 0.7872451543807983 0.6075988113880157
vt 0.7197980284690857 0.8139027506113052
vt 0.7197980284690857 0.9788577239960432
vt 0.6872588396072388 0.9788577109575272
vt 0.687258780002594 0.7851264029741287
vt 0.6547196507453918 0.5659434199333191
vt 0.6872588992118835 0.5659434199333191
vt 0.6872588992118835 0.7349267601966858
vt 0.6547197103500366 0.7116044163703918
vt 0.6547194123268127 0.7172420918941498
vt 0.6547194123268127 0.7447953820228577
vt 0.6497638821601868 0.7419836223125458
vt 0.6497638821601868 0.7101777493953705
vt 0.7197981476783752 0.7774859368801117
vt 0.7197981476783752 0.8018420487642288
vt 0.687258780002594 0.7737884819507599
vt 0.687258780002594 0.7494972944259644
vt 0.7197981476783752 0.5659434199333191
vt 0.7197981476783752 0.7696240991353989
vt 0.026927441358566284 0.5860719084739685
vt 0.10172957926988602 0.5358491241931915
vt 0.5243472456932068 0.6803601682186127
vt 0.5240066647529602 0.6744312644004822
vt 0.6056987047195435 0.5908663868904114
vt 0.6012325882911682 0.6015748679637909
vt 0.525644838809967 0.9759265631437302
vt 0.47714126110076904 0.9771791491657495
vt 0.3997836709022522 0.8769477233290672
vt 0.40062183141708374 0.5334038734436035
vt 0.3997836709022522 0.5266759395599365
vt 0.4728657007217407 0.5178461968898773
vt 0.4788365662097931 0.5233135223388672
vt 0.9743672013282776 0.9788185730576515
vt 0.8984870910644531 0.9787722062319517
vt 0.6443829536437988 0.5235733687877655
vt 0.7202631235122681 0.5236196517944336
vt 0.15588809549808502 0.4916021227836609
vt 0.23176823556423187 0.49164849519729614
vt 0.027766432613134384 0.48268353939056396
vt 0.10393934696912766 0.4931109547615051
vt 0.40233364701271057 0.265251100063324
vt 0.8391247987747192 0.263136625289917
vt 0.8391247987747192 0.2726844549179077
vt 0.8030814528465271 0.2726844549179077
vt 0.8030814528465271 0.263136625289917
vt 0.7670381665229797 0.2726844549179077
vt 0.7670381665229797 0.263136625289917
vt 0.8822706341743469 0.18480879068374634
vt 0.873898446559906 0.18480879068374634
vt 0.873898446559906 0.1487654447555542
vt 0.8822706341743469 0.1487654447555542
vt 0.8822706341743469 0.2208520770072937
vt 0.873898446559906 0.2208520770072937
vt 0.6497641801834106 0.5659433901309967
vt 0.6497641205787659 0.7101779580116272
vt 0.7569434642791748 0.15245741605758667
vt 0.7588265538215637 0.14920610189437866
vt 0.7247535586357117 0.8120583891868591
vt 0.7247536778450012 0.9788577109575272
vt 0.7603708505630493 0.1457940936088562
vt 0.6547194719314575 0.7524884939193726
vt 0.6547195315361023 0.9788577239960432
vt 0.649764358997345 0.9788577519357204
vt 0.6497638821601868 0.7496767342090607
vt 0.3026697337627411 0.44230884313583374
vt 0.2976941168308258 0.44656020402908325
vt 0.2909564673900604 0.4523824453353882
vt 0.24123936891555786 0.16430038213729858
vt 0.11194881051778793 0.1812225580215454
vt 0.24123936891555786 0.18122261762619019
vt 0.11194878071546555 0.16544318199157715
vt 0.11381909251213074 0.16430038213729858
vt 0.2857666611671448 0.35310763120651245
vt 0.3015460669994354 0.2753235101699829
vt 0.2857665717601776 0.2753235101699829
vt 0.3026697337627411 0.2766151428222656
vt 0.3026697337627411 0.3572641611099243
vt 0.5283840894699097 0.4543289542198181
vt 0.5413690209388733 0.3748129606246948
vt 0.5256199240684509 0.3752254247665405
vt 0.5441224575042725 0.45364177227020264
vt 0.8199578523635864 0.212582528591156
vt 0.8316139578819275 0.21882104873657227
vt 0.8303654789924622 0.2208520770072937
vt 0.896249532699585 0.9788087159395218
vt 0.5256154537200928 0.2955118417739868
vt 0.5441207885742188 0.21707147359848022
vt 0.5283764600753784 0.21638429164886475
vt 0.5413681864738464 0.29592418670654297
vt 0.7670384049415588 0.34200960397720337
vt 0.7826821208000183 0.34200960397720337
vt 0.7872452139854431 0.3465726971626282
vt 0.3026697039604187 0.2319570779800415
vt 0.2857665717601776 0.16431283950805664
vt 0.2857665717601776 0.2330390214920044
vt 0.3026697039604187 0.16318923234939575
vt 0.2868902087211609 0.16318923234939575
vt 0.28197771310806274 0.936544343829155
vt 0.35092946887016296 0.937306821346283
vt 0.3489049971103668 0.9744410626590252
vt 0.8497366309165955 0.9788577519357204
vt 0.8328143954277039 0.9788577519357204
vt 0.8295297026634216 0.9734819438308477
vt 0.10713765025138855 0.5353954434394836
vt 0.10518785566091537 0.536181628704071
vt 0.5256139039993286 0.3749505281448364
vt 0.5256118774414062 0.29578685760498047
vt 0.6379170417785645 0.21972835063934326
vt 0.7672076225280762 0.20394891500473022
vt 0.6379170417785645 0.20394891500473022
vt 0.7672076225280762 0.2208520770072937
vt 0.6397560238838196 0.22085195779800415
vt 0.9766124486923218 0.978838162496686
vt 0.722508430480957 0.5236392617225647
vt 0.48108139634132385 0.5233331322669983
vt 0.5283896923065186 0.2161095142364502
vt 0.5496241450309753 0.13835108280181885
vt 0.5340355038642883 0.13726121187210083
vt 0.021142248064279556 0.16544318199157715
vt 0.021142248064279556 0.18122267723083496
vt 0.02245580032467842 0.16430038213729858
vt 0.11063522100448608 0.1643003225326538
vt 0.6074793338775635 0.5890541970729828
vt 0.8094921112060547 0.21349263191223145
vt 0.8104242086410522 0.21570652723312378
vt 0.27508100867271423 0.937843382358551
vt 0.27681365609169006 0.9385716840624809
vt 0.5340449213981628 0.5334038734436035
vt 0.5283997058868408 0.4546034336090088
vt 0.5496241450309753 0.5323143899440765
vt 0.15851563215255737 0.538588672876358
vt 0.2255069464445114 0.5791724324226379
vt 0.22336602210998535 0.5388073027133942
vt 0.7026463747024536 0.16096264123916626
vt 0.6925038695335388 0.14431697130203247
vt 0.6910693645477295 0.1616644263267517
vt 0.6937826871871948 0.14231884479522705
vt 0.7016634941101074 0.1483243703842163
vt 0.23401352763175964 0.49166810512542725
vt 0.6421453952789307 0.5236098766326904
vt 0.15365058183670044 0.4916386604309082
vt 0.025532495230436325 0.4827214479446411
vt 0.15089485049247742 0.5345175266265869
vt 0.15283413231372833 0.5345274806022644
vt 0.834092915058136 0.34200865030288696
vt 0.8497366905212402 0.34200865030288696
vt 0.8295297622680664 0.34657174348831177
vt 0.4817222058773041 0.9788577519357204
vt 0.4799968898296356 0.9772709719836712
vt 0.025019455701112747 0.5866096317768097
vt 0.8946553468704224 0.2830635905265808
vt 0.9038877487182617 0.2738885283470154
vt 0.8947744965553284 0.27377164363861084
vt 0.9018059372901917 0.4362185001373291
vt 0.8937245607376099 0.3556364178657532
vt 0.8928208947181702 0.3600408434867859
vt 0.8920676708221436 0.364446222782135
vt 0.892660915851593 0.43271470069885254
vt 0.8926966786384583 0.43682777881622314
vt 0.7247536778450012 0.7769089937210083
vt 0.7247536778450012 0.8120584636926651
vt 0.7221870422363281 0.7751718908548355
vt 0.6606564521789551 0.7544070184230804
vt 0.6784803867340088 0.7696498930454254
vt 0.7247536778450012 0.5659434199333191
vt 0.2780507206916809 0.9396223500370979
vt 0.3473431468009949 0.9788577519357204
vt 0.22319157421588898 0.5365039110183716
vt 0.2230171412229538 0.534200519323349
vt 0.15527459979057312 0.5339721739292145
vt 0.7839413285255432 0.9788577519357204
vt 0.7670381665229797 0.9788577519357204
vt 0.7872452139854431 0.973450617864728
vt 0.45844054222106934 0.1485111117362976
vt 0.46780475974082947 0.1845543384552002
vt 0.46780475974082947 0.1485111117362976
vt 0.4549364745616913 0.1845543384552002
vt 0.4549364745616913 0.1520150899887085
vt 0.46780475974082947 0.22059768438339233
vt 0.45844054222106934 0.22059768438339233
vt 0.4549364745616913 0.2170935869216919
vt 0.4091479182243347 0.22059768438339233
vt 0.3997837007045746 0.18455439805984497
vt 0.3997837007045746 0.22059768438339233
vt 0.41265198588371277 0.18455439805984497
vt 0.41265198588371277 0.2170935869216919
vt 0.3997836709022522 0.1485111117362976
vt 0.4091479182243347 0.1485111117362976
vt 0.41265198588371277 0.15201514959335327
vt 0.7133755087852478 0.1425309181213379
vt 0.7146589756011963 0.16142934560775757
vt 0.7146589756011963 0.14449167251586914
vt 0.9021032452583313 0.47042810916900635
vt 0.8933665752410889 0.5139106810092926
vt 0.9038877487182617 0.6757515668869019
vt 0.8934040069580078 0.518219918012619
vt 0.893997311592102 0.5864864885807037
vt 0.892987072467804 0.5909228026866913
vt 0.8921270370483398 0.5953560471534729
vt 0.8945099115371704 0.6679056286811829
vt 0.8947774171829224 0.6760508120059967
vt 0.3563910722732544 0.2699921131134033
vt 0.34828123450279236 0.4957994818687439
vt 0.3574991822242737 0.4956440329551697
vt 0.3481227159500122 0.4864007830619812
vt 0.3468848168849945 0.4129945635795593
vt 0.3478509187698364 0.408505380153656
vt 0.34746894240379333 0.33072429895401
vt 0.34743639826774597 0.3240925073623657
vt 0.3475547432899475 0.25773948431015015
vt 0.3563975393772125 0.26635342836380005
vt 0.35640403628349304 0.26271480321884155
vt 0.3564576804637909 0.23262792825698853
vt 0.3475622236728668 0.2535512447357178
vt 0.3476954698562622 0.17882198095321655
vt 0.3574991822242737 0.09619277715682983
vt 0.348042368888855 0.17458367347717285
vt 0.34858086705207825 0.10404455661773682
vt 0.3486413061618805 0.09612512588500977
vt 0.11381909251213074 0.16430038213729858
vt 0.24123936891555786 0.16430038213729858
vt 0.11194878071546555 0.16544318199157715
vt 0.3026697337627411 0.2766151428222656
vt 0.3015460669994354 0.2753235101699829
vt 0.3026697337627411 0.3572641611099243
vt 0.5256199240684509 0.3752254247665405
vt 0.5283840894699097 0.4543289542198181
vt 0.8199578523635864 0.212582528591156
vt 0.8316139578819275 0.21882104873657227
vt 0.8303654789924622 0.2208520770072937
vt 0.896249532699585 0.9788087159395218
vt 0.5283764600753784 0.21638429164886475
vt 0.5256154537200928 0.2955118417739868
vt 0.7872452139854431 0.3465726971626282
vt 0.7826821208000183 0.34200960397720337
vt 0.2857665717601776 0.16431283950805664
vt 0.2857665717601776 0.2330390214920044
vt 0.2868902087211609 0.16318923234939575
vt 0.28197771310806274 0.936544343829155
vt 0.35092946887016296 0.937306821346283
vt 0.3489049971103668 0.9744410626590252
vt 0.8295297026634216 0.9734819438308477
vt 0.8328143954277039 0.9788577519357204
vt 0.10713765025138855 0.5353954434394836
vt 0.10518785566091537 0.536181628704071
vt 0.5256118774414062 0.29578685760498047
vt 0.5256139039993286 0.3749505281448364
vt 0.6379170417785645 0.21972835063934326
vt 0.7672076225280762 0.2208520770072937
vt 0.6397560238838196 0.22085195779800415
vt 0.9766124486923218 0.978838162496686
vt 0.722508430480957 0.5236392617225647
vt 0.48108139634132385 0.5233331322669983
vt 0.5340355038642883 0.13726121187210083
vt 0.5283896923065186 0.2161095142364502
vt 0.02245580032467842 0.16430038213729858
vt 0.021142248064279556 0.16544318199157715
vt 0.11063522100448608 0.1643003225326538
vt 0.6074793338775635 0.5890541970729828
vt 0.8094921112060547 0.21349263191223145
vt 0.8104242086410522 0.21570652723312378
vt 0.27508100867271423 0.937843382358551
vt 0.27681365609169006 0.9385716840624809
vt 0.5283997058868408 0.4546034336090088
vt 0.5340449213981628 0.5334038734436035
vt 0.15851563215255737 0.538588672876358
vt 0.2255069464445114 0.5791724324226379
vt 0.22336602210998535 0.5388073027133942
vt 0.6925038695335388 0.14431697130203247
vt 0.6937826871871948 0.14231884479522705
vt 0.7016634941101074 0.1483243703842163
vt 0.23401352763175964 0.49166810512542725
vt 0.6421453952789307 0.5236098766326904
vt 0.15365058183670044 0.4916386604309082
vt 0.025532495230436325 0.4827214479446411
vt 0.15089485049247742 0.5345175266265869
vt 0.15283413231372833 0.5345274806022644
vt 0.834092915058136 0.34200865030288696
vt 0.8295297622680664 0.34657174348831177
vt 0.4817222058773041 0.9788577519357204
vt 0.4799968898296356 0.9772709719836712
vt 0.025019455701112747 0.5866096317768097
vt 0.9018059372901917 0.4362185001373291
vt 0.8947744965553284 0.27377164363861084
vt 0.9038877487182617 0.2738885283470154
vt 0.8946553468704224 0.2830635905265808
vt 0.8937245607376099 0.3556364178657532
vt 0.8928208947181702 0.3600408434867859
vt 0.8920676708221436 0.364446222782135
vt 0.892660915851593 0.43271470069885254
vt 0.8926966786384583 0.43682777881622314
vt 0.7247536778450012 0.7769089937210083
vt 0.7247536778450012 0.8120584636926651
vt 0.7221870422363281 0.7751718908548355
vt 0.6606564521789551 0.7544070184230804
vt 0.6784803867340088 0.7696498930454254
vt 0.7247536778450012 0.5659434199333191
vt 0.2780507206916809 0.9396223500370979
vt 0.3473431468009949 0.9788577519357204
vt 0.22319157421588898 0.5365039110183716
vt 0.2230171412229538 0.534200519323349
vt 0.15527459979057312 0.5339721739292145
vt 0.7839413285255432 0.9788577519357204
vt 0.7872452139854431 0.973450617864728
vt 0.45844054222106934 0.1485111117362976
vt 0.4549364745616913 0.1845543384552002
vt 0.4549364745616913 0.1520150899887085
vt 0.46780475974082947 0.1845543384552002
vt 0.46780475974082947 0.1485111117362976
vt 0.4549364745616913 0.2170935869216919
vt 0.45844054222106934 0.22059768438339233
vt 0.46780475974082947 0.22059768438339233
vt 0.4091479182243347 0.22059768438339233
vt 0.41265198588371277 0.18455439805984497
vt 0.41265198588371277 0.2170935869216919
vt 0.3997837007045746 0.18455439805984497
vt 0.3997837007045746 0.22059768438339233
vt 0.41265198588371277 0.15201514959335327
vt 0.4091479182243347 0.1485111117362976
vt 0.3997836709022522 0.1485111117362976
vt 0.7133755087852478 0.1425309181213379
vt 0.7146589756011963 0.14449167251586914
vt 0.9021032452583313 0.47042810916900635
vt 0.8933665752410889 0.5139106810092926
vt 0.9038877487182617 0.6757515668869019
vt 0.8934040069580078 0.518219918012619
vt 0.893997311592102 0.5864864885807037
vt 0.892987072467804 0.5909228026866913
vt 0.8921270370483398 0.5953560471534729
vt 0.8945099115371704 0.6679056286811829
vt 0.8947774171829224 0.6760508120059967
vt 0.3481227159500122 0.4864007830619812
vt 0.3574991822242737 0.4956440329551697
vt 0.34828123450279236 0.4957994818687439
vt 0.3563910722732544 0.2699921131134033
vt 0.3468848168849945 0.4129945635795593
vt 0.3478509187698364 0.408505380153656
vt 0.34746894240379333 0.33072429895401
vt 0.34743639826774597 0.3240925073623657
vt 0.3475547432899475 0.25773948431015015
vt 0.3563975393772125 0.26635342836380005
vt 0.35640403628349304 0.26271480321884155
vt 0.3564576804637909 0.23262792825698853
vt 0.3475622236728668 0.2535512447357178
vt 0.3476954698562622 0.17882198095321655
vt 0.3574991822242737 0.09619277715682983
vt 0.348042368888855 0.17458367347717285
vt 0.34858086705207825 0.10404455661773682
vt 0.3486413061618805 0.09612512588500977
vt 0.7133755087852478 0.1425309181213379
vt 0.8199578523635864 0.212582528591156
vt 0.7016634941101074 0.1483243703842163
vt 0.6925038695335388 0.14431697130203247
vt 0.7026463747024536 0.16096264123916626
vt 0.7026463747024536 0.16096264123916626
vt 0.7026463747024536 0.16096264123916626
vt 0.3489049971103668 0.9744410626590252
vt 0.15851563215255737 0.538588672876358
vt 0.22336602210998535 0.5388073027133942
vt 0.7146589756011963 0.16142934560775757
vt 0.7146589756011963 0.16142934560775757
vt 0.7133755087852478 0.1425309181213379
vt 0.8199578523635864 0.212582528591156
vt 0.7016634941101074 0.1483243703842163
vt 0.6925038695335388 0.14431697130203247
vt 0.29855069518089294 0.4957994818687439
vt 0.6437277793884277 0.09982264041900635
vt 0.29831498861312866 0.4898425340652466
vt 0.15851563215255737 0.538588672876358
vt 0.22336602210998535 0.5388073027133942
vt 0.7197981476783752 0.5659434199333191
vt 0.7197981476783752 0.7696240991353989
vt 0.2969273030757904 0.39996546506881714
vt 0.29697760939598083 0.4030107855796814
vt 0.8920211791992188 0.7223992645740509
vt 0.4833262264728546 0.2660866379737854
vt 0.9788577556610107 0.7215372323989868
vt 0.6379170417785645 0.2672005891799927
vt 0.2362588346004486 0.23436731100082397
vt 0.021142248064279556 0.22672241926193237
vt 0.7247536778450012 0.2663384675979614
vt 0.14942215383052826 0.23522931337356567
vt 0.2326042354106903 0.975512707605958
vt 0.3574991822242737 0.54129758477211
vt 0.8920211791992188 0.7223992645740509
vt 0.4833262264728546 0.2660866379737854
vt 0.9788577556610107 0.7215372323989868
vt 0.6379170417785645 0.2672005891799927
vt 0.7247536778450012 0.2663384675979614
vt 0.14942215383052826 0.23522931337356567
vt 0.2362588346004486 0.23436731100082397
vt 0.021142248064279556 0.22672241926193237
vt 0.35104304552078247 0.5413385927677155
vt 0.22618311643600464 0.9754747748374939
vt 0.6006655097007751 0.9755971934646368
vt 0.09959312528371811 0.9752529188990593
vt 0.2817859947681427 0.5413722097873688
vt 0.47495338320732117 0.5789200961589813
vt 0.15704329311847687 0.9752416275441647
vt 0.0281903725117445 0.9747976902872324
vt 0.2326042354106903 0.975512707605958
vt 0.3574991822242737 0.54129758477211
vt 0.6056987047195435 0.5908663868904114
vt 0.6074793338775635 0.9755879454314709
vt 0.021142248064279556 0.9747167862951756
vt 0.2748887240886688 0.5414007008075714
vt 0.4817222058773041 0.5789406895637512
vt 0.10713766515254974 0.975234292447567
vt 0.14942215383052826 0.975183391943574
vt 0.6056987047195435 0.5908663868904114
vt 0.0281903725117445 0.9747976902872324
vt 0.22618311643600464 0.9754747748374939
vt 0.6006655097007751 0.9755971934646368
vt 0.2817859947681427 0.5413722097873688
vt 0.09959312528371811 0.9752529188990593
vt 0.35104304552078247 0.5413385927677155
vt 0.47495338320732117 0.5789200961589813
vt 0.15704329311847687 0.9752416275441647
vt 0.3489049971103668 0.9744410626590252
vt 0.29697760939598083 0.4030107855796814
vt 0.2969273030757904 0.39996546506881714
vt 0.6437277793884277 0.09982264041900635
vt 0.22995644807815552 0.2342604398727417
vt 0.7184513211250305 0.2662316560745239
vt 0.97255539894104 0.7214304208755493
vt 0.47701898217201233 0.2659796476364136
vt 0.898306131362915 0.7222433984279633
vt 0.6442019939422607 0.2670446038246155
vt 0.027419913560152054 0.22656279802322388
vt 0.15570712089538574 0.23507338762283325
vt 0.8123494386672974 0.17546188831329346
vt 0.29855069518089294 0.4957994818687439
vt 0.29831498861312866 0.4898425340652466
vt 0.4008602201938629 0.8707452714443207
vt 0.4749356806278229 0.9667240716516972
vt 0.8123494386672974 0.17546188831329346
vt 0.821718692779541 0.1706322431564331
vt 0.8224329948425293 0.15020650625228882
vt 0.8224329948425293 0.15020650625228882
vt 0.2976941168308258 0.44656020402908325
vt 0.898306131362915 0.7222433984279633
vt 0.6442019939422607 0.2670446038246155
vt 0.15570712089538574 0.23507338762283325
vt 0.027419913560152054 0.22656279802322388
vt 0.47701898217201233 0.2659796476364136
vt 0.97255539894104 0.7214304208755493
vt 0.7184513211250305 0.2662316560745239
vt 0.22995644807815552 0.2342604398727417
vt 0.6074793338775635 0.9755879454314709
vt 0.021142248064279556 0.9747167862951756
vt 0.10713766515254974 0.975234292447567
vt 0.14942215383052826 0.975183391943574
vt 0.2748887240886688 0.5414007008075714
vt 0.4817222058773041 0.5789406895637512
vt 0.2976941168308258 0.44656020402908325
vt 0.7197981476783752 0.7696240991353989
vt 0.7197981476783752 0.5659434199333191
vt 0.4749356806278229 0.9667240716516972
vt 0.4008602201938629 0.8707452714443207
vt 0.8224329948425293 0.15020650625228882
vt 0.8224329948425293 0.15020650625228882
vt 0.821718692779541 0.1706322431564331
vn 0 1 0
vn 0 1 0
vn 0 1 0
vn 0 -1 0
vn 0 -1 0
vn 0 -1 0
vn 0 -1 0
vn 0 -1 0
vn 0 -1 0
vn 0 1 0
vn 9.120773825088653e-8 0.999999999999996 0
vn 1.5333261771388607e-8 1 2.928900899590303e-9
vn 0 -1 0
vn 0 -1 0
vn 0 -1 0
vn 0 1 0
vn 9.131279909979601e-8 0.9999999999999958 0
vn 6.882345360281745e-8 0.9999999999999978 0
vn 0 -1 0
vn 0 -1 0
vn 0 -1 0
vn 0 1 0
vn 0 1 0
vn 0 1 0
vn 0.9051678077444337 -0.4250543963107966 8.381122367107009e-9
vn 0.999997906662147 -0.0020461357051839214 0
vn 0.9073596339581406 -0.41601862077104756 -0.06022459493516239
vn 0.8536697915886869 -0.36534480500585187 -0.37117524214872405
vn 0.853669683262785 -0.36534472025664305 -0.3711755747063801
vn 0.9998655244410943 -0.011778761544620068 -0.01141025024311771
vn 0.99844717552056 0.05490868142585956 0.009395445656793315
vn 0.2698450304675317 0.9628991788623723 0.002971679347769135
vn 0.9962303923416086 0.08011059692169349 0.03327608203702108
vn 0.9925384890204202 0.07060180121679639 -0.09941193830725269
vn 0.9962663110382927 0.07960966005351494 0.03340268726189179
vn 0.9998335008193479 -0.011215058561375234 -0.01439420372204792
vn 0.9999991878993293 0.0012744413214172865 0
vn 0.9858787152775824 -0.07651958506571813 -0.14895607360558924
vn 0.9881369059094102 -0.1535625280900815 0.002001286176540673
vn 0.9997453863994683 0.016493209098125232 0.01539923461161242
vn 0.36137299624534747 -0.6381273670536012 -0.6798551470731824
vn 0.785903541588847 -0.4001182759111089 -0.47144563695088887
vn 0.4227240026444163 -0.5405558272054538 -0.7273952263127048
vn 0.9928351791616116 -0.008556094664324354 0.11918515118598215
vn 0 1 0
vn 0 1 0
vn 0 1 0
vn 0 1 0
vn 0 1 0
vn 0 1 0
vn 0 1 0
vn 0 1 0
vn 1.5333261771388607e-8 1 2.928900899590303e-9
vn 9.120774368729168e-8 0.9999999999999958 0
vn 0 1 0
vn 6.882345360281745e-8 0.9999999999999978 0
vn 0 -1 0
vn 0 -1 0
vn 0 -1 0
vn 0 -1 0
vn 0 -1 0
vn 0 -1 0
vn 0 -1 0
vn 0 -1 0
vn 0 -1 0
vn 0 -1 0
vn 0 -1 0
vn 0 -1 0
vn 0 1 0
vn 0 1 0
vn 0 1 0
vn 0 -1 0
vn 0 -1 0
vn 0 -1 0
vn 0 -1 0
vn 0 -1 0
vn 0 -1 0
vn 0 1 0
vn -1.5333259995031767e-8 1 2.928900899590303e-9
vn -9.120774368729168e-8 0.9999999999999958 0
vn 0 -1 0
vn 0 -1 0
vn 0 -1 0
vn 0 1 0
vn -6.882345360281745e-8 0.9999999999999978 0
vn -9.131281331065072e-8 0.9999999999999958 0
vn 0 -1 0
vn 0 -1 0
vn 0 -1 0
vn 0 1 0
vn 0 1 0
vn 0 1 0
vn -0.9051678077444337 -0.4250543963107966 8.381122367107009e-9
vn -0.9941039492454985 -0.10731263254726951 -0.01553502463074482
vn -0.9999994671615623 -0.0010323161296491696 0
vn -0.8536697915886869 -0.36534480500585187 -0.37117524214872405
vn -0.9998655244410943 -0.011778761544620068 -0.01141025024311771
vn -0.853669683262785 -0.36534472025664305 -0.3711755747063801
vn -0.99844717552056 0.05490868142585956 0.009395445656793315
vn -0.9962303923416086 0.08011059692169349 0.03327608203702108
vn -0.2651352291099884 0.9642068164973724 0.002919812459153864
vn -0.9925384890204202 0.07060180121679639 -0.09941193830725269
vn -0.9962663110382927 0.07960966005351494 0.03340268726189179
vn -0.9998335008193479 -0.011215058561375234 -0.01439420372204792
vn -0.9858787152775824 -0.07651958506571813 -0.14895607360558924
vn -0.9999991878993293 0.0012744413214172865 0
vn -0.8807076215992082 -0.4736200869216806 0.006172399968082713
vn -0.9997453863994683 0.016493209098125232 0.01539923461161242
vn -0.36137299624534747 -0.6381273670536012 -0.6798551470731824
vn -0.4227240026444163 -0.5405558272054538 -0.7273952263127048
vn -0.785903541588847 -0.4001182759111089 -0.47144563695088887
vn -0.9897607560986389 -0.01022048759798679 0.14236989611680662
vn 0 1 0
vn 0 1 0
vn 0 1 0
vn 0 1 0
vn 0 1 0
vn 0 1 0
vn 0 1 0
vn -1.5333259995031767e-8 1 2.928900899590303e-9
vn 0 1 0
vn -9.120774535631389e-8 0.999999999999996 0
vn -6.882345360281745e-8 0.9999999999999978 0
vn 0 1 0
vn 0 -1 0
vn 0 -1 0
vn 0 -1 0
vn 0 -1 0
vn 0 -1 0
vn 0 -1 0
vn 0 -1 0
vn 0 -1 0
vn 0 -1 0
vn 0 -1 0
vn 0 -1 0
vn 0 -1 0
vn 0.9998481839684709 -0.01742437290385326 -0.000015615967593894563
vn 1 0 0
vn 0.9945379094797199 -0.014857153699868 0.10331317240142675
vn 1 0 0
vn 1 0 0
vn 0.998427347621968 0.00009093737900890935 0.05606088878135038
vn 0.5581640060505503 0.04701479943561883 0.8283975802618148
vn 0.49139150222859673 0.050189951845643864 0.869491437721646
vn 0.4332098702826216 0.13779826589417515 0.8906968318155579
vn 0.997851893200156 -0.0003724572610547238 0.065509239901354
vn 0 0 -1
vn 0 0 -1
vn 0 0 -1
vn 0 0 -1
vn 0 0 1
vn 0 0 1
vn 0 0 1
vn 0 0 1
vn 0.9999260851321212 0.0007219828233299384 -0.0121368452718414
vn 0.9853300952643878 0.005225568959062152 -0.17057929767508961
vn 0.998182459589854 -0.01664514440477783 -0.05791991483845186
vn 0.9939276791011371 -0.014751480326720866 0.10904202192181274
vn 0.998182459589854 -0.01664514440477783 -0.05791991483845186
vn 0.9939276791011371 -0.014751480326720866 0.10904202192181274
vn 0.8793135758588241 0.0058171204192114506 -0.47620772402429234
vn 0.9999260851321212 0.0007219828233299384 -0.0121368452718414
vn 0.997851893200156 -0.0003724572610547238 0.065509239901354
vn 0.9672542624163527 -0.00688014767408922 0.2537160921293334
vn 0.9984628156893164 0.006953998189346581 -0.05498770403412687
vn 0.9985387242936419 0.007718516905854049 0.05348682625470072
vn 0.9981824593733833 -0.016645145395102562 -0.05791991828447328
vn 0.9939276808565569 -0.014751477512112239 0.10904200630177315
vn 0 0 1
vn 0 0 1
vn 0 0 -1
vn 0 0 -1
vn 0.99844717552056 0.05490868142585956 0.009395445656793315
vn 0.9997453863994683 0.016493209098125232 0.01539923461161242
vn 1 0 0
vn 0.9845207607895973 0.17526799928758408 0
vn 0.9988744607632016 -0.04743217931977403 0
vn 0.9847794782285285 -0.17380845566297146 0
vn 0.9997405989962375 -0.015328961417562983 -0.016845107910104587
vn 1 0 0
vn 0.9928351791616116 -0.008556094664324354 0.11918515118598215
vn 0.1984502703107252 -0.9801109581132129 0
vn 0.37044471212110586 -0.9288545178129409 0
vn 0.9073596339581406 -0.41601862077104756 -0.06022459493516239
vn 0.9962663110382927 0.07960966005351494 0.03340268726189179
vn 0.9950731322699177 0.06677302323432764 0.07328591135192783
vn 0.9998335008193479 -0.011215058561375234 -0.01439420372204792
vn 0.9925384890204202 0.07060180121679639 -0.09941193830725269
vn 0.9998655244410943 -0.011778761544620068 -0.01141025024311771
vn 1 0 0
vn 0.24744283808707979 0.842914450361749 0.4777732425018815
vn 0.16076751947966456 0.8576378504657571 0.488478374269354
vn 0.9998751044594325 0.009656715908171628 0.012510928027435612
vn 0.9989423608892515 0.007830265333281948 -0.04530834984656408
vn 0.7071077046740427 0.43205495563778573 0.5597563838844873
vn 0.7071072907720026 0.4320551662890092 0.5597567441487911
vn 1 0 0
vn 0.05600347632488617 0.13088758903496892 -0.9898141490583678
vn 0.598054960605189 0.4897041444740932 -0.6344447296498112
vn 0.7122284689283942 -0.7019474426815523 0.0006290951788832116
vn 0.7170957199734999 -0.6969736094866428 0.0012312899125339447
vn 0.998367570855414 -0.01644452973291996 -0.05469708315918413
vn 0.9998524354113671 -0.017178690344666663 0
vn 0.7176936080910816 -0.6963590201219519 0
vn 0.7176936080910816 -0.6963590201219519 0
vn 0.7176936089766001 -0.6963590192093035 0
vn 0.7176936080910816 -0.6963590201219519 0
vn 0.7176936089766001 -0.6963590192093035 0
vn 0.7176936080910816 -0.6963590201219519 0
vn 0.7122284689283942 -0.7019474426815523 -0.0006290951788832116
vn 0.7071064090141372 -0.7071061109908893 -0.0012141377482445138
vn 1 0 0
vn -1 0 0
vn -1 0 0
vn -1 0 0
vn -1 0 0
vn -1 0 0
vn -1 0 0
vn -1 0 0
vn -1 0 0
vn -1 0 0
vn -1 0 0
vn -1 0 0
vn -1 0 0
vn 0.3038906049146916 -0.9527069330306057 0
vn 0.1984502703107252 -0.9801109581132129 0
vn 0.8995519183951922 -0.304562088560802 0.31312662027207394
vn 0.42562839857590884 -0.9008128742242194 -0.08588732128555472
vn 0.2698450304675317 0.9628991788623723 0.002971679347769135
vn 0.2529154647538547 0.9674883811645191 0
vn 0.37044471212110586 -0.9288545178129409 0
vn 0.9881369059094102 -0.1535625280900815 0.002001286176540673
vn 0.151138584249475 -0.988512583810173 0
vn 0.3923418244197599 -0.9198194892537201 0
vn 0.9953074986242801 -0.09676250917725711 0
vn 0.9950731322699177 0.06677302323432764 0.07328591135192783
vn 0.8065367808988758 0.39925482264687634 0.4359977151895295
vn 0.9997405989962375 -0.015328961417562983 -0.016845107910104587
vn -0.9998481839684709 -0.01742437290385326 -0.000015615967593894563
vn -0.9945379110107974 -0.014857153722740383 0.10331315765931445
vn -1 0 0
vn -1 0 0
vn -0.9994598976001347 1.5106043332874986e-10 0.0328620311169039
vn -1 0 0
vn -0.9999941684991461 0.00004921586926488404 0.0034147540906119176
vn -0.9993970167387957 -0.00019740993873292045 0.03472123216292038
vn -0.9672542624163527 -0.00688014767408922 0.2537160921293334
vn -0.49139150222859673 0.050189951845643864 0.869491437721646
vn 0 0 -1
vn 0 0 -1
vn 0 0 1
vn 0 0 1
vn -0.9996934904075978 0.0014701371215820568 -0.024713638613482376
vn -0.9853300952667852 0.005225568493413584 -0.17057929767550467
vn -0.9981824593744778 -0.016645144401186335 -0.057919918551244814
vn -0.9939276807161231 -0.014751480350689848 0.10904200719782932
vn -0.9981824593744778 -0.016645144401186335 -0.057919918551244814
vn -0.9939276807161231 -0.014751480350689848 0.10904200719782932
vn -0.8793135758588241 0.0058171204192114506 -0.47620772402429234
vn -0.9996934904075978 0.0014701371215820568 -0.024713638613482376
vn -0.9993970167387957 -0.00019740993873292045 0.03472123216292038
vn -0.9672542624163527 -0.00688014767408922 0.2537160921293334
vn -0.9994098808347815 0.00786838328779394 0.03343618749564848
vn -0.9955840078785019 0.006684165957618397 -0.09363655900357461
vn -0.9981824591889545 -0.0166451435293819 -0.057919921999062186
vn -0.99392768166405 -0.014751477524096727 0.10904199893978096
vn 0 0 1
vn 0 0 -1
vn -0.99844717552056 0.05490868142585956 0.009395445656793315
vn -0.9845207607895973 0.17526799928758408 0
vn -1 0 0
vn -0.9997453863994683 0.016493209098125232 0.01539923461161242
vn -0.9988744607632016 -0.04743217931977403 0
vn -1 0 0
vn -0.9997405989962375 -0.015328961417562983 -0.016845107910104587
vn -0.9847794782285285 -0.17380845566297146 0
vn -0.9897607560986389 -0.01022048759798679 0.14236989611680662
vn -0.9941039492454985 -0.10731263254726951 -0.01553502463074482
vn -0.3704447326304239 -0.9288545096334375 0
vn -0.19845027303174193 -0.9801109575622685 0
vn -0.9962663110382927 0.07960966005351494 0.03340268726189179
vn -0.9925384890204202 0.07060180121679639 -0.09941193830725269
vn -0.9998335008193479 -0.011215058561375234 -0.01439420372204792
vn -0.9955619712053011 0.0633816951387536 0.06956379957386886
vn -1 0 0
vn -0.9998655244410943 -0.011778761544620068 -0.01141025024311771
vn -0.16076750496364217 0.8576378525203338 0.4884783754395638
vn -0.15206127692747465 0.8598515014698032 0.48737333070174327
vn -0.9998751044594325 0.009656715908171628 0.012510928027435612
vn -0.7071072907720026 0.4320551662890092 0.5597567441487911
vn -0.7071077046740427 0.43205495563778573 0.5597563838844873
vn -0.996536274456581 0.007540798443135424 -0.08281660492339696
vn -1 0 0
vn -0.5980551851651694 0.4897040437193168 -0.63444459573867
vn -0.05600350221090374 0.13088760348970171 -0.9898141456823276
vn -0.7122284689283942 -0.7019474426815523 0.0006290951788832116
vn -0.9998524354113671 -0.017178690344666663 0
vn -0.9983675706519843 -0.016444529729569186 -0.05469708687332909
vn -0.7170957199734999 -0.6969736094866428 0.0012312899125339447
vn -0.7176936080910816 -0.6963590201219519 0
vn -0.7176936080910816 -0.6963590201219519 0
vn -0.7176936089766001 -0.6963590192093035 0
vn -0.7176936080910816 -0.6963590201219519 0
vn -0.7176936089766001 -0.6963590192093035 0
vn -0.7176936080910816 -0.6963590201219519 0
vn -0.7122284689283942 -0.7019474426815523 -0.0006290951788832116
vn -0.7071064090141372 -0.7071061109908893 -0.0012141377482445138
vn -1 0 0
vn 1 0 0
vn 1 0 0
vn 1 0 0
vn 1 0 0
vn 1 0 0
vn 1 0 0
vn 1 0 0
vn 1 0 0
vn 1 0 0
vn 1 0 0
vn 1 0 0
vn 1 0 0
vn -0.3038906049146916 -0.9527069330306057 0
vn -0.19845027303174193 -0.9801109575622685 0
vn -0.8995519183951922 -0.304562088560802 0.31312662027207394
vn -0.42562842270689216 -0.9008128622212253 -0.08588732759171891
vn -0.2651352291099884 0.9642068164973724 0.002919812459153864
vn -0.26273682777491353 0.9648675346029503 0
vn -0.3704447326304239 -0.9288545096334375 0
vn -0.8807076215992082 -0.4736200869216806 0.006172399968082713
vn -0.9964887573350342 -0.08372667737871535 0
vn -0.3845548071229235 -0.9231021613660381 0
vn -0.15369454544381625 -0.9881184072269977 0
vn -0.9955619712053011 0.0633816951387536 0.06956379957386886
vn -0.8065367808988758 0.39925482264687634 0.4359977151895295
vn -0.9997405989962375 -0.015328961417562983 -0.016845107910104587
vn -7.116590437044511e-8 0.27105812963930903 0.962562979942837
vn 1.31310753149381e-9 0.7538026089352226 0.6571009258572478
vn 3.286365215020441e-8 0.1844348554339286 0.9828447405877823
vn -3.182167858678284e-7 0.6138976106044114 0.7893856622045357
vn -0.000004818420017346253 0.6110187580461469 0.7916161173779418
vn -3.989352404399457e-8 0.8868545693346921 -0.4620486693522407
vn -7.990738224872782e-7 0.6812377629469881 -0.7320622311896335
vn 6.893324435475371e-7 0.7244416233702538 -0.6893361548099709
vn -0.00018288210523366509 0.8699488442527062 -0.4931419419776787
vn -0.016389842344464202 0.9004224732702768 -0.43470765198896716
vn 0 -1 0
vn 0 -1 0
vn 0 -1 0
vn 0 -1 0
vn 0.6394492781718457 0.14411586067574128 -0.7552054285737064
vn 0.9938493736880344 0.01100103531631389 -0.11019255710741681
vn 0.09738177154748394 0.7773418502593019 -0.6214953245244236
vn 0.7072725454777153 -0.00032076650877045876 0.7069409052546897
vn 0 -1 0
vn 0 -1 0
vn 0 -1 0
vn 0 -1 0
vn 0 0 -1
vn 0 0 -1
vn 0 0 -1
vn 0 1 0
vn 0.0880463277423927 0.9961163808366366 0
vn 0.21878203809739827 0.9757737544154119 0
vn 1.9408328403048985e-7 0.9585666034550542 0.2848685078077307
vn -6.387231097690594e-7 0.8726960844178522 0.4882638059915368
vn 0.9995034458703445 0.003681310949692694 -0.03129392341971874
vn 0.9999941684991461 0.00004921586926488404 0.0034147540906119176
vn 1 0 0
vn 3.286365215020441e-8 0.1844348554339286 0.9828447405877823
vn -7.116590437044511e-8 0.27105812963930903 0.962562979942837
vn 0 0 1
vn 0.7534862970512337 0.0009526003367344986 -0.6574629211663716
vn 0.7071067811865475 0 -0.7071067811865475
vn 0 -1 0
vn 0 -1 0
vn -7.990738224872782e-7 0.6812377629469881 -0.7320622311896335
vn 0 0.2937399779781864 -0.9558853620269402
vn 6.893324435475371e-7 0.7244416233702538 -0.6893361548099709
vn 0.05600347632488617 0.13088758903496892 -0.9898141490583678
vn 0.598054960605189 0.4897041444740932 -0.6344447296498112
vn 0.7072720389778759 -0.00032076625834387055 -0.7069414119918885
vn 0.7072720389778759 -0.00032076625834387055 -0.7069414119918885
vn 0.7072725752800302 -0.00032076652228658426 -0.7069408754383865
vn 0 -1 0
vn 0 -1 0
vn 0 -1 0
vn -6.387231097690594e-7 0.8726960844178522 0.4882638059915368
vn 1.9408328403048985e-7 0.9585666034550542 0.2848685078077307
vn 0.24744283808707979 0.842914450361749 0.4777732425018815
vn 0.16076751947966456 0.8576378504657571 0.488478374269354
vn 0.7537833315070868 0.0010658545137128296 -0.657122175167018
vn 0.6511412157695455 0.07594908651169216 0.7551469084782096
vn 0.2434040922101812 0.7658642118395315 0.5951524652715057
vn 0.7532223744955142 0.0010525870996513115 -0.6577651150826843
vn 0.7085128788285069 0.6114471352543702 -0.3523377659623863
vn 0 -1 0
vn 0 -1 0
vn 0 -1 0
vn 0.9959496988551281 0.00012979689422002008 0.0899120709534929
vn 0.9853300952643878 0.005225568959062152 -0.17057929767508961
vn 0.9938493736880344 0.01100103531631389 -0.11019255710741681
vn 4.066924293635237e-9 0.9996611876206178 0.026029021590061867
vn -0.016389842344464202 0.9004224732702768 -0.43470765198896716
vn -3.989352404399457e-8 0.8868545693346921 -0.4620486693522407
vn 0.2434040922101812 0.7658642118395315 0.5951524652715057
vn 0.6394492781718457 0.14411586067574128 -0.7552054285737064
vn 0.7072720389778759 -0.00032076625834387055 -0.7069414119918885
vn 0.7072720389640496 -0.000320765794747896 0.706941412005932
vn 0.7072720389640496 -0.000320765794747896 0.706941412005932
vn 0.7072725454777153 -0.00032076650877045876 0.7069409052546897
vn 0.7077678617244205 0.0017756173728459882 0.7064428505498422
vn 0.7071067811865476 0 0.7071067811865476
vn 0 0 1
vn 0 0 1
vn 0 0 1
vn 0.7095877939165987 0.0019756770905705536 0.7046142628591961
vn 0.7071084501145263 8.815318649677072e-7 0.7071051122540803
vn 0.7073878170229294 0.001971491812161916 0.7068228841425332
vn 0 1 0
vn 0.2529154647538547 0.9674883811645191 0
vn 0 1 0
vn 0.2698450304675317 0.9628991788623723 0.002971679347769135
vn 0 1 0
vn 0 1 0
vn 0 1 0
vn 0 1 0
vn 0 1 0
vn 0.16203941022992965 0.9867842872342145 3.5025631459390946e-9
vn 0.2698450304675317 0.9628991788623723 0.002971679347769135
vn 0.7095739215678994 0.7046217292821337 0.003615031702195796
vn 0.999997906662147 -0.0020461357051839214 0
vn 0.9999991878993293 0.0012744413214172865 0
vn 0.7071067513842252 0.7071068109888685 -5.846155444532966e-12
vn 0.7085128788285069 0.6114471352543702 -0.3523377659623863
vn 0.7070398169245793 0.6152041336558678 -0.348738542773796
vn 0.7071063639539039 0.707107198418945 0
vn 0.21878203809739827 0.9757737544154119 0
vn 0.0880463277423927 0.9961163808366366 0
vn 0.05600347632488617 0.13088758903496892 -0.9898141490583678
vn 0 0.2937399779781864 -0.9558853620269402
vn 0 0 -1
vn 0 0 -1
vn 0 0 -1
vn 0 0 -1
vn 0 0 -1
vn 0 0 -1
vn 0 0 -1
vn 0 0 -1
vn 0 0 -1
vn 0 0 1
vn 0 0 1
vn 0 0 1
vn 0 0 1
vn 0 0 1
vn 0 0 1
vn 0 0 1
vn 0 0 1
vn 0.09738177154748394 0.7773418502593019 -0.6214953245244236
vn 3.574323694584186e-9 0.828986212146422 -0.5592690408659569
vn -0.0638053093132362 0.047740368086043254 -0.9968198130848179
vn 0.16203941022992965 0.9867842872342145 3.5025631459390946e-9
vn 1.5333261771388607e-8 1 2.928900899590303e-9
vn 4.999631997293358e-8 0.9999999999999989 4.6218322502511406e-9
vn 9.120773825088653e-8 0.999999999999996 0
vn 9.120774368729168e-8 0.9999999999999958 0
vn 6.882345360281745e-8 0.9999999999999978 0
vn 9.131279909979601e-8 0.9999999999999958 0
vn 8.372017889467799e-8 0.9999999999999964 1.0513068376312192e-8
vn 0 0.9999999999999947 1.0415416795694854e-7
vn 0.151138584249475 -0.988512583810173 0
vn 0 -1 0
vn 0.3923418244197599 -0.9198194892537201 0
vn 0 -1 0
vn 0 -1 0
vn 0 -1 0
vn 0 -1 0
vn 0 -1 0
vn 0 -1 0
vn 0.42562839857590884 -0.9008128742242194 -0.08588732128555472
vn 0.37044471212110586 -0.9288545178129409 0
vn 0.1984502703107252 -0.9801109581132129 0
vn 0 -1 0
vn 0 -1 0
vn 0.3038906049146916 -0.9527069330306057 0
vn 0 -1 0
vn 0 -1 0
vn 0 -1 0
vn 3.0614287049584255e-7 0.6110187580532113 0.7916161173870941
vn 0 0.16565809484689636 0.986183246466749
vn 3.194175666159122e-7 0.6138569994222295 0.7894172434525577
vn 0.00009961121202180856 0.8699577281948568 -0.493126293389077
vn -5.8150222661588854e-8 0.6124420975113201 -0.7905154503208215
vn 0.016389693160553553 0.9004224638041068 -0.4347076772211926
vn 0 -1 0
vn 0 -1 0
vn -0.6394492781718457 0.14411586067574128 -0.7552054285737064
vn -0.9938493737832087 0.011001035045815606 -0.11019255627602406
vn -0.09738177966690283 0.7773418554672387 -0.6214953167383143
vn -0.7072725752800302 -0.00032076652228658426 0.7069408754383865
vn 0 -1 0
vn 0 -1 0
vn 0 0 -1
vn 0 0 -1
vn -0.08804633296998156 0.9961163803745721 0
vn -0.21878205228530676 0.9757737512342857 0
vn 0 0.9615039527965754 0.27479110021352693
vn -0.9957494838522468 0.00650834997384767 -0.09187277501306784
vn -0.9999941684991461 0.00004921586926488404 0.0034147540906119176
vn -1 0 0
vn 0 0 1
vn 0 0.16565809484689636 0.986183246466749
vn -0.708365566644196 0.0017765762093854714 -0.7058435150724411
vn -0.7071067811865476 0 -0.7071067811865476
vn 0 -1 0
vn 0 -1 0
vn -5.8150222661588854e-8 0.6124420975113201 -0.7905154503208215
vn -0.05600350221090374 0.13088760348970171 -0.9898141456823276
vn -0.5980551851651694 0.4897040437193168 -0.63444459573867
vn -0.7072720389640496 -0.000320765794747896 -0.706941412005932
vn -0.7072720389640496 -0.000320765794747896 -0.706941412005932
vn -0.7072725454777153 -0.00032076650877045876 -0.7069409052546897
vn 0 -1 0
vn 0 -1 0
vn -0.15206127692747465 0.8598515014698032 0.48737333070174327
vn 0 0.9615039527965754 0.27479110021352693
vn -0.16076750496364217 0.8576378525203338 0.4884783754395638
vn -0.7095806960914604 0.0019755760953836274 -0.7046214109956138
vn -0.6511412157695455 0.07594908651169216 0.7551469084782096
vn -0.2434040922101812 0.7658642118395315 0.5951524652715057
vn -0.7073921067443376 0.0019715530415731816 -0.7068185907956948
vn -0.7085127603777833 0.6114472551182957 -0.3523377961419346
vn 0 -1 0
vn 0 -1 0
vn -0.9995182530905029 0 0.031036458221088532
vn -0.9853300952667852 0.005225568493413584 -0.17057929767550467
vn -0.9938493737832087 0.011001035045815606 -0.11019255627602406
vn 0.016389693160553553 0.9004224638041068 -0.4347076772211926
vn -0.2434040922101812 0.7658642118395315 0.5951524652715057
vn -0.6394492781718457 0.14411586067574128 -0.7552054285737064
vn -0.7072720389640496 -0.000320765794747896 -0.706941412005932
vn -0.7072720389778759 -0.00032076625834387055 0.7069414119918885
vn -0.7072720389778759 -0.00032076625834387055 0.7069414119918885
vn -0.7072725752800302 -0.00032076652228658426 0.7069408754383865
vn -0.7533342448240977 0.0009493636989230435 0.6576371448480335
vn -0.7071067811865476 0 0.7071067811865476
vn 0 0 1
vn 0 0 1
vn -0.7537861354136023 0.0010659244828438302 0.657118958684973
vn -0.7071082713006923 9.279280506746528e-7 0.7071052910686537
vn -0.7532209287478931 0.0010525441211051711 0.6577667707075466
vn -0.2651352291099884 0.9642068164973724 0.002919812459153864
vn 0 1 0
vn -0.26273682777491353 0.9648675346029503 0
vn 0 1 0
vn 0 1 0
vn 0 1 0
vn 0 1 0
vn 0 1 0
vn 0 1 0
vn -0.1620394247398354 0.9867842848515491 3.505831412237429e-9
vn -0.2651352291099884 0.9642068164973724 0.002919812459153864
vn -0.7095739215678994 0.7046217292821337 0.003615031702195796
vn -0.9999994671615623 -0.0010323161296491696 0
vn -0.9999991878993293 0.0012744413214172865 0
vn -0.7071067513842252 0.7071068109888685 0
vn -0.7085127603777833 0.6114472551182957 -0.3523377961419346
vn -0.707039846732546 0.6152041077294069 -0.3487385280769568
vn -0.7071063937562274 0.7071071686166555 0
vn -0.21878205228530676 0.9757737512342857 0
vn -0.08804633296998156 0.9961163803745721 0
vn -0.05600350221090374 0.13088760348970171 -0.9898141456823276
vn 0 0 -1
vn 0 0 -1
vn 0 0 -1
vn 0 0 -1
vn 0 0 -1
vn 0 0 -1
vn 0 0 -1
vn 0 0 -1
vn 0 0 -1
vn 0 0 1
vn 0 0 1
vn 0 0 1
vn 0 0 1
vn 0 0 1
vn 0 0 1
vn 0 0 1
vn 0 0 1
vn -0.09738177966690283 0.7773418554672387 -0.6214953167383143
vn 0.06380530926784593 0.04774038295324195 -0.9968198123756933
vn -0.1620394247398354 0.9867842848515491 3.505831412237429e-9
vn -1.5333259995031767e-8 1 2.928900899590303e-9
vn -4.999631997293358e-8 0.9999999999999989 4.6218322502511406e-9
vn -9.120774368729168e-8 0.9999999999999958 0
vn -9.120774535631389e-8 0.999999999999996 0
vn -6.882345360281745e-8 0.9999999999999978 0
vn -9.131281331065072e-8 0.9999999999999958 0
vn -8.372017889467799e-8 0.9999999999999964 1.0513068376312192e-8
vn 0 0.9999999999999947 1.0415416795694854e-7
vn 0 -1 0
vn -0.3845548071229235 -0.9231021613660381 0
vn 0 -1 0
vn -0.15369454544381625 -0.9881184072269977 0
vn 0 -1 0
vn 0 -1 0
vn 0 -1 0
vn 0 -1 0
vn 0 -1 0
vn -0.42562842270689216 -0.9008128622212253 -0.08588732759171891
vn -0.3704447326304239 -0.9288545096334375 0
vn -0.19845027303174193 -0.9801109575622685 0
vn 0 -1 0
vn 0 -1 0
vn -0.3038906049146916 -0.9527069330306057 0
vn 0 -1 0
vn 0 -1 0
vn 0 -1 0
vn 0.06380530926784593 0.04774038295324195 -0.9968198123756933
vn -0.5696107541409308 0.14131445677217425 0.8096751281064433
vn -0.5696107541409308 0.14131445677217425 0.8096751281064433
vn -0.30248868240768906 0.524900730526217 0.7956002891580066
vn 0.20716215461254003 0.7840306051696798 0.5851323370431306
vn 0 0.7930174959411392 -0.6091988600869548
vn -0.2071621734547872 0.7840306232945741 0.5851323060862476
vn 0.7070717893275079 0.6151750158811471 -0.3487250845190616
vn -0.7071063639539039 0.707107198418945 0
vn -0.7071063937562274 0.7071071686166555 0
vn -0.0638053093132362 0.047740368086043254 -0.9968198130848179
vn 0.06380530926784593 0.04774038295324195 -0.9968198123756933
vn -0.0638053093132362 0.047740368086043254 -0.9968198130848179
vn 0.5696107553403883 0.1413144421685864 0.8096751298114162
vn 0.5696107553403883 0.1413144421685864 0.8096751298114162
vn 0.30248868240768906 0.524900730526217 0.7956002891580066
vn -0.6405777232708875 0.5124184288040737 0.5719156705940576
vn -0.8599971877957688 -0.3136341399653006 -0.40254001444775067
vn -0.6405779111928406 0.5124179115730647 0.5719159235332726
vn 0.7071063639539039 0.707107198418945 0
vn 0.7071063937562274 0.7071071686166555 0
vn -0.7071067215818992 0.7071068407911908 0
vn -0.7071066917795769 0.7071068705935067 -1.046731120001297e-9
vn -0.7095739215678994 0.7046217292821337 0.003615031702195796
vn -0.866093942971774 0.32660314794803125 0.3784331720370745
vn 0.7119747677155329 -0.00016284852514492288 0.7022050296151195
vn 0.7119748264966648 -0.00016284852587523038 -0.7022049700161641
vn 0.7119742941949947 -0.00016284839493628856 -0.7022055097234282
vn 0.7119742345960663 -0.00016284814847371569 0.7022055701515235
vn 0.7119742941949947 -0.00016284839493628856 -0.7022055097234282
vn 0.7119747677155329 -0.00016284852514492288 0.7022050296151195
vn 0.7119742941949947 -0.00016284839493628856 -0.7022055097234282
vn 0.7119742345960663 -0.00016284814847371569 0.7022055701515235
vn -0.7341068811292861 -0.005400388375212403 -0.6790124615086449
vn -0.8597401711744321 -0.00295887668815541 0.5107230982809593
vn -0.7119748264966648 -0.00016284852587523038 0.7022049700161641
vn -0.7119747677155329 -0.00016284852514492288 -0.7022050296151195
vn -0.7119742345960663 -0.00016284814847371569 -0.7022055701515235
vn -0.7119742941949947 -0.00016284839493628856 0.7022055097234282
vn -0.7119742345960663 -0.00016284814847371569 -0.7022055701515235
vn -0.7119742941949947 -0.00016284839493628856 0.7022055097234282
vn -0.7119742345960663 -0.00016284814847371569 -0.7022055701515235
vn -0.7119748264966648 -0.00016284852587523038 0.7022049700161641
vn -0.9984954772369031 0.00002662567250661192 0.054834124671803035
vn -0.9994433970854739 -0.00016929881726631063 -0.03335966666737433
vn -0.9997008445662611 0 -0.024458564420351603
vn -0.9997147712545043 0 -0.023882548765870763
vn -0.9997337215252643 0 -0.02307565915082411
vn -0.9956402650213122 0.00015160552705239863 0.09327614745504624
vn -0.9952166791840924 0.00014118041917921329 0.09769207512319852
vn -0.9952317659962759 0.00015629609049913815 0.09753823621260503
vn 0.7341068811292861 -0.005400388375212403 -0.6790124615086449
vn 0.8597401711744321 -0.00295887668815541 0.5107230982809593
vn 0.7071060659301989 -9.176936211715869e-7 -0.7071074964415773
vn 0.8012893196624564 0.0022386193731904424 -0.5982728598041029
vn 0.7532784163243035 0.001053905522052961 0.6577009326305536
vn 0.8012889131574072 0.0022386182390073095 -0.5982734042554467
vn 0.7538691851592848 0.0010678874226908404 0.6570236763494359
vn 0.8012892523972178 0.0020140164796597308 -0.5982737481540766
vn 0.7533789418258743 0.000950315211333475 0.6575859388052068
vn -0.7071061851395405 -9.176933574670006e-7 -0.7071073772324564
vn 0.9990188743785491 0 0.04428643850454496
vn 0.9978174189175445 -0.0003351118139562071 -0.06603246326468469
vn 0.9984333533041465 0.00009093990973179092 -0.055953826855455344
vn 0.9952315742330445 0.00015630385399698253 -0.09754019283721516
vn 0.998520389450241 0.0000788885602707776 -0.054378540148979235
vn 0.9996060465925097 0.000013628381110811276 0.02806690987551419
vn 0.9991256272074022 0 0.04180886338343888
vn 0.9996982345358928 0 0.02456501304333897
vn -0.7070716631672064 0.6151751290428348 -0.3487251406954942
vn 0.866093942971774 0.32660314794803125 0.3784331720370745
vn 0.7095739215678994 0.7046217292821337 0.003615031702195796
vn 0.8599971877957688 -0.3136341399653006 -0.40254001444775067
vn 0.9983362031679798 0 -0.057661299362243096
vn 0.9983362031679798 0 -0.057661299362243096
vn 0.9983362029698046 0 -0.05766130279340611
vn 0.9985170695389444 0 -0.054439524606291846
vn 0.9995573988530636 0 0.02974905709594006
vn 0.9995573988530636 0 0.02974905709594006
vn 0.9996069396551689 0 0.0280350886074478
vn 0.9995573988530636 0 0.02974905709594006
vn -0.5581640060505503 0.04701479943561883 0.8283975802618148
vn 0.6405777232708875 0.5124184288040737 0.5719156705940576
vn 0.6405779111928406 0.5124179115730647 0.5719159235332726
vn 0.7071063334178925 0.4320558263089333 -0.55975744407092
vn 0.7071062084193803 0.43205588237625614 -0.5597575586973728
vn 0.9999941684991461 0.00004921586926488404 0.0034147540906119176
vn 0.6581790934433445 0.057536832036731586 -0.750659572584853
vn 0.9672542624163527 -0.00688014767408922 0.2537160921293334
vn 0.8793135758588241 0.0058171204192114506 -0.47620772402429234
vn -0.9065844931787612 -0.30212241141683105 -0.2946635458408246
vn -0.9995573988530636 0 0.02974905709594006
vn -0.9995573988530636 0 0.02974905709594006
vn -0.9995573988530636 0 0.02974905709594006
vn -0.9996069396551689 0 0.0280350886074478
vn -0.9985170695389444 0 -0.054439524606291846
vn -0.9983362029698046 0 -0.05766130279340611
vn -0.9983362031679798 0 -0.057661299362243096
vn -0.9983362031679798 0 -0.057661299362243096
vn -0.7538672180223196 0.0010678425705450698 -0.6570259335091216
vn -0.8012893196624564 0.0022386193731904424 0.5982728598041029
vn -0.7535385978633942 0.0009537139595273488 -0.6574029753201254
vn -0.8012892523972178 0.0020140164796597308 0.5982737481540766
vn -0.7532791906866974 0.001053935123870238 -0.6577000456888753
vn -0.8012893196624564 0.0022386193731904424 0.5982728598041029
vn 0.90658448501592 -0.3021224384988579 -0.2946635431876889
vn 0.7071066917795769 0.7071068705935067 -1.046731120001297e-9
vn 0.7071067215818992 0.7071068407911908 0
vn -0.7071062084193803 0.43205588237625614 -0.5597575586973728
vn -0.7071063334178925 0.4320558263089333 -0.55975744407092
vn -0.4332098702826216 0.13779826589417515 0.8906968318155579
vn -0.8793135758588241 0.0058171204192114506 -0.47620772402429234
vn -0.6581790934433445 0.057536832036731586 -0.750659572584853
f 329/329/329 330/330/330 331/331/331
f 332/332/332 333/333/333 334/334/334
f 335/335/335 336/336/336 337/337/337
f 338/338/338 339/339/339 340/340/340
f 341/341/341 342/342/342 343/343/343
f 344/344/344 345/345/345 346/346/346
f 347/347/347 348/348/348 349/349/349
f 350/350/350 351/351/351 352/352/352
f 353/353/353 354/354/354 355/355/355
f 356/356/356 357/357/357 358/358/358
f 359/359/359 360/360/360 361/361/361
f 1017/1017/1017 362/362/362 361/361/361
f 363/363/363 1016/1016/1016 1015/1015/1015
f 364/364/364 365/365/365 366/366/366
f 367/367/367 354/354/354 353/353/353
f 365/365/365 368/368/368 366/366/366
f 369/369/369 370/370/370 371/371/371
f 1027/1027/1027 372/372/372 1028/1028/1028
f 373/373/373 374/374/374 375/375/375
f 376/376/376 377/377/377 378/378/378
f 379/379/379 380/380/380 381/381/381
f 382/382/382 383/383/383 384/384/384
f 385/385/385 386/386/386 387/387/387
f 388/388/388 389/389/389 390/390/390
f 391/391/391 392/392/392 393/393/393
f 394/394/394 395/395/395 396/396/396
f 397/397/397 398/398/398 399/399/399
f 400/400/400 401/401/401 402/402/402
f 403/403/403 404/404/404 405/405/405
f 406/406/406 407/407/407 408/408/408
f 409/409/409 410/410/410 411/411/411
f 412/412/412 413/413/413 414/414/414
f 415/415/415 416/416/416 417/417/417
f 418/418/418 419/419/419 420/420/420
f 421/421/421 422/422/422 423/423/423
f 424/424/424 425/425/425 426/426/426
f 427/427/427 428/428/428 429/429/429
f 962/962/962 428/428/428 430/430/430
f 431/431/431 969/969/969 968/968/968
f 432/432/432 433/433/433 434/434/434
f 435/435/435 421/421/421 423/423/423
f 434/434/434 433/433/433 436/436/436
f 437/437/437 438/438/438 439/439/439
f 961/961/961 963/963/963 440/440/440
f 441/441/441 442/442/442 443/443/443
f 444/444/444 445/445/445 446/446/446
f 447/447/447 448/448/448 449/449/449
f 450/450/450 451/451/451 452/452/452
f 453/453/453 454/454/454 455/455/455
f 456/456/456 457/457/457 458/458/458
f 459/459/459 460/460/460 461/461/461
f 462/462/462 463/463/463 464/464/464
f 465/465/465 466/466/466 1024/1024/1024
f 465/465/465 1024/1024/1024 467/467/467
f 468/468/468 469/469/469 470/470/470
f 468/468/468 470/470/470 1012/1012/1012
f 471/471/471 472/472/472 473/473/473
f 1031/1031/1031 1033/1033/1033 474/474/474
f 475/475/475 476/476/476 477/477/477
f 475/475/475 477/477/477 478/478/478
f 479/479/479 480/480/480 481/481/481
f 479/479/479 481/481/481 482/482/482
f 483/483/483 1034/1034/1034 1032/1032/1032
f 483/483/483 1032/1032/1032 484/484/484
f 485/485/485 1019/1019/1019 1023/1023/1023
f 485/485/485 1023/1023/1023 486/486/486
f 487/487/487 1018/1018/1018 1025/1025/1025
f 487/487/487 1025/1025/1025 488/488/488
f 489/489/489 490/490/490 1007/1007/1007
f 489/489/489 1007/1007/1007 996/996/996
f 491/491/491 492/492/492 997/997/997
f 491/491/491 997/997/997 1011/1011/1011
f 1010/1010/1010 493/493/493 494/494/494
f 1010/1010/1010 494/494/494 1006/1006/1006
f 495/495/495 1020/1020/1020 1022/1022/1022
f 495/495/495 1022/1022/1022 496/496/496
f 497/497/497 479/479/479 482/482/482
f 497/497/497 482/482/482 498/498/498
f 499/499/499 475/475/475 478/478/478
f 499/499/499 478/478/478 500/500/500
f 501/501/501 502/502/502 503/503/503
f 501/501/501 503/503/503 504/504/504
f 505/505/505 506/506/506 507/507/507
f 505/505/505 507/507/507 508/508/508
f 509/509/509 510/510/510 511/511/511
f 509/509/509 511/511/511 512/512/512
f 513/513/513 514/514/514 515/515/515
f 513/513/513 515/515/515 516/516/516
f 508/508/508 507/507/507 517/517/517
f 508/508/508 517/517/517 518/518/518
f 494/494/494 493/493/493 519/519/519
f 494/494/494 519/519/519 520/520/520
f 521/521/521 522/522/522 523/523/523
f 521/521/521 523/523/523 524/524/524
f 1008/1008/1008 522/522/522 521/521/521
f 1008/1008/1008 521/521/521 525/525/525
f 1030/1030/1030 1029/1029/1029 526/526/526
f 1030/1030/1030 526/526/526 527/527/527
f 528/528/528 529/529/529 530/530/530
f 528/528/528 530/530/530 531/531/531
f 495/495/495 496/496/496 532/532/532
f 495/495/495 532/532/532 533/533/533
f 534/534/534 535/535/535 485/485/485
f 534/534/534 485/485/485 486/486/486
f 536/536/536 537/537/537 487/487/487
f 536/536/536 487/487/487 488/488/488
f 538/538/538 539/539/539 465/465/465
f 538/538/538 465/465/465 467/467/467
f 530/530/530 1021/1021/1021 540/540/540
f 530/530/530 540/540/540 531/531/531
f 541/541/541 542/542/542 543/543/543
f 541/541/541 543/543/543 544/544/544
f 542/542/542 545/545/545 546/546/546
f 542/542/542 546/546/546 543/543/543
f 547/547/547 548/548/548 549/549/549
f 547/547/547 549/549/549 550/550/550
f 551/551/551 547/547/547 550/550/550
f 551/551/551 550/550/550 552/552/552
f 553/553/553 554/554/554 506/506/506
f 553/553/553 506/506/506 505/505/505
f 555/555/555 367/367/367 353/353/353
f 555/555/555 353/353/353 556/556/556
f 557/557/557 501/501/501 504/504/504
f 557/557/557 504/504/504 558/558/558
f 556/556/556 353/353/353 355/355/355
f 556/556/556 355/355/355 559/559/559
f 560/560/560 561/561/561 562/562/562
f 560/560/560 562/562/562 563/563/563
f 368/368/368 359/359/359 361/361/361
f 368/368/368 361/361/361 366/366/366
f 564/564/564 363/363/363 1015/1015/1015
f 564/564/564 1015/1015/1015 565/565/565
f 1050/1050/1050 356/356/356 358/358/358
f 1050/1050/1050 358/358/358 566/566/566
f 370/370/370 1050/1050/1050 566/566/566
f 370/370/370 566/566/566 371/371/371
f 372/372/372 564/564/564 565/565/565
f 372/372/372 565/565/565 1028/1028/1028
f 362/362/362 364/364/364 366/366/366
f 362/362/362 366/366/366 361/361/361
f 567/567/567 568/568/568 1039/1039/1039
f 567/567/567 1039/1039/1039 569/569/569
f 570/570/570 993/993/993 571/571/571
f 570/570/570 571/571/571 572/572/572
f 573/573/573 574/574/574 575/575/575
f 1026/1026/1026 1055/1055/1055 576/576/576
f 475/475/475 577/577/577 578/578/578
f 475/475/475 578/578/578 476/476/476
f 579/579/579 482/482/482 481/481/481
f 579/579/579 481/481/481 580/580/580
f 581/581/581 582/582/582 1057/1057/1057
f 581/581/581 1057/1057/1057 1056/1056/1056
f 583/583/583 584/584/584 1037/1037/1037
f 583/583/583 1037/1037/1037 1042/1042/1042
f 585/585/585 586/586/586 1038/1038/1038
f 585/585/585 1038/1038/1038 1043/1043/1043
f 587/587/587 978/978/978 989/989/989
f 587/587/587 989/989/989 588/588/588
f 589/589/589 988/988/988 979/979/979
f 589/589/589 979/979/979 590/590/590
f 991/991/991 995/995/995 591/591/591
f 991/991/991 591/591/591 592/592/592
f 593/593/593 594/594/594 1036/1036/1036
f 593/593/593 1036/1036/1036 1041/1041/1041
f 595/595/595 498/498/498 482/482/482
f 595/595/595 482/482/482 579/579/579
f 499/499/499 596/596/596 577/577/577
f 499/499/499 577/577/577 475/475/475
f 597/597/597 598/598/598 599/599/599
f 597/597/597 599/599/599 600/600/600
f 601/601/601 602/602/602 603/603/603
f 601/601/601 603/603/603 604/604/604
f 605/605/605 606/606/606 607/607/607
f 605/605/605 607/607/607 608/608/608
f 609/609/609 610/610/610 611/611/611
f 609/609/609 611/611/611 612/612/612
f 602/602/602 613/613/613 614/614/614
f 602/602/602 614/614/614 603/603/603
f 591/591/591 615/615/615 616/616/616
f 591/591/591 616/616/616 592/592/592
f 617/617/617 618/618/618 619/619/619
f 617/617/617 619/619/619 620/620/620
f 990/990/990 621/621/621 617/617/617
f 990/990/990 617/617/617 620/620/620
f 1053/1053/1053 622/622/622 623/623/623
f 1053/1053/1053 623/623/623 1054/1054/1054
f 624/624/624 625/625/625 626/626/626
f 624/624/624 626/626/626 627/627/627
f 593/593/593 628/628/628 629/629/629
f 593/593/593 629/629/629 594/594/594
f 630/630/630 584/584/584 583/583/583
f 630/630/630 583/583/583 631/631/631
f 632/632/632 586/586/586 585/585/585
f 632/632/632 585/585/585 633/633/633
f 634/634/634 568/568/568 567/567/567
f 634/634/634 567/567/567 635/635/635
f 626/626/626 625/625/625 636/636/636
f 626/626/626 636/636/636 1040/1040/1040
f 637/637/637 638/638/638 639/639/639
f 637/637/637 639/639/639 640/640/640
f 640/640/640 639/639/639 641/641/641
f 640/640/640 641/641/641 642/642/642
f 643/643/643 644/644/644 645/645/645
f 643/643/643 645/645/645 646/646/646
f 647/647/647 648/648/648 644/644/644
f 647/647/647 644/644/644 643/643/643
f 649/649/649 601/601/601 604/604/604
f 649/649/649 604/604/604 650/650/650
f 651/651/651 652/652/652 421/421/421
f 651/651/651 421/421/421 435/435/435
f 653/653/653 654/654/654 598/598/598
f 653/653/653 598/598/598 597/597/597
f 652/652/652 655/655/655 422/422/422
f 652/652/652 422/422/422 421/421/421
f 656/656/656 657/657/657 658/658/658
f 656/656/656 658/658/658 659/659/659
f 436/436/436 433/433/433 428/428/428
f 436/436/436 428/428/428 427/427/427
f 660/660/660 661/661/661 969/969/969
f 660/660/660 969/969/969 431/431/431
f 1035/1035/1035 662/662/662 425/425/425
f 1035/1035/1035 425/425/425 424/424/424
f 439/439/439 438/438/438 662/662/662
f 439/439/439 662/662/662 1035/1035/1035
f 440/440/440 963/963/963 661/661/661
f 440/440/440 661/661/661 660/660/660
f 430/430/430 428/428/428 433/433/433
f 430/430/430 433/433/433 432/432/432
f 663/663/663 664/664/664 665/665/665
f 664/664/664 663/663/663 666/666/666
f 666/666/666 663/663/663 667/667/667
f 668/668/668 669/669/669 670/670/670
f 669/669/669 668/668/668 671/671/671
f 671/671/671 668/668/668 672/672/672
f 673/673/673 674/674/674 675/675/675
f 674/674/674 673/673/673 676/676/676
f 677/677/677 484/484/484 1032/1032/1032
f 484/484/484 677/677/677 678/678/678
f 678/678/678 677/677/677 679/679/679
f 496/496/496 970/970/970 680/680/680
f 970/970/970 496/496/496 1022/1022/1022
f 681/681/681 682/682/682 683/683/683
f 682/682/682 681/681/681 684/684/684
f 500/500/500 685/685/685 499/499/499
f 685/685/685 500/500/500 686/686/686
f 686/686/686 500/500/500 687/687/687
f 688/688/688 689/689/689 690/690/690
f 689/689/689 688/688/688 691/691/691
f 689/689/689 691/691/691 692/692/692
f 693/693/693 1011/1011/1011 1009/1009/1009
f 1011/1011/1011 693/693/693 491/491/491
f 491/491/491 693/693/693 694/694/694
f 694/694/694 693/693/693 695/695/695
f 480/480/480 696/696/696 481/481/481
f 696/696/696 480/480/480 697/697/697
f 697/697/697 480/480/480 698/698/698
f 699/699/699 1010/1010/1010 1003/1003/1003
f 1010/1010/1010 699/699/699 493/493/493
f 493/493/493 699/699/699 700/700/700
f 701/701/701 684/684/684 702/702/702
f 684/684/684 701/701/701 674/674/674
f 703/703/703 704/704/704 705/705/705
f 704/704/704 703/703/703 706/706/706
f 706/706/706 703/703/703 707/707/707
f 972/972/972 495/495/495 708/708/708
f 495/495/495 972/972/972 1020/1020/1020
f 976/976/976 485/485/485 709/709/709
f 485/485/485 976/976/976 1019/1019/1019
f 971/971/971 530/530/530 710/710/710
f 530/530/530 971/971/971 1021/1021/1021
f 711/711/711 712/712/712 713/713/713
f 712/712/712 711/711/711 682/682/682
f 664/664/664 714/714/714 715/715/715
f 714/714/714 664/664/664 716/716/716
f 716/716/716 664/664/664 717/717/717
f 717/717/717 664/664/664 666/666/666
f 718/718/718 1008/1008/1008 999/999/999
f 1008/1008/1008 718/718/718 522/522/522
f 522/522/522 718/718/718 998/998/998
f 471/471/471 958/958/958 472/472/472
f 958/958/958 471/471/471 719/719/719
f 958/958/958 719/719/719 720/720/720
f 721/721/721 1009/1009/1009 1001/1001/1001
f 1009/1009/1009 721/721/721 693/693/693
f 693/693/693 721/721/721 722/722/722
f 723/723/723 676/676/676 724/724/724
f 676/676/676 723/723/723 725/725/725
f 490/490/490 1013/1013/1013 1007/1007/1007
f 1013/1013/1013 490/490/490 726/726/726
f 726/726/726 490/490/490 727/727/727
f 726/726/726 727/727/727 728/728/728
f 729/729/729 730/730/730 731/731/731
f 960/960/960 949/949/949 732/732/732
f 732/732/732 949/949/949 959/959/959
f 974/974/974 487/487/487 734/734/734
f 487/487/487 974/974/974 1018/1018/1018
f 486/486/486 973/973/973 735/735/735
f 973/973/973 486/486/486 1023/1023/1023
f 488/488/488 977/977/977 736/736/736
f 977/977/977 488/488/488 1025/1025/1025
f 467/467/467 975/975/975 737/737/737
f 975/975/975 467/467/467 1024/1024/1024
f 726/726/726 1004/1004/1004 1013/1013/1013
f 1004/1004/1004 726/726/726 738/738/738
f 738/738/738 726/726/726 739/739/739
f 740/740/740 498/498/498 741/741/741
f 498/498/498 740/740/740 497/497/497
f 497/497/497 740/740/740 742/742/742
f 470/470/470 1002/1002/1002 1012/1012/1012
f 1002/1002/1002 470/470/470 743/743/743
f 743/743/743 470/470/470 744/744/744
f 494/494/494 1000/1000/1000 1006/1006/1006
f 1000/1000/1000 494/494/494 745/745/745
f 745/745/745 494/494/494 520/520/520
f 746/746/746 747/747/747 748/748/748
f 747/747/747 746/746/746 749/749/749
f 749/749/749 746/746/746 750/750/750
f 749/749/749 750/750/750 751/751/751
f 749/749/749 751/751/751 752/752/752
f 749/749/749 752/752/752 753/753/753
f 749/749/749 753/753/753 754/754/754
f 755/755/755 516/516/516 756/756/756
f 516/516/516 755/755/755 513/513/513
f 513/513/513 755/755/755 757/757/757
f 758/758/758 509/509/509 512/512/512
f 509/509/509 758/758/758 514/514/514
f 514/514/514 758/758/758 759/759/759
f 514/514/514 759/759/759 515/515/515
f 760/760/760 757/757/757 755/755/755
f 757/757/757 760/760/760 1051/1051/1051
f 1051/1051/1051 760/760/760 1052/1052/1052
f 761/761/761 952/952/952 693/693/693
f 952/952/952 761/761/761 762/762/762
f 763/763/763 964/964/964 965/965/965
f 964/964/964 763/763/763 764/764/764
f 964/964/964 764/764/764 765/765/765
f 766/766/766 476/476/476 767/767/767
f 476/476/476 766/766/766 477/477/477
f 477/477/477 766/766/766 768/768/768
f 769/769/769 770/770/770 771/771/771
f 770/770/770 769/769/769 772/772/772
f 772/772/772 769/769/769 773/773/773
f 772/772/772 774/774/774 770/770/770
f 774/774/774 772/772/772 775/775/775
f 775/775/775 772/772/772 776/776/776
f 777/777/777 778/778/778 779/779/779
f 778/778/778 777/777/777 780/780/780
f 780/780/780 777/777/777 781/781/781
f 780/780/780 782/782/782 778/778/778
f 782/782/782 780/780/780 783/783/783
f 783/783/783 780/780/780 784/784/784
f 503/503/503 560/560/560 563/563/563
f 560/560/560 503/503/503 758/758/758
f 758/758/758 503/503/503 759/759/759
f 759/759/759 503/503/503 502/502/502
f 950/950/950 785/785/785 733/733/733
f 785/785/785 950/950/950 786/786/786
f 957/957/957 955/955/955 787/787/787
f 754/754/754 788/788/788 749/749/749
f 788/788/788 754/754/754 789/789/789
f 788/788/788 789/789/789 790/790/790
f 790/790/790 789/789/789 791/791/791
f 790/790/790 791/791/791 792/792/792
f 790/790/790 792/792/792 793/793/793
f 790/790/790 793/793/793 794/794/794
f 790/790/790 794/794/794 795/795/795
f 790/790/790 795/795/795 796/796/796
f 797/797/797 798/798/798 799/799/799
f 798/798/798 797/797/797 800/800/800
f 800/800/800 797/797/797 801/801/801
f 801/801/801 797/797/797 802/802/802
f 802/802/802 797/797/797 803/803/803
f 803/803/803 797/797/797 804/804/804
f 804/804/804 797/797/797 805/805/805
f 805/805/805 797/797/797 806/806/806
f 805/805/805 806/806/806 807/807/807
f 805/805/805 807/807/807 808/808/808
f 805/805/805 808/808/808 809/809/809
f 809/809/809 808/808/808 810/810/810
f 810/810/810 808/808/808 811/811/811
f 810/810/810 811/811/811 812/812/812
f 812/812/812 811/811/811 813/813/813
f 813/813/813 811/811/811 814/814/814
f 665/665/665 815/815/815 816/816/816
f 815/815/815 665/665/665 817/817/817
f 817/817/817 665/665/665 664/664/664
f 818/818/818 670/670/670 819/819/819
f 670/670/670 818/818/818 668/668/668
f 668/668/668 818/818/818 820/820/820
f 676/676/676 821/821/821 674/674/674
f 821/821/821 676/676/676 822/822/822
f 582/582/582 823/823/823 1057/1057/1057
f 823/823/823 582/582/582 824/824/824
f 823/823/823 824/824/824 825/825/825
f 980/980/980 594/594/594 826/826/826
f 594/594/594 980/980/980 1036/1036/1036
f 684/684/684 827/827/827 682/682/682
f 827/827/827 684/684/684 828/828/828
f 499/499/499 829/829/829 596/596/596
f 829/829/829 499/499/499 830/830/830
f 830/830/830 499/499/499 685/685/685
f 831/831/831 688/688/688 832/832/832
f 688/688/688 831/831/831 691/691/691
f 691/691/691 831/831/831 833/833/833
f 589/589/589 992/992/992 988/988/988
f 992/992/992 589/589/589 834/834/834
f 834/834/834 589/589/589 835/835/835
f 834/834/834 835/835/835 836/836/836
f 481/481/481 837/837/837 580/580/580
f 837/837/837 481/481/481 838/838/838
f 838/838/838 481/481/481 696/696/696
f 592/592/592 1046/1046/1046 991/991/991
f 1046/1046/1046 592/592/592 839/839/839
f 839/839/839 592/592/592 840/840/840
f 674/674/674 841/841/841 684/684/684
f 841/841/841 674/674/674 842/842/842
f 843/843/843 844/844/844 845/845/845
f 844/844/844 843/843/843 704/704/704
f 704/704/704 843/843/843 705/705/705
f 593/593/593 982/982/982 846/846/846
f 982/982/982 593/593/593 1041/1041/1041
f 583/583/583 984/984/984 847/847/847
f 984/984/984 583/583/583 1042/1042/1042
f 626/626/626 981/981/981 848/848/848
f 981/981/981 626/626/626 1040/1040/1040
f 682/682/682 849/849/849 712/712/712
f 849/849/849 682/682/682 850/850/850
f 851/851/851 715/715/715 852/852/852
f 715/715/715 851/851/851 664/664/664
f 664/664/664 851/851/851 853/853/853
f 664/664/664 853/853/853 817/817/817
f 620/620/620 1044/1044/1044 990/990/990
f 1044/1044/1044 620/620/620 854/854/854
f 854/854/854 620/620/620 1005/1005/1005
f 946/946/946 1026/1026/1026 576/576/576
f 1026/1026/1026 946/946/946 855/855/855
f 855/855/855 946/946/946 856/856/856
f 834/834/834 1048/1048/1048 992/992/992
f 1048/1048/1048 834/834/834 857/857/857
f 857/857/857 834/834/834 858/858/858
f 725/725/725 859/859/859 676/676/676
f 859/859/859 725/725/725 860/860/860
f 861/861/861 989/989/989 994/994/994
f 989/989/989 861/861/861 588/588/588
f 588/588/588 861/861/861 862/862/862
f 862/862/862 861/861/861 863/863/863
f 864/864/864 729/729/729 731/731/731
f 951/951/951 948/948/948 865/865/865
f 951/951/951 865/865/865 947/947/947
f 585/585/585 986/986/986 867/867/867
f 986/986/986 585/585/585 1043/1043/1043
f 983/983/983 584/584/584 868/868/868
f 584/584/584 983/983/983 1037/1037/1037
f 985/985/985 586/586/586 869/869/869
f 586/586/586 985/985/985 1038/1038/1038
f 987/987/987 568/568/568 870/870/870
f 568/568/568 987/987/987 1039/1039/1039
f 871/871/871 994/994/994 1047/1047/1047
f 994/994/994 871/871/871 861/861/861
f 861/861/861 871/871/871 872/872/872
f 873/873/873 595/595/595 874/874/874
f 595/595/595 873/873/873 498/498/498
f 498/498/498 873/873/873 741/741/741
f 875/875/875 993/993/993 1049/1049/1049
f 993/993/993 875/875/875 571/571/571
f 571/571/571 875/875/875 876/876/876
f 877/877/877 995/995/995 1045/1045/1045
f 995/995/995 877/877/877 591/591/591
f 591/591/591 877/877/877 615/615/615
f 878/878/878 879/879/879 880/880/880
f 879/879/879 878/878/878 881/881/881
f 881/881/881 878/878/878 882/882/882
f 882/882/882 878/878/878 883/883/883
f 883/883/883 878/878/878 884/884/884
f 884/884/884 878/878/878 885/885/885
f 885/885/885 878/878/878 886/886/886
f 610/610/610 887/887/887 888/888/888
f 887/887/887 610/610/610 609/609/609
f 887/887/887 609/609/609 889/889/889
f 612/612/612 606/606/606 605/605/605
f 606/606/606 612/612/612 890/890/890
f 890/890/890 612/612/612 891/891/891
f 891/891/891 612/612/612 611/611/611
f 889/889/889 892/892/892 887/887/887
f 892/892/892 889/889/889 967/967/967
f 892/892/892 967/967/967 966/966/966
f 1014/1014/1014 893/893/893 834/834/834
f 893/893/893 1014/1014/1014 894/894/894
f 953/953/953 895/895/895 954/954/954
f 895/895/895 953/953/953 896/896/896
f 896/896/896 953/953/953 897/897/897
f 898/898/898 578/578/578 899/899/899
f 578/578/578 898/898/898 476/476/476
f 476/476/476 898/898/898 767/767/767
f 900/900/900 901/901/901 902/902/902
f 901/901/901 900/900/900 903/903/903
f 903/903/903 900/900/900 904/904/904
f 903/903/903 905/905/905 901/901/901
f 905/905/905 903/903/903 906/906/906
f 906/906/906 903/903/903 907/907/907
f 908/908/908 909/909/909 910/910/910
f 909/909/909 908/908/908 911/911/911
f 911/911/911 908/908/908 912/912/912
f 911/911/911 913/913/913 909/909/909
f 913/913/913 911/911/911 914/914/914
f 914/914/914 911/911/911 915/915/915
f 890/890/890 657/657/657 656/656/656
f 657/657/657 890/890/890 599/599/599
f 599/599/599 890/890/890 891/891/891
f 599/599/599 891/891/891 600/600/600
f 916/916/916 950/950/950 866/866/866
f 950/950/950 916/916/916 786/786/786
f 956/956/956 945/945/945 917/917/917
f 918/918/918 886/886/886 878/878/878
f 886/886/886 918/918/918 919/919/919
f 919/919/919 918/918/918 920/920/920
f 919/919/919 920/920/920 921/921/921
f 921/921/921 920/920/920 922/922/922
f 922/922/922 920/920/920 923/923/923
f 923/923/923 920/920/920 924/924/924
f 924/924/924 920/920/920 925/925/925
f 925/925/925 920/920/920 926/926/926
f 927/927/927 928/928/928 929/929/929
f 928/928/928 927/927/927 930/930/930
f 930/930/930 927/927/927 931/931/931
f 930/930/930 931/931/931 932/932/932
f 930/930/930 932/932/932 933/933/933
f 930/930/930 933/933/933 934/934/934
f 930/930/930 934/934/934 935/935/935
f 930/930/930 935/935/935 936/936/936
f 936/936/936 935/935/935 937/937/937
f 937/937/937 935/935/935 938/938/938
f 938/938/938 935/935/935 939/939/939
f 938/938/938 939/939/939 940/940/940
f 938/938/938 940/940/940 941/941/941
f 941/941/941 940/940/940 942/942/942
f 941/941/941 942/942/942 943/943/943
f 941/941/941 943/943/943 944/944/944
o Object_8
usemtl Material.002
v 3.342215995261883e-7 -3.4415467694086583 -2.0661346265497618
v -1.3978585828765495e-7 2.62672952572093 -2.021898376667738
v 0.21426170523713353 2.6324996359104764 -2.044160651167987
v 0.2142621635704164 -3.435012305327593 -2.0662785931900416
v 0.2142621635704164 -3.435012305327593 -2.0662785931900416
v 0.21426170523713353 2.6324996359104764 -2.044160651167987
v 0.21426172402122412 2.4535445768080795 -1.7324967205443413
v 0.2142621341070569 -3.0127582074621753 -1.7103787979077647
v 0.2142621341070569 -3.0127582074621753 -1.7103787979077647
v 0.21426172402122412 2.4535445768080795 -1.7324967205443413
v -1.3695906072826266e-7 2.46785071771049 -1.7259624484693452
v 2.894943942448121e-7 -3.0172826462717084 -1.7038441467492127
v -3.2840945936933666e-7 3.634349847450978 1.3928703014316677
v -2.740598168547079e-7 2.6279759451019817 2.1376191367957844
v 0.21426154143264514 2.6214415565542346 2.1366369113202364
v 0.21426153166722328 3.62781550100334 1.395585155360649
v 0.21426153166722328 3.62781550100334 1.395585155360649
v 0.21426154143264514 2.6214415565542346 2.1366369113202364
v 0.21426158210761045 2.442486632472451 1.7696778703585143
v 0.2142615661955981 3.2829749628227995 1.1577155029694715
v 0.2142615661955981 3.2829749628227995 1.1577155029694715
v 0.21426158210761045 2.442486632472451 1.7696778703585143
v -2.4803756657983985e-7 2.4607530182271713 1.7346346557492214
v -2.954403424565105e-7 3.3164441802529985 1.1383115088950873
v -2.740598168547079e-7 2.6279759451019817 2.1376191367957844
v 1.9968800237914292e-7 -3.441547075019802 2.104441608817953
v 0.21426199961826867 -3.4350123579072225 2.0924000083115346
v 0.21426154143264514 2.6214415565542346 2.1366369113202364
v 0.21426154143264514 2.6214415565542346 2.1366369113202364
v 0.21426199961826867 -3.4350123579072225 2.0924000083115346
v 0.2142619771446187 -3.012758335755443 1.7696774642111694
v 0.21426158210761045 2.442486632472451 1.7696778703585143
v 0.21426158210761045 2.442486632472451 1.7696778703585143
v 0.2142619771446187 -3.012758335755443 1.7696774642111694
v 1.7801376590087948e-7 -3.01728277425991 1.752083803240509
v -2.4803756657983985e-7 2.4607530182271713 1.7346346557492214
v 1.9968800237914292e-7 -3.441547075019802 2.104441608817953
v 3.342215995261883e-7 -3.4415467694086583 -2.0661346265497618
v 0.2142621635704164 -3.435012305327593 -2.0662785931900416
v 0.21426199961826867 -3.4350123579072225 2.0924000083115346
v 0.21426199961826867 -3.4350123579072225 2.0924000083115346
v 0.2142621635704164 -3.435012305327593 -2.0662785931900416
v 0.2142621341070569 -3.0127582074621753 -1.7103787979077647
v 0.2142619771446187 -3.012758335755443 1.7696774642111694
v 0.2142619771446187 -3.012758335755443 1.7696774642111694
v 0.2142621341070569 -3.0127582074621753 -1.7103787979077647
v 2.894943942448121e-7 -3.0172826462717084 -1.7038441467492127
v 1.7801376590087948e-7 -3.01728277425991 1.752083803240509
v 0.21426172402122412 2.4535445768080795 -1.7324967205443413
v 0.21426166197237428 3.338269801154057 -1.0210027784167093
v -2.276803225131248e-7 3.3418982909842643 -1.0237178852635225
v -1.3695906072826266e-7 2.46785071771049 -1.7259624484693452
v 0.21426166197237428 3.338269801154057 -1.0210027784167093
v 0.21426164295314143 3.716271643740402 -0.4200993914963409
v -2.788135684534186e-7 3.7396725686036882 -0.3988863834943781
v -2.276803225131248e-7 3.3418982909842643 -1.0237178852635225
v 0.21426162517858174 3.760508127384044 0.024120131585470883
v 0.21426161601651328 3.6941539779334045 0.4683396532690469
v -3.034617970145755e-7 3.705743839093805 0.44712612612406644
v -2.941955160695487e-7 3.761972966564768 0.02411995610497919
v 0.21426161601651328 3.6941539779334045 0.4683396532690469
v 0.2142615661955981 3.2829749628227995 1.1577155029694715
v -2.954403424565105e-7 3.3164441802529985 1.1383115088950873
v -3.034617970145755e-7 3.705743839093805 0.44712612612406644
v 0.21426170523713353 2.6324996359104764 -2.044160651167987
v 0.21426164451281685 3.6609920164258067 -1.2588724223676593
v 0.21426166197237428 3.338269801154057 -1.0210027784167093
v 0.21426172402122412 2.4535445768080795 -1.7324967205443413
v 0.21426164451281685 3.6609920164258067 -1.2588724223676593
v 0.214261612454263 4.12547286765817 -0.46252558414549183
v 0.21426164295314143 3.716271643740402 -0.4200993914963409
v 0.21426166197237428 3.338269801154057 -1.0210027784167093
v 0.2142615941723922 4.158650017716141 0.024120305206710935
v 0.2142615827804986 4.103354863603561 0.5107661934403283
v 0.21426161601651328 3.6941539779334045 0.4683396532690469
v 0.21426162517858174 3.760508127384044 0.024120131585470883
v 0.2142615827804986 4.103354863603561 0.5107661934403283
v 0.21426153166722328 3.62781550100334 1.395585155360649
v 0.2142615661955981 3.2829749628227995 1.1577155029694715
v 0.21426161601651328 3.6941539779334045 0.4683396532690469
v -1.3978585828765495e-7 2.62672952572093 -2.021898376667738
v -2.4554134585597314e-7 3.667526531392189 -1.256157750684072
v 0.21426164451281685 3.6609920164258067 -1.2588724223676593
v 0.21426170523713353 2.6324996359104764 -2.044160651167987
v -2.4554134585597314e-7 3.667526531392189 -1.256157750684072
v -3.0663034987242915e-7 4.132007298633384 -0.48373894276699625
v 0.214261612454263 4.12547286765817 -0.46252558414549183
v 0.21426164451281685 3.6609920164258067 -1.2588724223676593
v -3.25596505884177e-7 4.165184448423151 0.024119961202921925
v -3.3767269555916426e-7 4.109889294042364 0.5319792012290423
v 0.2142615827804986 4.103354863603561 0.5107661934403283
v 0.2142615941723922 4.158650017716141 0.024120305206710935
v -3.3767269555916426e-7 4.109889294042364 0.5319792012290423
v -3.2840945936933666e-7 3.634349847450978 1.3928703014316677
v 0.21426153166722328 3.62781550100334 1.395585155360649
v 0.2142615827804986 4.103354863603561 0.5107661934403283
v -3.0663034987242915e-7 4.132007298633384 -0.48373894276699625
v -3.25596505884177e-7 4.165184448423151 0.024119961202921925
v 0.2142615941723922 4.158650017716141 0.024120305206710935
v 0.214261612454263 4.12547286765817 -0.46252558414549183
v 0.214261612454263 4.12547286765817 -0.46252558414549183
v 0.2142615941723922 4.158650017716141 0.024120305206710935
v 0.21426162517858174 3.760508127384044 0.024120131585470883
v 0.21426164295314143 3.716271643740402 -0.4200993914963409
v 0.21426164295314143 3.716271643740402 -0.4200993914963409
v 0.21426162517858174 3.760508127384044 0.024120131585470883
v -2.941955160695487e-7 3.761972966564768 0.02411995610497919
v -2.788135684534186e-7 3.7396725686036882 -0.3988863834943781
v 3.342215995261883e-7 -3.4415467694086583 -2.0661346265497618
v -0.214261496135698 -3.435012338699825 -2.066278607013273
v -0.21426198427130325 2.632499602538242 -2.0441606649912187
v -1.3978585828765495e-7 2.62672952572093 -2.021898376667738
v -0.214261496135698 -3.435012338699825 -2.066278607013273
v -0.21426155540137987 -3.012758240834409 -1.710378811730997
v -0.21426199528953505 2.453544543435843 -1.7324967343675746
v -0.21426198427130325 2.632499602538242 -2.0441606649912187
v -0.21426155540137987 -3.012758240834409 -1.710378811730997
v 2.894943942448121e-7 -3.0172826462717084 -1.7038441467492127
v -1.3695906072826266e-7 2.46785071771049 -1.7259624484693452
v -0.21426199528953505 2.453544543435843 -1.7324967343675746
v -3.2840945936933666e-7 3.634349847450978 1.3928703014316677
v -0.21426218764353588 3.6278154676311036 1.3955851415374159
v -0.21426208847114686 2.621441523182005 2.136636897497006
v -2.740598168547079e-7 2.6279759451019817 2.1376191367957844
v -0.21426218764353588 3.6278154676311036 1.3955851415374159
v -0.21426215311516106 3.282974929450563 1.1577154891462382
v -0.21426207759850394 2.442486599100219 1.7696778565352829
v -0.21426208847114686 2.621441523182005 2.136636897497006
v -0.21426215311516106 3.282974929450563 1.1577154891462382
v -2.954403424565105e-7 3.3164441802529985 1.1383115088950873
v -2.4803756657983985e-7 2.4607530182271713 1.7346346557492214
v -0.21426207759850394 2.442486599100219 1.7696778565352829
v -2.740598168547079e-7 2.6279759451019817 2.1376191367957844
v -0.21426208847114686 2.621441523182005 2.136636897497006
v -0.21426160048320095 -3.4350123912794492 2.0923999944883054
v 1.9968800237914292e-7 -3.441547075019802 2.104441608817953
v -0.21426208847114686 2.621441523182005 2.136636897497006
v -0.21426207759850394 2.442486599100219 1.7696778565352829
v -0.21426162295685092 -3.01275836912767 1.7696774503879402
v -0.21426160048320095 -3.4350123912794492 2.0923999944883054
v -0.21426207759850394 2.442486599100219 1.7696778565352829
v -2.4803756657983985e-7 2.4607530182271713 1.7346346557492214
v 1.7801376590087948e-7 -3.01728277425991 1.752083803240509
v -0.21426162295685092 -3.01275836912767 1.7696774503879402
v 1.9968800237914292e-7 -3.441547075019802 2.104441608817953
v -0.21426160048320095 -3.4350123912794492 2.0923999944883054
v -0.214261496135698 -3.435012338699825 -2.066278607013273
v 3.342215995261883e-7 -3.4415467694086583 -2.0661346265497618
v -0.21426160048320095 -3.4350123912794492 2.0923999944883054
v -0.21426162295685092 -3.01275836912767 1.7696774503879402
v -0.21426155540137987 -3.012758240834409 -1.710378811730997
v -0.214261496135698 -3.435012338699825 -2.066278607013273
v -0.21426162295685092 -3.01275836912767 1.7696774503879402
v 1.7801376590087948e-7 -3.01728277425991 1.752083803240509
v 2.894943942448121e-7 -3.0172826462717084 -1.7038441467492127
v -0.21426155540137987 -3.012758240834409 -1.710378811730997
v -0.21426199528953505 2.453544543435843 -1.7324967343675746
v -1.3695906072826266e-7 2.46785071771049 -1.7259624484693452
v -2.276803225131248e-7 3.3418982909842643 -1.0237178852635225
v -0.21426211694302966 3.338269767781816 -1.0210027922399443
v -0.21426211694302966 3.338269767781816 -1.0210027922399443
v -2.276803225131248e-7 3.3418982909842643 -1.0237178852635225
v -2.788135684534186e-7 3.7396725686036882 -0.3988863834943781
v -0.2142621955669073 3.716271610368157 -0.4200994053195781
v -0.21426221334146697 3.7605080940117985 0.02412011776223366
v -2.941955160695487e-7 3.761972966564768 0.02411995610497919
v -3.034617970145755e-7 3.705743839093805 0.44712612612406644
v -0.21426222250353544 3.694153944561159 0.46833963944581014
v -0.21426222250353544 3.694153944561159 0.46833963944581014
v -3.034617970145755e-7 3.705743839093805 0.44712612612406644
v -2.954403424565105e-7 3.3164441802529985 1.1383115088950873
v -0.21426215311516106 3.282974929450563 1.1577154891462382
v -0.21426198427130325 2.632499602538242 -2.0441606649912187
v -0.21426199528953505 2.453544543435843 -1.7324967343675746
v -0.21426211694302966 3.338269767781816 -1.0210027922399443
v -0.2142621344025871 3.6609919830535658 -1.2588724361908943
v -0.2142621344025871 3.6609919830535658 -1.2588724361908943
v -0.21426211694302966 3.338269767781816 -1.0210027922399443
v -0.2142621955669073 3.716271610368157 -0.4200994053195781
v -0.2142622260657857 4.125472834285924 -0.46252559796872905
v -0.2142622443476565 4.158649984343896 0.024120291383474157
v -0.21426221334146697 3.7605080940117985 0.02412011776223366
v -0.21426222250353544 3.694153944561159 0.46833963944581014
v -0.21426225573955013 4.103354830231315 0.5107661796170915
v -0.21426225573955013 4.103354830231315 0.5107661796170915
v -0.21426222250353544 3.694153944561159 0.46833963944581014
v -0.21426215311516106 3.282974929450563 1.1577154891462382
v -0.21426218764353588 3.6278154676311036 1.3955851415374159
v -1.3978585828765495e-7 2.62672952572093 -2.021898376667738
v -0.21426198427130325 2.632499602538242 -2.0441606649912187
v -0.2142621344025871 3.6609919830535658 -1.2588724361908943
v -2.4554134585597314e-7 3.667526531392189 -1.256157750684072
v -2.4554134585597314e-7 3.667526531392189 -1.256157750684072
v -0.2142621344025871 3.6609919830535658 -1.2588724361908943
v -0.2142622260657857 4.125472834285924 -0.46252559796872905
v -3.0663034987242915e-7 4.132007298633384 -0.48373894276699625
v -3.25596505884177e-7 4.165184448423151 0.024119961202921925
v -0.2142622443476565 4.158649984343896 0.024120291383474157
v -0.21426225573955013 4.103354830231315 0.5107661796170915
v -3.3767269555916426e-7 4.109889294042364 0.5319792012290423
v -3.3767269555916426e-7 4.109889294042364 0.5319792012290423
v -0.21426225573955013 4.103354830231315 0.5107661796170915
v -0.21426218764353588 3.6278154676311036 1.3955851415374159
v -3.2840945936933666e-7 3.634349847450978 1.3928703014316677
v -3.0663034987242915e-7 4.132007298633384 -0.48373894276699625
v -0.2142622260657857 4.125472834285924 -0.46252559796872905
v -0.2142622443476565 4.158649984343896 0.024120291383474157
v -3.25596505884177e-7 4.165184448423151 0.024119961202921925
v -0.2142622260657857 4.125472834285924 -0.46252559796872905
v -0.2142621955669073 3.716271610368157 -0.4200994053195781
v -0.21426221334146697 3.7605080940117985 0.02412011776223366
v -0.2142622443476565 4.158649984343896 0.024120291383474157
v -0.2142621955669073 3.716271610368157 -0.4200994053195781
v -2.788135684534186e-7 3.7396725686036882 -0.3988863834943781
v -2.941955160695487e-7 3.761972966564768 0.02411995610497919
v -0.21426221334146697 3.7605080940117985 0.02412011776223366
vt 0.6533656120300293 0.9863091353327036
vt 0.6533656716346741 0.22806304693222046
vt 0.6264492273330688 0.2273573875427246
vt 0.6265940070152283 0.9854927891865373
vt 0.5360802412033081 0.9863091353327036
vt 0.5360802412033081 0.22817480564117432
vt 0.4970567524433136 0.2503931522369385
vt 0.4918045103549957 0.9333881661295891
vt 0.8162364959716797 0.9857405442744493
vt 0.8162364959716797 0.3027288317680359
vt 0.7894521355628967 0.30094462633132935
vt 0.789452075958252 0.9863091353327036
vt 0.5670691132545471 0.8299631625413895
vt 0.5722846984863281 0.9863091353327036
vt 0.5990674495697021 0.9859997695311904
vt 0.5938554406166077 0.8299281299114227
vt 0.10674230754375458 0.10224670171737671
vt 0.01369086466729641 0.2276548147201538
vt 0.059460852295160294 0.25018197298049927
vt 0.13630695641040802 0.14544236660003662
vt 0.8728841543197632 0.543693482875824
vt 0.8779835104942322 0.413887619972229
vt 0.8509688377380371 0.4172521233558655
vt 0.8459434509277344 0.5474746227264404
vt 0.7075619697570801 0.9863091353327036
vt 0.7075619101524353 0.22791534662246704
vt 0.680747389793396 0.22872233390808105
vt 0.6807902455329895 0.9854920441284776
vt 0.01369086466729641 0.2276548147201538
vt 0.0164641086012125 0.9844166804105043
vt 0.05697958916425705 0.9318038001656532
vt 0.059460852295160294 0.25018197298049927
vt 0.734943687915802 0.30413877964019775
vt 0.735207736492157 0.9857542784884572
vt 0.76207035779953 0.9863091353327036
vt 0.7620702981948853 0.30184245109558105
vt 0.9321495294570923 0.9863091353327036
vt 0.9321495890617371 0.46519964933395386
vt 0.9053652882575989 0.4651816487312317
vt 0.905365526676178 0.9848044905811548
vt 0.0164641086012125 0.9844166804105043
vt 0.5360802412033081 0.9863091353327036
vt 0.4918045103549957 0.9333881661295891
vt 0.05697958916425705 0.9318038001656532
vt 0.9863091111183167 0.9863091353327036
vt 0.9863091111183167 0.5514787137508392
vt 0.959531307220459 0.5522952079772949
vt 0.9595316052436829 0.9841108433902264
vt 0.8779835104942322 0.9863091353327036
vt 0.8730037212371826 0.844539225101471
vt 0.8462378978729248 0.8453385531902313
vt 0.8511568903923035 0.9853456430137157
vt 0.8730037212371826 0.844539225101471
vt 0.8705073595046997 0.7558720856904984
vt 0.8436182737350464 0.7528258264064789
vt 0.8462378978729248 0.8453385531902313
vt 0.8707541227340698 0.7000933587551117
vt 0.871231734752655 0.6439748704433441
vt 0.8444165587425232 0.6465822458267212
vt 0.843982458114624 0.6998995244503021
vt 0.871231734752655 0.6439748704433441
vt 0.8728841543197632 0.543693482875824
vt 0.8459434509277344 0.5474746227264404
vt 0.8444165587425232 0.6465822458267212
vt 0.5360802412033081 0.22817480564117432
vt 0.4384276866912842 0.09930908679962158
vt 0.4085594117641449 0.1395244002342224
vt 0.4970567524433136 0.2503931522369385
vt 0.4384276866912842 0.09930908679962158
vt 0.3391368091106415 0.04091072082519531
vt 0.33364951610565186 0.09202039241790771
vt 0.4085594117641449 0.1395244002342224
vt 0.27834630012512207 0.036543846130371094
vt 0.2175154983997345 0.043231427669525146
vt 0.22263048589229584 0.09437984228134155
vt 0.27816519141197205 0.08629101514816284
vt 0.2175154983997345 0.043231427669525146
vt 0.10674230754375458 0.10224670171737671
vt 0.13630695641040802 0.14544236660003662
vt 0.22263048589229584 0.09437984228134155
vt 0.5721426010131836 0.3057655692100525
vt 0.5667006969451904 0.46712517738342285
vt 0.593487024307251 0.4671694040298462
vt 0.5990675091743469 0.3055797219276428
vt 0.5667006969451904 0.46712517738342285
vt 0.5635237693786621 0.5796989500522614
vt 0.5903112292289734 0.5823167264461517
vt 0.593487024307251 0.4671694040298462
vt 0.56346195936203 0.6432905495166779
vt 0.5637351870536804 0.7071214020252228
vt 0.5905183553695679 0.7044601738452911
vt 0.5902462005615234 0.6432636678218842
vt 0.5637351870536804 0.7071214020252228
vt 0.5670691132545471 0.8299631625413895
vt 0.5938554406166077 0.8299281299114227
vt 0.5905183553695679 0.7044601738452911
vt 0.5635237693786621 0.5796989500522614
vt 0.56346195936203 0.6432905495166779
vt 0.5902462005615234 0.6432636678218842
vt 0.5903112292289734 0.5823167264461517
vt 0.3391368091106415 0.04091072082519531
vt 0.27834630012512207 0.036543846130371094
vt 0.27816519141197205 0.08629101514816284
vt 0.33364951610565186 0.09202039241790771
vt 0.8705073595046997 0.7558720856904984
vt 0.8707541227340698 0.7000933587551117
vt 0.843982458114624 0.6998995244503021
vt 0.8436182737350464 0.7528258264064789
vt 0.6533656120300293 0.9863091353327036
vt 0.6265940070152283 0.9854927891865373
vt 0.6264492273330688 0.2273573875427246
vt 0.6533656716346741 0.22806304693222046
vt 0.5360802412033081 0.9863091353327036
vt 0.4918045103549957 0.9333881661295891
vt 0.4970567524433136 0.2503931522369385
vt 0.5360802412033081 0.22817480564117432
vt 0.8162364959716797 0.9857405442744493
vt 0.789452075958252 0.9863091353327036
vt 0.7894521355628967 0.30094462633132935
vt 0.8162364959716797 0.3027288317680359
vt 0.5670691132545471 0.8299631625413895
vt 0.5938554406166077 0.8299281299114227
vt 0.5990674495697021 0.9859997695311904
vt 0.5722846984863281 0.9863091353327036
vt 0.10674230754375458 0.10224670171737671
vt 0.13630695641040802 0.14544236660003662
vt 0.059460852295160294 0.25018197298049927
vt 0.01369086466729641 0.2276548147201538
vt 0.8728841543197632 0.543693482875824
vt 0.8459434509277344 0.5474746227264404
vt 0.8509688377380371 0.4172521233558655
vt 0.8779835104942322 0.413887619972229
vt 0.7075619697570801 0.9863091353327036
vt 0.6807902455329895 0.9854920441284776
vt 0.680747389793396 0.22872233390808105
vt 0.7075619101524353 0.22791534662246704
vt 0.01369086466729641 0.2276548147201538
vt 0.059460852295160294 0.25018197298049927
vt 0.05697958916425705 0.9318038001656532
vt 0.0164641086012125 0.9844166804105043
vt 0.734943687915802 0.30413877964019775
vt 0.7620702981948853 0.30184245109558105
vt 0.76207035779953 0.9863091353327036
vt 0.735207736492157 0.9857542784884572
vt 0.9321495294570923 0.9863091353327036
vt 0.905365526676178 0.9848044905811548
vt 0.9053652882575989 0.4651816487312317
vt 0.9321495890617371 0.46519964933395386
vt 0.0164641086012125 0.9844166804105043
vt 0.05697958916425705 0.9318038001656532
vt 0.4918045103549957 0.9333881661295891
vt 0.5360802412033081 0.9863091353327036
vt 0.9863091111183167 0.9863091353327036
vt 0.9595316052436829 0.9841108433902264
vt 0.959531307220459 0.5522952079772949
vt 0.9863091111183167 0.5514787137508392
vt 0.8779835104942322 0.9863091353327036
vt 0.8511568903923035 0.9853456430137157
vt 0.8462378978729248 0.8453385531902313
vt 0.8730037212371826 0.844539225101471
vt 0.8730037212371826 0.844539225101471
vt 0.8462378978729248 0.8453385531902313
vt 0.8436182737350464 0.7528258264064789
vt 0.8705073595046997 0.7558720856904984
vt 0.8707541227340698 0.7000933587551117
vt 0.843982458114624 0.6998995244503021
vt 0.8444165587425232 0.6465822458267212
vt 0.871231734752655 0.6439748704433441
vt 0.871231734752655 0.6439748704433441
vt 0.8444165587425232 0.6465822458267212
vt 0.8459434509277344 0.5474746227264404
vt 0.8728841543197632 0.543693482875824
vt 0.5360802412033081 0.22817480564117432
vt 0.4970567524433136 0.2503931522369385
vt 0.4085594117641449 0.1395244002342224
vt 0.4384276866912842 0.09930908679962158
vt 0.4384276866912842 0.09930908679962158
vt 0.4085594117641449 0.1395244002342224
vt 0.33364951610565186 0.09202039241790771
vt 0.3391368091106415 0.04091072082519531
vt 0.27834630012512207 0.036543846130371094
vt 0.27816519141197205 0.08629101514816284
vt 0.22263048589229584 0.09437984228134155
vt 0.2175154983997345 0.043231427669525146
vt 0.2175154983997345 0.043231427669525146
vt 0.22263048589229584 0.09437984228134155
vt 0.13630695641040802 0.14544236660003662
vt 0.10674230754375458 0.10224670171737671
vt 0.5721426010131836 0.3057655692100525
vt 0.5990675091743469 0.3055797219276428
vt 0.593487024307251 0.4671694040298462
vt 0.5667006969451904 0.46712517738342285
vt 0.5667006969451904 0.46712517738342285
vt 0.593487024307251 0.4671694040298462
vt 0.5903112292289734 0.5823167264461517
vt 0.5635237693786621 0.5796989500522614
vt 0.56346195936203 0.6432905495166779
vt 0.5902462005615234 0.6432636678218842
vt 0.5905183553695679 0.7044601738452911
vt 0.5637351870536804 0.7071214020252228
vt 0.5637351870536804 0.7071214020252228
vt 0.5905183553695679 0.7044601738452911
vt 0.5938554406166077 0.8299281299114227
vt 0.5670691132545471 0.8299631625413895
vt 0.5635237693786621 0.5796989500522614
vt 0.5903112292289734 0.5823167264461517
vt 0.5902462005615234 0.6432636678218842
vt 0.56346195936203 0.6432905495166779
vt 0.3391368091106415 0.04091072082519531
vt 0.33364951610565186 0.09202039241790771
vt 0.27816519141197205 0.08629101514816284
vt 0.27834630012512207 0.036543846130371094
vt 0.8705073595046997 0.7558720856904984
vt 0.8436182737350464 0.7528258264064789
vt 0.843982458114624 0.6998995244503021
vt 0.8707541227340698 0.7000933587551117
vn -0.05237160077842716 0.005460090263554586 -0.9986127391768136
vn -0.05237160077842716 0.005460090263554586 -0.9986127391768136
vn -0.05237160077842716 0.005460090263554586 -0.9986127391768136
vn -0.05237160077842716 0.005460090263554586 -0.9986127391768136
vn 0.999999999999997 7.529331277687034e-8 -1.1443891875038837e-8
vn 0.999999999999997 7.529331277687034e-8 -1.1443891875038837e-8
vn 0.999999999999997 7.529331277687034e-8 -1.1443891875038837e-8
vn 0.999999999999997 7.529331277687034e-8 -1.1443891875038837e-8
vn 0.030576069081497556 0.004037404844831601 0.9995242885301201
vn 0.030576069081497556 0.004037404844831601 0.9995242885301201
vn 0.030576069081497556 0.004037404844831601 0.9995242885301201
vn 0.030576069081497556 0.004037404844831601 0.9995242885301201
vn 0.014857811836480085 0.5938387469146515 0.8044468833243548
vn 0.014857811836480085 0.5938387469146515 0.8044468833243548
vn 0.014857811836480085 0.5938387469146515 0.8044468833243548
vn 0.014857811836480085 0.5938387469146515 0.8044468833243548
vn 0.9999999999999957 6.423793152475104e-8 6.87067329521751e-8
vn 0.9999999999999957 6.423793152475104e-8 6.87067329521751e-8
vn 0.9999999999999957 6.423793152475104e-8 6.87067329521751e-8
vn 0.9999999999999957 6.423793152475104e-8 6.87067329521751e-8
vn 0.03341952175612667 -0.5798734959995846 -0.8140208008416072
vn 0.03341952175612667 -0.5798734959995846 -0.8140208008416072
vn 0.03341952175612667 -0.5798734959995846 -0.8140208008416072
vn 0.03341952175612667 -0.5798734959995846 -0.8140208008416072
vn 0.030376531002774095 -0.0063811274087290345 0.9995181577026159
vn 0.030376531002774095 -0.0063811274087290345 0.9995181577026159
vn 0.030376531002774095 -0.0063811274087290345 0.9995181577026159
vn 0.030376531002774095 -0.0063811274087290345 0.9995181577026159
vn 0.9999999999999959 7.391625484149848e-8 5.246634921234238e-8
vn 0.9999999999999959 7.391625484149848e-8 5.246634921234238e-8
vn 0.9999999999999959 7.391625484149848e-8 5.246634921234238e-8
vn 0.9999999999999959 7.391625484149848e-8 5.246634921234238e-8
vn 0.12186671987753382 -0.001584025109558322 -0.9925452097767352
vn 0.12186671987753382 -0.001584025109558322 -0.9925452097767352
vn 0.12186671987753382 -0.001584025109558322 -0.9925452097767352
vn 0.12186671987753382 -0.001584025109558322 -0.9925452097767352
vn 0.03048449997563271 -0.9995352396295165 -1.1654110440874407e-8
vn 0.03048449997563271 -0.9995352396295165 -1.1654110440874407e-8
vn 0.03048449997563271 -0.9995352396295165 -1.1654110440874407e-8
vn 0.03048449997563271 -0.9995352396295165 -1.1654110440874407e-8
vn 0.9999999999999973 5.984925872265875e-8 4.2011484884580674e-8
vn 0.9999999999999973 5.984925872265875e-8 4.2011484884580674e-8
vn 0.9999999999999973 5.984925872265875e-8 4.2011484884580674e-8
vn 0.9999999999999973 5.984925872265875e-8 4.2011484884580674e-8
vn -0.021111568430022844 0.9997771260028028 1.1959518860081016e-8
vn -0.021111568430022844 0.9997771260028028 1.1959518860081016e-8
vn -0.021111568430022844 0.9997771260028028 1.1959518860081016e-8
vn -0.021111568430022844 0.9997771260028028 1.1959518860081016e-8
vn -0.019270746548423614 -0.6263929547545912 0.7792692118653728
vn -0.019270746548423614 -0.6263929547545912 0.7792692118653728
vn -0.019270746548423614 -0.6263929547545912 0.7792692118653728
vn -0.019270746548423614 -0.6263929547545912 0.7792692118653728
vn -0.030198731322429714 -0.8445965154934373 0.5345509916208739
vn -0.030198731322429714 -0.8445965154934373 0.5345509916208739
vn -0.030198731322429714 -0.8445965154934373 0.5345509916208739
vn -0.030198731322429714 -0.8445965154934373 0.5345509916208739
vn -0.02322965798621173 -0.9898900035142457 -0.13992199231146757
vn -0.02322965798621173 -0.9898900035142457 -0.13992199231146757
vn -0.02322965798621173 -0.9898900035142457 -0.13992199231146757
vn -0.02322965798621173 -0.9898900035142457 -0.13992199231146757
vn -0.04337957694379574 -0.8642839501571343 -0.5011301884789596
vn -0.04337957694379574 -0.8642839501571343 -0.5011301884789596
vn -0.04337957694379574 -0.8642839501571343 -0.5011301884789596
vn -0.04337957694379574 -0.8642839501571343 -0.5011301884789596
vn 0.9999999999999978 6.753495076067896e-8 -4.2998205572432975e-9
vn 0.9999999999999978 6.753495076067896e-8 -4.2998205572432975e-9
vn 0.9999999999999978 6.753495076067896e-8 -4.2998205572432975e-9
vn 0.9999999999999978 6.753495076067896e-8 -4.2998205572432975e-9
vn 0.999999999999998 6.460536922916073e-8 -2.398365774526882e-9
vn 0.999999999999998 6.460536922916073e-8 -2.398365774526882e-9
vn 0.999999999999998 6.460536922916073e-8 -2.398365774526882e-9
vn 0.999999999999998 6.460536922916073e-8 -2.398365774526882e-9
vn 0.9999999999999964 7.787722092003433e-8 3.2257801645323436e-8
vn 0.9999999999999964 7.787722092003433e-8 3.2257801645323436e-8
vn 0.9999999999999964 7.787722092003433e-8 3.2257801645323436e-8
vn 0.9999999999999964 7.787722092003433e-8 3.2257801645323436e-8
vn 0.999999999999994 5.460121992890902e-8 9.487395780653074e-8
vn 0.999999999999994 5.460121992890902e-8 9.487395780653074e-8
vn 0.999999999999994 5.460121992890902e-8 9.487395780653074e-8
vn 0.999999999999994 5.460121992890902e-8 9.487395780653074e-8
vn -0.04552186094998789 0.5991460534589632 -0.7993445857702416
vn -0.04552186094998789 0.5991460534589632 -0.7993445857702416
vn -0.04552186094998789 0.5991460534589632 -0.7993445857702416
vn -0.04552186094998789 0.5991460534589632 -0.7993445857702416
vn 0.04818126842747473 0.8594550860029763 -0.5089356742421742
vn 0.04818126842747473 0.8594550860029763 -0.5089356742421742
vn 0.04818126842747473 0.8594550860029763 -0.5089356742421742
vn 0.04818126842747473 0.8594550860029763 -0.5089356742421742
vn 0.03575860603089477 0.9932382648484825 0.11044940622521676
vn 0.03575860603089477 0.9932382648484825 0.11044940622521676
vn 0.03575860603089477 0.9932382648484825 0.11044940622521676
vn 0.03575860603089477 0.9932382648484825 0.11044940622521676
vn 0.04737922025619409 0.8771475427527576 0.47787801553400044
vn 0.04737922025619409 0.8771475427527576 0.47787801553400044
vn 0.04737922025619409 0.8771475427527576 0.47787801553400044
vn 0.04737922025619409 0.8771475427527576 0.47787801553400044
vn 0.033706180473976874 0.9972146070507156 -0.06653511014902383
vn 0.033706180473976874 0.9972146070507156 -0.06653511014902383
vn 0.033706180473976874 0.9972146070507156 -0.06653511014902383
vn 0.033706180473976874 0.9972146070507156 -0.06653511014902383
vn 0.9999999999999964 7.787722092003433e-8 3.2257801645323436e-8
vn 0.9999999999999964 7.787722092003433e-8 3.2257801645323436e-8
vn 0.9999999999999964 7.787722092003433e-8 3.2257801645323436e-8
vn 0.9999999999999964 7.787722092003433e-8 3.2257801645323436e-8
vn -0.05399082391600564 -0.9956153654685984 0.0763874006345272
vn -0.05399082391600564 -0.9956153654685984 0.0763874006345272
vn -0.05399082391600564 -0.9956153654685984 0.0763874006345272
vn -0.05399082391600564 -0.9956153654685984 0.0763874006345272
vn 0.05237166435409655 0.005460098420669029 -0.9986127357980261
vn 0.05237166435409655 0.005460098420669029 -0.9986127357980261
vn 0.05237166435409655 0.005460098420669029 -0.9986127357980261
vn 0.05237166435409655 0.005460098420669029 -0.9986127357980261
vn -0.9999999999999939 -8.046112906319815e-8 -7.595949516568565e-8
vn -0.9999999999999939 -8.046112906319815e-8 -7.595949516568565e-8
vn -0.9999999999999939 -8.046112906319815e-8 -7.595949516568565e-8
vn -0.9999999999999939 -8.046112906319815e-8 -7.595949516568565e-8
vn -0.03057613419525346 0.004037400082467888 0.9995242865574843
vn -0.03057613419525346 0.004037400082467888 0.9995242865574843
vn -0.03057613419525346 0.004037400082467888 0.9995242865574843
vn -0.03057613419525346 0.004037400082467888 0.9995242865574843
vn -0.014857956228878505 0.59383874460047 0.8044468823657894
vn -0.014857956228878505 0.59383874460047 0.8044468823657894
vn -0.014857956228878505 0.59383874460047 0.8044468823657894
vn -0.014857956228878505 0.59383874460047 0.8044468823657894
vn -0.9999999999999959 -9.15165103153175e-8 4.19112966152826e-9
vn -0.9999999999999959 -9.15165103153175e-8 4.19112966152826e-9
vn -0.9999999999999959 -9.15165103153175e-8 4.19112966152826e-9
vn -0.9999999999999959 -9.15165103153175e-8 4.19112966152826e-9
vn -0.03341937892121037 -0.5798735012048125 -0.8140208029976832
vn -0.03341937892121037 -0.5798735012048125 -0.8140208029976832
vn -0.03341937892121037 -0.5798735012048125 -0.8140208029976832
vn -0.03341937892121037 -0.5798735012048125 -0.8140208029976832
vn -0.0303765944934018 -0.006381132140013605 0.9995181557428535
vn -0.0303765944934018 -0.006381132140013605 0.9995181557428535
vn -0.0303765944934018 -0.006381132140013605 0.9995181557428535
vn -0.0303765944934018 -0.006381132140013605 0.9995181557428535
vn -0.9999999999999968 -8.183818699857015e-8 -1.2049254078304476e-8
vn -0.9999999999999968 -8.183818699857015e-8 -1.2049254078304476e-8
vn -0.9999999999999968 -8.183818699857015e-8 -1.2049254078304476e-8
vn -0.9999999999999968 -8.183818699857015e-8 -1.2049254078304476e-8
vn -0.12186665559616003 -0.0015840440908362543 -0.9925452176390381
vn -0.12186665559616003 -0.0015840440908362543 -0.9925452176390381
vn -0.12186665559616003 -0.0015840440908362543 -0.9925452176390381
vn -0.12186665559616003 -0.0015840440908362543 -0.9925452176390381
vn -0.030484344293578235 -0.9995352443776009 -1.3620831279626352e-8
vn -0.030484344293578235 -0.9995352443776009 -1.3620831279626352e-8
vn -0.030484344293578235 -0.9995352443776009 -1.3620831279626352e-8
vn -0.030484344293578235 -0.9995352443776009 -1.3620831279626352e-8
vn -0.9999999999999951 -9.590518311740987e-8 -2.2504118406066184e-8
vn -0.9999999999999951 -9.590518311740987e-8 -2.2504118406066184e-8
vn -0.9999999999999951 -9.590518311740987e-8 -2.2504118406066184e-8
vn -0.9999999999999951 -9.590518311740987e-8 -2.2504118406066184e-8
vn 0.02111141271029359 0.9997771292910113 1.3321539380031038e-8
vn 0.02111141271029359 0.9997771292910113 1.3321539380031038e-8
vn 0.02111141271029359 0.9997771292910113 1.3321539380031038e-8
vn 0.02111141271029359 0.9997771292910113 1.3321539380031038e-8
vn 0.019270793836884917 -0.6263929517530831 0.779269213108638
vn 0.019270793836884917 -0.6263929517530831 0.779269213108638
vn 0.019270793836884917 -0.6263929517530831 0.779269213108638
vn 0.019270793836884917 -0.6263929517530831 0.779269213108638
vn 0.03019882838520831 -0.8445965107898431 0.5345509935691665
vn 0.03019882838520831 -0.8445965107898431 0.5345509935691665
vn 0.03019882838520831 -0.8445965107898431 0.5345509935691665
vn 0.03019882838520831 -0.8445965107898431 0.5345509935691665
vn 0.023229821193128098 -0.9898899998961106 -0.139921990812787
vn 0.023229821193128098 -0.9898899998961106 -0.139921990812787
vn 0.023229821193128098 -0.9898899998961106 -0.139921990812787
vn 0.023229821193128098 -0.9898899998961106 -0.139921990812787
vn 0.04337974389057584 -0.8642839434005596 -0.5011301856802947
vn 0.04337974389057584 -0.8642839434005596 -0.5011301856802947
vn 0.04337974389057584 -0.8642839434005596 -0.5011301856802947
vn 0.04337974389057584 -0.8642839434005596 -0.5011301856802947
vn -0.9999999999999938 -8.821949107938959e-8 -6.881542384789013e-8
vn -0.9999999999999938 -8.821949107938959e-8 -6.881542384789013e-8
vn -0.9999999999999938 -8.821949107938959e-8 -6.881542384789013e-8
vn -0.9999999999999938 -8.821949107938959e-8 -6.881542384789013e-8
vn -0.9999999999999936 -9.114907261090781e-8 -6.691396906517371e-8
vn -0.9999999999999936 -9.114907261090781e-8 -6.691396906517371e-8
vn -0.9999999999999936 -9.114907261090781e-8 -6.691396906517371e-8
vn -0.9999999999999936 -9.114907261090781e-8 -6.691396906517371e-8
vn -0.9999999999999964 -7.787722092003433e-8 -3.2257801645323436e-8
vn -0.9999999999999964 -7.787722092003433e-8 -3.2257801645323436e-8
vn -0.9999999999999964 -7.787722092003433e-8 -3.2257801645323436e-8
vn -0.9999999999999964 -7.787722092003433e-8 -3.2257801645323436e-8
vn -0.9999999999999944 -1.0115322191115928e-7 3.035835451588402e-8
vn -0.9999999999999944 -1.0115322191115928e-7 3.035835451588402e-8
vn -0.9999999999999944 -1.0115322191115928e-7 3.035835451588402e-8
vn -0.9999999999999944 -1.0115322191115928e-7 3.035835451588402e-8
vn 0.04552181920052643 0.599146060549192 -0.7993445828333725
vn 0.04552181920052643 0.599146060549192 -0.7993445828333725
vn 0.04552181920052643 0.599146060549192 -0.7993445828333725
vn 0.04552181920052643 0.599146060549192 -0.7993445828333725
vn -0.04818136945712908 0.8594550784985218 -0.508935677350621
vn -0.04818136945712908 0.8594550784985218 -0.508935677350621
vn -0.04818136945712908 0.8594550784985218 -0.508935677350621
vn -0.04818136945712908 0.8594550784985218 -0.508935677350621
vn -0.03575876785787585 0.9932382592789083 0.11044940391822342
vn -0.03575876785787585 0.9932382592789083 0.11044940391822342
vn -0.03575876785787585 0.9932382592789083 0.11044940391822342
vn -0.03575876785787585 0.9932382592789083 0.11044940391822342
vn -0.04737938770640784 0.8771475353732205 0.477878012477296
vn -0.04737938770640784 0.8771475353732205 0.477878012477296
vn -0.04737938770640784 0.8771475353732205 0.477878012477296
vn -0.04737938770640784 0.8771475353732205 0.477878012477296
vn -0.03370633150202807 0.9972146018008166 -0.06653511232360329
vn -0.03370633150202807 0.9972146018008166 -0.06653511232360329
vn -0.03370633150202807 0.9972146018008166 -0.06653511232360329
vn -0.03370633150202807 0.9972146018008166 -0.06653511232360329
vn -0.9999999999999964 -7.787722092003433e-8 -3.2257801645323436e-8
vn -0.9999999999999964 -7.787722092003433e-8 -3.2257801645323436e-8
vn -0.9999999999999964 -7.787722092003433e-8 -3.2257801645323436e-8
vn -0.9999999999999964 -7.787722092003433e-8 -3.2257801645323436e-8
vn 0.05399097405934111 -0.9956153570592762 0.07638740411778261
vn 0.05399097405934111 -0.9956153570592762 0.07638740411778261
vn 0.05399097405934111 -0.9956153570592762 0.07638740411778261
vn 0.05399097405934111 -0.9956153570592762 0.07638740411778261
f 1058/1058/1058 1059/1059/1059 1060/1060/1060
f 1058/1058/1058 1060/1060/1060 1061/1061/1061
f 1062/1062/1062 1063/1063/1063 1064/1064/1064
f 1062/1062/1062 1064/1064/1064 1065/1065/1065
f 1066/1066/1066 1067/1067/1067 1068/1068/1068
f 1066/1066/1066 1068/1068/1068 1069/1069/1069
f 1070/1070/1070 1071/1071/1071 1072/1072/1072
f 1070/1070/1070 1072/1072/1072 1073/1073/1073
f 1074/1074/1074 1075/1075/1075 1076/1076/1076
f 1074/1074/1074 1076/1076/1076 1077/1077/1077
f 1078/1078/1078 1079/1079/1079 1080/1080/1080
f 1078/1078/1078 1080/1080/1080 1081/1081/1081
f 1082/1082/1082 1083/1083/1083 1084/1084/1084
f 1082/1082/1082 1084/1084/1084 1085/1085/1085
f 1086/1086/1086 1087/1087/1087 1088/1088/1088
f 1086/1086/1086 1088/1088/1088 1089/1089/1089
f 1090/1090/1090 1091/1091/1091 1092/1092/1092
f 1090/1090/1090 1092/1092/1092 1093/1093/1093
f 1094/1094/1094 1095/1095/1095 1096/1096/1096
f 1094/1094/1094 1096/1096/1096 1097/1097/1097
f 1098/1098/1098 1099/1099/1099 1100/1100/1100
f 1098/1098/1098 1100/1100/1100 1101/1101/1101
f 1102/1102/1102 1103/1103/1103 1104/1104/1104
f 1102/1102/1102 1104/1104/1104 1105/1105/1105
f 1106/1106/1106 1107/1107/1107 1108/1108/1108
f 1106/1106/1106 1108/1108/1108 1109/1109/1109
f 1110/1110/1110 1111/1111/1111 1112/1112/1112
f 1110/1110/1110 1112/1112/1112 1113/1113/1113
f 1114/1114/1114 1115/1115/1115 1116/1116/1116
f 1114/1114/1114 1116/1116/1116 1117/1117/1117
f 1118/1118/1118 1119/1119/1119 1120/1120/1120
f 1118/1118/1118 1120/1120/1120 1121/1121/1121
f 1122/1122/1122 1123/1123/1123 1124/1124/1124
f 1122/1122/1122 1124/1124/1124 1125/1125/1125
f 1126/1126/1126 1127/1127/1127 1128/1128/1128
f 1126/1126/1126 1128/1128/1128 1129/1129/1129
f 1130/1130/1130 1131/1131/1131 1132/1132/1132
f 1130/1130/1130 1132/1132/1132 1133/1133/1133
f 1134/1134/1134 1135/1135/1135 1136/1136/1136
f 1134/1134/1134 1136/1136/1136 1137/1137/1137
f 1138/1138/1138 1139/1139/1139 1140/1140/1140
f 1138/1138/1138 1140/1140/1140 1141/1141/1141
f 1142/1142/1142 1143/1143/1143 1144/1144/1144
f 1142/1142/1142 1144/1144/1144 1145/1145/1145
f 1146/1146/1146 1147/1147/1147 1148/1148/1148
f 1146/1146/1146 1148/1148/1148 1149/1149/1149
f 1150/1150/1150 1151/1151/1151 1152/1152/1152
f 1150/1150/1150 1152/1152/1152 1153/1153/1153
f 1154/1154/1154 1155/1155/1155 1156/1156/1156
f 1154/1154/1154 1156/1156/1156 1157/1157/1157
f 1158/1158/1158 1159/1159/1159 1160/1160/1160
f 1158/1158/1158 1160/1160/1160 1161/1161/1161
f 1162/1162/1162 1163/1163/1163 1164/1164/1164
f 1162/1162/1162 1164/1164/1164 1165/1165/1165
f 1166/1166/1166 1167/1167/1167 1168/1168/1168
f 1166/1166/1166 1168/1168/1168 1169/1169/1169
f 1170/1170/1170 1171/1171/1171 1172/1172/1172
f 1170/1170/1170 1172/1172/1172 1173/1173/1173
f 1174/1174/1174 1175/1175/1175 1176/1176/1176
f 1174/1174/1174 1176/1176/1176 1177/1177/1177
f 1178/1178/1178 1179/1179/1179 1180/1180/1180
f 1178/1178/1178 1180/1180/1180 1181/1181/1181
f 1182/1182/1182 1183/1183/1183 1184/1184/1184
f 1182/1182/1182 1184/1184/1184 1185/1185/1185
f 1186/1186/1186 1187/1187/1187 1188/1188/1188
f 1186/1186/1186 1188/1188/1188 1189/1189/1189
f 1190/1190/1190 1191/1191/1191 1192/1192/1192
f 1190/1190/1190 1192/1192/1192 1193/1193/1193
f 1194/1194/1194 1195/1195/1195 1196/1196/1196
f 1194/1194/1194 1196/1196/1196 1197/1197/1197
f 1198/1198/1198 1199/1199/1199 1200/1200/1200
f 1198/1198/1198 1200/1200/1200 1201/1201/1201
f 1202/1202/1202 1203/1203/1203 1204/1204/1204
f 1202/1202/1202 1204/1204/1204 1205/1205/1205
f 1206/1206/1206 1207/1207/1207 1208/1208/1208
f 1206/1206/1206 1208/1208/1208 1209/1209/1209
f 1210/1210/1210 1211/1211/1211 1212/1212/1212
f 1210/1210/1210 1212/1212/1212 1213/1213/1213
f 1214/1214/1214 1215/1215/1215 1216/1216/1216
f 1214/1214/1214 1216/1216/1216 1217/1217/1217
f 1218/1218/1218 1219/1219/1219 1220/1220/1220
f 1218/1218/1218 1220/1220/1220 1221/1221/1221
f 1222/1222/1222 1223/1223/1223 1224/1224/1224
f 1222/1222/1222 1224/1224/1224 1225/1225/1225
f 1226/1226/1226 1227/1227/1227 1228/1228/1228
f 1226/1226/1226 1228/1228/1228 1229/1229/1229
f 1230/1230/1230 1231/1231/1231 1232/1232/1232
f 1230/1230/1230 1232/1232/1232 1233/1233/1233
f 1234/1234/1234 1235/1235/1235 1236/1236/1236
f 1234/1234/1234 1236/1236/1236 1237/1237/1237
f 1238/1238/1238 1239/1239/1239 1240/1240/1240
f 1238/1238/1238 1240/1240/1240 1241/1241/1241
f 1242/1242/1242 1243/1243/1243 1244/1244/1244
f 1242/1242/1242 1244/1244/1244 1245/1245/1245
f 1246/1246/1246 1247/1247/1247 1248/1248/1248
f 1246/1246/1246 1248/1248/1248 1249/1249/1249
f 1250/1250/1250 1251/1251/1251 1252/1252/1252
f 1250/1250/1250 1252/1252/1252 1253/1253/1253
f 1254/1254/1254 1255/1255/1255 1256/1256/1256
f 1254/1254/1254 1256/1256/1256 1257/1257/1257
f 1258/1258/1258 1259/1259/1259 1260/1260/1260
f 1258/1258/1258 1260/1260/1260 1261/1261/1261
f 1262/1262/1262 1263/1263/1263 1264/1264/1264
f 1262/1262/1262 1264/1264/1264 1265/1265/1265
f 1266/1266/1266 1267/1267/1267 1268/1268/1268
f 1266/1266/1266 1268/1268/1268 1269/1269/1269
f 1270/1270/1270 1271/1271/1271 1272/1272/1272
f 1270/1270/1270 1272/1272/1272 1273/1273/1273
