mtllib scene.mtl
o Object_4
usemtl Material.001
v 0 0.15327048301696777 0
v 0 0.15327048301696777 0
v 0 0.15327048301696777 0
v 0 0.15327048301696777 0
v 0 0.2532765865325928 0
v 0 0.2532765865325928 0
v 0 0.2532765865325928 0
v 0 0.2532765865325928 0
v -1.1921195646796864e-8 0.15327119827270508 0.2727251350879669
v -1.1921195646796864e-8 0.15327119827270508 0.2727251350879669
v -3.7091100215911865 0.2532768249511719 -1.6213036329240316e-7
v -3.7091100215911865 0.2532768249511719 -1.6213036329240316e-7
v -3.7091100215911865 3.3363481760025024 -1.6213036329240316e-7
v -3.7091100215911865 3.3363481760025024 -1.6213036329240316e-7
v -3.391447067260742 3.3363481760025024 -1.4824486602537036e-7
v -3.391447067260742 3.3363481760025024 -1.4824486602537036e-7
v -3.391447067260742 0.2532768249511719 -1.4824486602537036e-7
v -3.391447067260742 0.2532768249511719 -1.4824486602537036e-7
v -3.6194331645965576 0.15327119827270508 -1.58210469529559e-7
v -3.6194331645965576 0.15327119827270508 -1.58210469529559e-7
v 0 0.000001430511474609375 0
v 0 0.000001430511474609375 0
v 0 0.000001430511474609375 0
v 0 0.000001430511474609375 0
v -1.7838878631591797 4.26057767868042 -7.797621787905837e-8
v -1.7838878631591797 4.26057767868042 -7.797621787905837e-8
v -1.7838878631591797 0.2532768249511719 -7.797621787905837e-8
v -1.7838878631591797 0.2532768249511719 -7.797621787905837e-8
v -1.5497336387634277 4.26057767868042 -6.774100603784331e-8
v -1.5497336387634277 4.26057767868042 -6.774100603784331e-8
v -1.5497336387634277 0.2532768249511719 -6.774100603784331e-8
v -1.5497336387634277 0.2532768249511719 -6.774100603784331e-8
v -1.570037841796875 4.2547372579574585 -6.862853786816233e-8
v -1.570037841796875 4.2547372579574585 -6.862853786816233e-8
v -1.897562026977539 4.153687834739685 -8.294507878260627e-8
v -1.897562026977539 4.153687834739685 -8.294507878260627e-8
v -0.702226459980011 5.090005159378052 -3.0695293574073736e-8
v -0.702226459980011 5.090005159378052 -3.0695293574073736e-8
v -0.33934950828552246 5.11653995513916 -1.483343766469625e-8
v -0.33934950828552246 5.11653995513916 -1.483343766469625e-8
v -3.3318071365356445 4.24446702003479 -1.4563792734718798e-7
v -3.3318071365356445 4.24446702003479 -1.4563792734718798e-7
v -2.973511219024658 4.4478349685668945 -1.2997631481626275e-7
v -2.973511219024658 4.4478349685668945 -1.2997631481626275e-7
v -1.2460774183273315 4.332216501235962 -5.446777634389775e-8
v -1.2460774183273315 4.332216501235962 -5.446777634389775e-8
v 0 4.460617303848267 0
v 0 4.460617303848267 0
v 0 4.460617303848267 0
v 0 4.460617303848267 0
v -0.3079394996166229 4.450869798660278 -1.3460463923018362e-8
v -0.3079394996166229 4.450869798660278 -1.3460463923018362e-8
v -2.5971217155456543 4.61825966835022 -1.1352379716214538e-7
v -2.5971217155456543 4.61825966835022 -1.1352379716214538e-7
v -0.9279897809028625 4.391253709793091 -4.0563723253226276e-8
v -0.9279897809028625 4.391253709793091 -4.0563723253226276e-8
v -3.1269240379333496 3.532321810722351 -1.3668218981675563e-7
v -3.1269240379333496 3.532321810722351 -1.3668218981675563e-7
v -2.2122294902801514 4.765010118484497 -9.669962302277335e-8
v -2.2122294902801514 4.765010118484497 -9.669962302277335e-8
v -0.6159347891807556 4.428703546524048 -2.692336500763277e-8
v -0.6159347891807556 4.428703546524048 -2.692336500763277e-8
v -2.847813129425049 3.720575451850891 -1.2448187255383061e-7
v -2.847813129425049 3.720575451850891 -1.2448187255383061e-7
v -1.8263431787490845 4.8842902183532715 -7.983200630031621e-8
v -1.8263431787490845 4.8842902183532715 -7.983200630031621e-8
v -2.5437066555023193 3.888338327407837 -1.1118895372057717e-7
v -2.5437066555023193 3.888338327407837 -1.1118895372057717e-7
v -1.4446556568145752 4.976332187652588 -6.314790145115615e-8
v -1.4446556568145752 4.976332187652588 -6.314790145115615e-8
v 0 5.1275129318237305 0
v 0 5.1275129318237305 0
v 0 5.1275129318237305 0
v 0 5.1275129318237305 0
v -2.2242424488067627 4.0328967571258545 -9.722473542344955e-8
v -2.2242424488067627 4.0328967571258545 -9.722473542344955e-8
v -1.0698872804641724 5.045881032943726 -4.6766260435290814e-8
v -1.0698872804641724 5.045881032943726 -4.6766260435290814e-8
v -3.660686731338501 4.023939847946167 -1.6001371331524055e-7
v -3.660686731338501 4.023939847946167 -1.6001371331524055e-7
v -3.497490644454956 4.140247225761414 -1.5288019106163079e-7
v -3.497490644454956 4.140247225761414 -1.5288019106163079e-7
v -0.8862156867980957 5.071024656295776 -3.8737720783602755e-8
v -0.8862156867980957 5.071024656295776 -3.8737720783602755e-8
v -3.8095951080322266 3.908703327178955 -1.6652271113350883e-7
v -3.8095951080322266 3.908703327178955 -1.6652271113350883e-7
v -1.2575371265411377 5.0142927169799805 -5.496869831701215e-8
v -1.2575371265411377 5.0142927169799805 -5.496869831701215e-8
v -0.16968919336795807 5.124253511428833 -7.417350771296947e-9
v -0.16968919336795807 5.124253511428833 -7.417350771296947e-9
v -1.635847806930542 4.933511734008789 -7.150518435935456e-8
v -1.635847806930542 4.933511734008789 -7.150518435935456e-8
v -2.019782304763794 4.828006744384766 -8.828749332052295e-8
v -2.019782304763794 4.828006744384766 -8.828749332052295e-8
v -2.4052743911743164 4.694957971572876 -1.0513787938155037e-7
v -2.4052743911743164 4.694957971572876 -1.0513787938155037e-7
v -2.7861621379852295 4.53666090965271 -1.2178702552793344e-7
v -2.7861621379852295 4.53666090965271 -1.2178702552793344e-7
v -3.153690814971924 4.3497154712677 -1.3785221212396577e-7
v -3.153690814971924 4.3497154712677 -1.3785221212396577e-7
v -0.5208628177642822 5.106063604354858 -2.2767640333235044e-8
v -0.5208628177642822 5.106063604354858 -2.2767640333235044e-8
v -2.061396598815918 4.095375180244446 -9.010651115501846e-8
v -2.061396598815918 4.095375180244446 -9.010651115501846e-8
v -2.3846817016601562 3.9629207849502563 -1.0423775673388962e-7
v -2.3846817016601562 3.9629207849502563 -1.0423775673388962e-7
v -2.696682929992676 3.806867837905884 -1.178757577539453e-7
v -2.696682929992676 3.806867837905884 -1.178757577539453e-7
v -0.4620003402233124 4.441421270370483 -2.0194676256135655e-8
v -0.4620003402233124 4.441421270370483 -2.0194676256135655e-8
v -2.988436698913574 3.628772497177124 -1.3062872094869709e-7
v -2.988436698913574 3.628772497177124 -1.3062872094869709e-7
v -0.7720983624458313 4.4118640422821045 -3.374949403769331e-8
v -0.7720983624458313 4.4118640422821045 -3.374949403769331e-8
v -3.251436710357666 3.436026453971863 -1.4212481930263292e-7
v -3.251436710357666 3.436026453971863 -1.4212481930263292e-7
v -1.0872553586959839 4.3636791706085205 -4.752544337788386e-8
v -1.0872553586959839 4.3636791706085205 -4.752544337788386e-8
v -0.15398240089416504 4.456913471221924 -6.730784852578253e-9
v -0.15398240089416504 4.456913471221924 -6.730784852578253e-9
v -1.408349633216858 4.295446395874023 -6.156092555905649e-8
v -1.408349633216858 4.295446395874023 -6.156092555905649e-8
v -1.7341926097869873 4.206233263015747 -7.580397503796745e-8
v -1.7341926097869873 4.206233263015747 -7.580397503796745e-8
v 3.7091100215911865 0.2532768249511719 1.6213036329240316e-7
v 3.7091100215911865 0.2532768249511719 1.6213036329240316e-7
v 3.7091100215911865 3.3363481760025024 1.6213036329240316e-7
v 3.7091100215911865 3.3363481760025024 1.6213036329240316e-7
v 3.391447067260742 3.3363481760025024 1.4824486602537036e-7
v 3.391447067260742 3.3363481760025024 1.4824486602537036e-7
v 3.391447067260742 0.2532768249511719 1.4824486602537036e-7
v 3.391447067260742 0.2532768249511719 1.4824486602537036e-7
v 3.6194331645965576 0.15327119827270508 1.58210469529559e-7
v 3.6194331645965576 0.15327119827270508 1.58210469529559e-7
v 1.7838878631591797 4.26057767868042 7.797621787905837e-8
v 1.7838878631591797 4.26057767868042 7.797621787905837e-8
v 1.7838878631591797 0.2532768249511719 7.797621787905837e-8
v 1.7838878631591797 0.2532768249511719 7.797621787905837e-8
v 1.5497336387634277 4.26057767868042 6.774100603784331e-8
v 1.5497336387634277 4.26057767868042 6.774100603784331e-8
v 1.5497336387634277 0.2532768249511719 6.774100603784331e-8
v 1.5497336387634277 0.2532768249511719 6.774100603784331e-8
v 1.570037841796875 4.2547372579574585 6.862853786816233e-8
v 1.570037841796875 4.2547372579574585 6.862853786816233e-8
v 1.897562026977539 4.153687834739685 8.294507878260627e-8
v 1.897562026977539 4.153687834739685 8.294507878260627e-8
v 0.702226459980011 5.090005159378052 3.0695293574073736e-8
v 0.702226459980011 5.090005159378052 3.0695293574073736e-8
v 0.33934950828552246 5.11653995513916 1.483343766469625e-8
v 0.33934950828552246 5.11653995513916 1.483343766469625e-8
v 3.3318071365356445 4.24446702003479 1.4563792734718798e-7
v 3.3318071365356445 4.24446702003479 1.4563792734718798e-7
v 2.973511219024658 4.4478349685668945 1.2997631481626275e-7
v 2.973511219024658 4.4478349685668945 1.2997631481626275e-7
v 1.2460774183273315 4.332216501235962 5.446777634389775e-8
v 1.2460774183273315 4.332216501235962 5.446777634389775e-8
v 0.3079394996166229 4.450869798660278 1.3460463923018362e-8
v 0.3079394996166229 4.450869798660278 1.3460463923018362e-8
v 2.5971217155456543 4.61825966835022 1.1352379716214538e-7
v 2.5971217155456543 4.61825966835022 1.1352379716214538e-7
v 0.9279897809028625 4.391253709793091 4.0563723253226276e-8
v 0.9279897809028625 4.391253709793091 4.0563723253226276e-8
v 3.1269240379333496 3.532321810722351 1.3668218981675563e-7
v 3.1269240379333496 3.532321810722351 1.3668218981675563e-7
v 2.2122294902801514 4.765010118484497 9.669962302277335e-8
v 2.2122294902801514 4.765010118484497 9.669962302277335e-8
v 0.6159347891807556 4.428703546524048 2.692336500763277e-8
v 0.6159347891807556 4.428703546524048 2.692336500763277e-8
v 2.847813129425049 3.720575451850891 1.2448187255383061e-7
v 2.847813129425049 3.720575451850891 1.2448187255383061e-7
v 1.8263431787490845 4.8842902183532715 7.983200630031621e-8
v 1.8263431787490845 4.8842902183532715 7.983200630031621e-8
v 2.5437066555023193 3.888338327407837 1.1118895372057717e-7
v 2.5437066555023193 3.888338327407837 1.1118895372057717e-7
v 1.4446556568145752 4.976332187652588 6.314790145115615e-8
v 1.4446556568145752 4.976332187652588 6.314790145115615e-8
v 2.2242424488067627 4.0328967571258545 9.722473542344955e-8
v 2.2242424488067627 4.0328967571258545 9.722473542344955e-8
v 1.0698872804641724 5.045881032943726 4.6766260435290814e-8
v 1.0698872804641724 5.045881032943726 4.6766260435290814e-8
v 3.660686731338501 4.023939847946167 1.6001371331524055e-7
v 3.660686731338501 4.023939847946167 1.6001371331524055e-7
v 3.497490644454956 4.140247225761414 1.5288019106163079e-7
v 3.497490644454956 4.140247225761414 1.5288019106163079e-7
v 0.8862156867980957 5.071024656295776 3.8737720783602755e-8
v 0.8862156867980957 5.071024656295776 3.8737720783602755e-8
v 3.8095951080322266 3.908703327178955 1.6652271113350883e-7
v 3.8095951080322266 3.908703327178955 1.6652271113350883e-7
v 1.2575371265411377 5.0142927169799805 5.496869831701215e-8
v 1.2575371265411377 5.0142927169799805 5.496869831701215e-8
v 0.16968919336795807 5.124253511428833 7.417350771296947e-9
v 0.16968919336795807 5.124253511428833 7.417350771296947e-9
v 1.635847806930542 4.933511734008789 7.150518435935456e-8
v 1.635847806930542 4.933511734008789 7.150518435935456e-8
v 2.019782304763794 4.828006744384766 8.828749332052295e-8
v 2.019782304763794 4.828006744384766 8.828749332052295e-8
v 2.4052743911743164 4.694957971572876 1.0513787938155037e-7
v 2.4052743911743164 4.694957971572876 1.0513787938155037e-7
v 2.7861621379852295 4.53666090965271 1.2178702552793344e-7
v 2.7861621379852295 4.53666090965271 1.2178702552793344e-7
v 3.153690814971924 4.3497154712677 1.3785221212396577e-7
v 3.153690814971924 4.3497154712677 1.3785221212396577e-7
v 0.5208628177642822 5.106063604354858 2.2767640333235044e-8
v 0.5208628177642822 5.106063604354858 2.2767640333235044e-8
v 2.061396598815918 4.095375180244446 9.010651115501846e-8
v 2.061396598815918 4.095375180244446 9.010651115501846e-8
v 2.3846817016601562 3.9629207849502563 1.0423775673388962e-7
v 2.3846817016601562 3.9629207849502563 1.0423775673388962e-7
v 2.696682929992676 3.806867837905884 1.178757577539453e-7
v 2.696682929992676 3.806867837905884 1.178757577539453e-7
v 0.4620003402233124 4.441421270370483 2.0194676256135655e-8
v 0.4620003402233124 4.441421270370483 2.0194676256135655e-8
v 2.988436698913574 3.628772497177124 1.3062872094869709e-7
v 2.988436698913574 3.628772497177124 1.3062872094869709e-7
v 0.7720983624458313 4.4118640422821045 3.374949403769331e-8
v 0.7720983624458313 4.4118640422821045 3.374949403769331e-8
v 3.251436710357666 3.436026453971863 1.4212481930263292e-7
v 3.251436710357666 3.436026453971863 1.4212481930263292e-7
v 1.0872553586959839 4.3636791706085205 4.752544337788386e-8
v 1.0872553586959839 4.3636791706085205 4.752544337788386e-8
v 0.15398240089416504 4.456913471221924 6.730784852578253e-9
v 0.15398240089416504 4.456913471221924 6.730784852578253e-9
v 1.408349633216858 4.295446395874023 6.156092555905649e-8
v 1.408349633216858 4.295446395874023 6.156092555905649e-8
v 1.7341926097869873 4.206233263015747 7.580397503796745e-8
v 1.7341926097869873 4.206233263015747 7.580397503796745e-8
v 1.1921195646796864e-8 0.15327119827270508 -0.2727251350879669
v 1.1921195646796864e-8 0.15327119827270508 -0.2727251350879669
v -3.688210964202881 0.2532768249511719 0.2727287113666526
v -3.7091100215911865 0.2532768249511719 0.2518297731876365
v -3.6986606121063232 0.2532768249511719 0.26992878317832864
v -3.706310272216797 0.2532768249511719 0.26227921247482217
v -3.7091100215911865 3.3363481760025024 0.2518297731876365
v -3.688210964202881 3.3363481760025024 0.2727287113666526
v -3.706310272216797 3.3363481760025024 0.26227921247482217
v -3.6986606121063232 3.3363481760025024 0.26992878317832864
v -3.412346124649048 3.3363481760025024 0.27272874116897505
v -3.391447067260742 3.3363481760025024 0.25182977318763655
v -3.4018964767456055 3.3363481760025024 0.2699287831783287
v -3.394246816635132 3.3363481760025024 0.2622792422771446
v -3.391447067260742 0.2532768249511719 0.25182977318763655
v -3.412346124649048 0.2532768249511719 0.27272874116897505
v -3.394246816635132 0.2532768249511719 0.2622792422771446
v -3.4018964767456055 0.2532768249511719 0.2699287831783287
v -3.7426254749298096 3.355260133743286 0.28827637434005654
v -3.7426254749298096 3.355260133743286 0.28827637434005654
v -3.71283221244812 3.3363481760025024 0.28827637434005654
v -3.71283221244812 3.3363481760025024 0.28827637434005654
v -3.718961477279663 3.354049801826477 0.30917537212371743
v -3.718961477279663 3.354049801826477 0.30917537212371743
v -3.7358977794647217 3.346037983894348 0.28827637434005654
v -3.7389585971832275 3.3548771142959595 0.29871213436126626
v -3.73250412940979 3.346056818962097 0.2982705235481254
v -3.7131454944610596 3.3384917974472046 0.29871213436126626
v -3.7131454944610596 3.3384917974472046 0.29871213436126626
v -3.724961757659912 3.339096188545227 0.28827637434005654
v -3.724961757659912 3.339096188545227 0.28827637434005654
v -3.724804639816284 3.3411697149276733 0.2982705235481254
v -3.724804639816284 3.3411697149276733 0.2982705235481254
v -3.724804639816284 3.3411697149276733 0.2982705235481254
v -3.7302722930908203 3.3544329404830933 0.3063833415508262
v -3.715394973754883 3.34498929977417 0.3063833415508262
v -3.726388931274414 3.3457441329956055 0.30367124080657876
v -3.726388931274414 3.3457441329956055 0.30367124080657876
v -3.921003580093384 3.7836475372314453 0.3091753721237174
v -3.921003580093384 3.7836475372314453 0.3091753721237174
v -3.9308788776397705 3.802765369415283 0.2882763743400565
v -3.9308788776397705 3.802765369415283 0.2882763743400565
v -3.9377338886260986 3.7701157331466675 0.2882763743400565
v -3.9377338886260986 3.7701157331466675 0.2882763743400565
v -3.925755023956299 3.793156385421753 0.30638331174850375
v -3.925755023956299 3.793156385421753 0.30638331174850375
v -3.929178237915039 3.7768529653549194 0.30638331174850375
v -3.93338680267334 3.786247491836548 0.3036712110042563
v -3.93338680267334 3.786247491836548 0.3036712110042563
v -3.937734365463257 3.7934166193008423 0.2882763743400565
v -3.929380178451538 3.800173759460449 0.2987121343612662
v -3.935938835144043 3.7911880016326904 0.29827049374580294
v -3.935319185256958 3.7718859910964966 0.2987121343612662
v -3.9402503967285156 3.7814323902130127 0.2882763743400565
v -3.9402503967285156 3.7814323902130127 0.2882763743400565
v -3.9377100467681885 3.782750725746155 0.29827049374580294
v -3.9377100467681885 3.782750725746155 0.29827049374580294
v -1.3514490928384753e-8 5.106669902801514 0.3091755211353302
v -1.3514490928384753e-8 5.106669902801514 0.3091755211353302
v -1.3514490928384753e-8 5.106669902801514 0.3091755211353302
v -1.3514490928384753e-8 5.106669902801514 0.3091755211353302
v -1.2600968332837981e-8 5.1275129318237305 0.2882765531539917
v -1.2600968332837981e-8 5.1275129318237305 0.2882765531539917
v -1.2600968332837981e-8 5.1275129318237305 0.2882765531539917
v -1.2600968332837981e-8 5.1275129318237305 0.2882765531539917
v -1.3392101717885206e-8 5.117091417312622 0.3063755929470062
v -1.3392101717885206e-8 5.117091417312622 0.3063755929470062
v -1.3392101717885206e-8 5.117091417312622 0.3063755929470062
v -1.3392101717885206e-8 5.117091417312622 0.3063755929470062
v -1.3057730074700574e-8 5.124720573425293 0.29872602224349976
v -1.3057730074700574e-8 5.124720573425293 0.29872602224349976
v -3.644730806350708 4.009243965148926 0.30917537212371743
v -3.644730806350708 4.009243965148926 0.30917537212371743
v -3.644730806350708 4.009243965148926 0.30917537212371743
v -3.660686731338501 4.023939847946167 0.28827637434005654
v -3.660686731338501 4.023939847946167 0.28827637434005654
v -3.660686731338501 4.023939847946167 0.28827637434005654
v -3.6527090072631836 4.016592025756836 0.30637541413307107
v -3.6527090072631836 4.016592025756836 0.30637541413307107
v -3.6527090072631836 4.016592025756836 0.30637541413307107
v -3.6527090072631836 4.016592025756836 0.30637541413307107
v -3.6585490703582764 4.021970987319946 0.2987258434295646
v -3.6585490703582764 4.021970987319946 0.2987258434295646
v -3.3172316551208496 4.228689908981323 0.30917540192603993
v -3.3172316551208496 4.228689908981323 0.30917540192603993
v -3.3172316551208496 4.228689908981323 0.30917540192603993
v -3.3318071365356445 4.24446702003479 0.28827640414237904
v -3.3318071365356445 4.24446702003479 0.28827640414237904
v -3.3318071365356445 4.24446702003479 0.28827640414237904
v -3.324519395828247 4.236578583717346 0.30637544393539357
v -3.324519395828247 4.236578583717346 0.30637544393539357
v -3.324519395828247 4.236578583717346 0.30637544393539357
v -3.324519395828247 4.236578583717346 0.30637544393539357
v -3.329854726791382 4.242353439331055 0.2987258732318871
v -3.329854726791382 4.242353439331055 0.2987258732318871
v -2.9605326652526855 4.4309399127960205 0.30917540192604
v -2.9605326652526855 4.4309399127960205 0.30917540192604
v -2.9605326652526855 4.4309399127960205 0.30917540192604
v -2.9735114574432373 4.447834730148315 0.2882764041423791
v -2.9735114574432373 4.447834730148315 0.2882764041423791
v -2.9735114574432373 4.447834730148315 0.2882764041423791
v -2.967022180557251 4.439387321472168 0.3063754439353936
v -2.967022180557251 4.439387321472168 0.3063754439353936
v -2.967022180557251 4.439387321472168 0.3063754439353936
v -2.967022180557251 4.439387321472168 0.3063754439353936
v -2.9717726707458496 4.445571422576904 0.29872587323188715
v -2.9717726707458496 4.445571422576904 0.29872587323188715
v -2.585754871368408 4.600415945053101 0.3091754317283625
v -2.585754871368408 4.600415945053101 0.3091754317283625
v -2.585754871368408 4.600415945053101 0.3091754317283625
v -2.597121477127075 4.618259429931641 0.2882764339447016
v -2.597121477127075 4.618259429931641 0.2882764339447016
v -2.597121477127075 4.618259429931641 0.2882764339447016
v -2.5914382934570312 4.60933780670166 0.3063754737377161
v -2.5914382934570312 4.60933780670166 0.3063754737377161
v -2.5914382934570312 4.60933780670166 0.3063754737377161
v -2.5914382934570312 4.60933780670166 0.3063754737377161
v -2.5955986976623535 4.615868806838989 0.29872590303420965
v -2.5955986976623535 4.615868806838989 0.29872590303420965
v -2.2026028633117676 4.746307611465454 0.3091754615306849
v -2.2026028633117676 4.746307611465454 0.3091754615306849
v -2.2026028633117676 4.746307611465454 0.3091754615306849
v -2.2122294902801514 4.765009880065918 0.28827646374702404
v -2.2122294902801514 4.765009880065918 0.28827646374702404
v -2.2122294902801514 4.765009880065918 0.28827646374702404
v -2.20741605758667 4.7556586265563965 0.30637550354003856
v -2.20741605758667 4.7556586265563965 0.30637550354003856
v -2.20741605758667 4.7556586265563965 0.30637550354003856
v -2.20741605758667 4.7556586265563965 0.30637550354003856
v -2.210939645767212 4.7625041007995605 0.2987259328365321
v -2.210939645767212 4.7625041007995605 0.2987259328365321
v -1.8184444904327393 4.86488938331604 0.30917546153068504
v -1.8184444904327393 4.86488938331604 0.30917546153068504
v -1.8184444904327393 4.86488938331604 0.30917546153068504
v -1.826343297958374 4.88429069519043 0.28827646374702415
v -1.826343297958374 4.88429069519043 0.28827646374702415
v -1.826343297958374 4.88429069519043 0.28827646374702415
v -1.822393774986267 4.874589920043945 0.3063755035400387
v -1.822393774986267 4.874589920043945 0.3063755035400387
v -1.822393774986267 4.874589920043945 0.3063755035400387
v -1.822393774986267 4.874589920043945 0.3063755035400387
v -1.8252849578857422 4.881691217422485 0.2987259328365322
v -1.8252849578857422 4.881691217422485 0.2987259328365322
v -1.4385042190551758 4.956379175186157 0.3091754913330075
v -1.4385042190551758 4.956379175186157 0.3091754913330075
v -1.4385042190551758 4.956379175186157 0.3091754913330075
v -1.4446556568145752 4.976332187652588 0.2882764935493466
v -1.4446556568145752 4.976332187652588 0.2882764935493466
v -1.4446556568145752 4.976332187652588 0.2882764935493466
v -1.4415799379348755 4.966355800628662 0.3063755333423611
v -1.4415799379348755 4.966355800628662 0.3063755333423611
v -1.4415799379348755 4.966355800628662 0.3063755333423611
v -1.4415799379348755 4.966355800628662 0.3063755333423611
v -1.443831443786621 4.973658800125122 0.29872596263885465
v -1.443831443786621 4.973658800125122 0.29872596263885465
v -1.0654715299606323 5.025509595870972 0.3091754913330076
v -1.0654715299606323 5.025509595870972 0.3091754913330076
v -1.0654715299606323 5.025509595870972 0.3091754913330076
v -1.0698872804641724 5.045881032943726 0.2882764935493467
v -1.0698872804641724 5.045881032943726 0.2882764935493467
v -1.0698872804641724 5.045881032943726 0.2882764935493467
v -1.0676794052124023 5.035695314407349 0.30637553334236123
v -1.0676794052124023 5.035695314407349 0.30637553334236123
v -1.0676794052124023 5.035695314407349 0.30637553334236123
v -1.0676794052124023 5.035695314407349 0.30637553334236123
v -1.0692957639694214 5.04315185546875 0.29872596263885476
v -1.0692957639694214 5.04315185546875 0.29872596263885476
v -0.6995329260826112 5.0693628787994385 0.30917552113533003
v -0.6995329260826112 5.0693628787994385 0.30917552113533003
v -0.6995329260826112 5.0693628787994385 0.30917552113533003
v -0.7022264599800111 5.090005159378052 0.28827652335166914
v -0.7022264599800111 5.090005159378052 0.28827652335166914
v -0.7022264599800111 5.090005159378052 0.28827652335166914
v -0.7008796930313111 5.079684019088745 0.30637556314468367
v -0.7008796930313111 5.079684019088745 0.30637556314468367
v -0.7008796930313111 5.079684019088745 0.30637556314468367
v -0.7008796930313111 5.079684019088745 0.30637556314468367
v -0.7018656134605409 5.087239503860474 0.2987259924411772
v -0.7018656134605409 5.087239503860474 0.2987259924411772
v -0.33836802840232855 5.095738410949707 0.30917552113533014
v -0.33836802840232855 5.095738410949707 0.30917552113533014
v -0.33836802840232855 5.095738410949707 0.30917552113533014
v -0.3393495380878449 5.11653995513916 0.28827652335166926
v -0.3393495380878449 5.11653995513916 0.28827652335166926
v -0.3393495380878449 5.11653995513916 0.28827652335166926
v -0.3388587832450867 5.106139183044434 0.3063755631446838
v -0.3388587832450867 5.106139183044434 0.3063755631446838
v -0.3388587832450867 5.106139183044434 0.3063755631446838
v -0.3388587832450867 5.106139183044434 0.3063755631446838
v -0.3392180502414704 5.113753318786621 0.2987259924411773
v -0.3392180502414704 5.113753318786621 0.2987259924411773
v -3.3911287784576416 3.3363481760025024 0.288276404142379
v -3.3911287784576416 3.3363481760025024 0.288276404142379
v -3.3542206287384033 3.3497817516326904 0.28827640414237904
v -3.3542206287384033 3.3497817516326904 0.28827640414237904
v -3.3837151527404785 3.353921890258789 0.3091754019260399
v -3.3837151527404785 3.353921890258789 0.3091754019260399
v -3.3837151527404785 3.353921890258789 0.3091754019260399
v -3.3837151527404785 3.353921890258789 0.3091754019260399
v -3.3785836696624756 3.3383166790008545 0.28827643394470137
v -3.38852596282959 3.338984489440918 0.29858532547950667
v -3.38852596282959 3.338984489440918 0.29858532547950667
v -3.377744197845459 3.3401721715927124 0.29826036095619124
v -3.377744197845459 3.3401721715927124 0.29826036095619124
v -3.361018180847168 3.348326086997986 0.29849275946617054
v -3.361018180847168 3.348326086997986 0.29849275946617054
v -3.361018180847168 3.348326086997986 0.29849275946617054
v -3.3650968074798584 3.343225359916687 0.28827640414237904
v -3.3689818382263184 3.3431525230407715 0.2981816530227654
v -3.3689818382263184 3.3431525230407715 0.2981816530227654
v -3.3858468532562256 3.3453547954559326 0.30612084269523543
v -3.3717052936553955 3.3498218059539795 0.30607542395591664
v -3.3717052936553955 3.3498218059539795 0.30607542395591664
v -3.375554084777832 3.3438504934310913 0.303779333829879
v -1.2600968332837981e-8 4.460617303848267 0.2882765531539917
v -1.2600968332837981e-8 4.460617303848267 0.2882765531539917
v -1.2600968332837981e-8 4.460617303848267 0.2882765531539917
v -1.2600968332837981e-8 4.460617303848267 0.2882765531539917
v -1.3514490928384753e-8 4.4814629554748535 0.3091755211353302
v -1.3514490928384753e-8 4.4814629554748535 0.3091755211353302
v -1.3514490928384753e-8 4.4814629554748535 0.3091755211353302
v -1.3514490928384753e-8 4.4814629554748535 0.3091755211353302
v -1.3057730074700574e-8 4.463410139083862 0.29872602224349976
v -1.3057730074700574e-8 4.463410139083862 0.29872602224349976
v -1.3057730074700574e-8 4.463410139083862 0.29872602224349976
v -1.3057730074700574e-8 4.463410139083862 0.29872602224349976
v -1.3392101717885206e-8 4.47104024887085 0.3063755929470062
v -1.3392101717885206e-8 4.47104024887085 0.3063755929470062
v -3.1269240379333496 3.532321810722351 0.28827640414237904
v -3.1269240379333496 3.532321810722351 0.28827640414237904
v -3.1269240379333496 3.532321810722351 0.28827640414237904
v -3.1431329250335693 3.547250747680664 0.30917540192603993
v -3.1431329250335693 3.547250747680664 0.30917540192603993
v -3.1290957927703857 3.534321904182434 0.2987258732318871
v -3.1290957927703857 3.534321904182434 0.2987258732318871
v -3.1290957927703857 3.534321904182434 0.2987258732318871
v -3.1290957927703857 3.534321904182434 0.2987258732318871
v -3.135028600692749 3.539786458015442 0.30637544393539357
v -2.847813129425049 3.720575451850891 0.28827643394470154
v -2.847813129425049 3.720575451850891 0.28827643394470154
v -2.847813129425049 3.720575451850891 0.28827643394470154
v -2.8625328540802 3.73650860786438 0.30917540192604004
v -2.8625328540802 3.73650860786438 0.30917540192604004
v -2.849785089492798 3.722709894180298 0.2987258732318872
v -2.849785089492798 3.722709894180298 0.2987258732318872
v -2.849785089492798 3.722709894180298 0.2987258732318872
v -2.849785089492798 3.722709894180298 0.2987258732318872
v -2.855172872543335 3.728541851043701 0.3063754439353937
v -2.5437064170837402 3.8883382081985474 0.2882764339447016
v -2.5437064170837402 3.8883382081985474 0.2882764339447016
v -2.5437064170837402 3.8883382081985474 0.2882764339447016
v -2.5567569732666016 3.9053268432617188 0.3091754317283625
v -2.5567569732666016 3.9053268432617188 0.3091754317283625
v -2.545454740524292 3.8906142711639404 0.29872590303420965
v -2.545454740524292 3.8906142711639404 0.29872590303420965
v -2.545454740524292 3.8906142711639404 0.29872590303420965
v -2.545454740524292 3.8906142711639404 0.29872590303420965
v -2.550231695175171 3.8968324661254883 0.3063754737377161
v -2.2242424488067627 4.0328967571258545 0.28827643394470165
v -2.2242424488067627 4.0328967571258545 0.28827643394470165
v -2.2242424488067627 4.0328967571258545 0.28827643394470165
v -2.2356507778167725 4.050806283950806 0.30917543172836254
v -2.2356507778167725 4.050806283950806 0.30917543172836254
v -2.2257707118988037 4.035296201705933 0.2987259030342097
v -2.2257707118988037 4.035296201705933 0.2987259030342097
v -2.2257707118988037 4.035296201705933 0.2987259030342097
v -2.2257707118988037 4.035296201705933 0.2987259030342097
v -2.2299466133117676 4.04185152053833 0.3063754737377162
v -1.897562026977539 4.153688073158264 0.2882764637470241
v -1.897562026977539 4.153688073158264 0.2882764637470241
v -1.897562026977539 4.153688073158264 0.2882764637470241
v -1.9072059392929077 4.172423839569092 0.309175461530685
v -1.9072059392929077 4.172423839569092 0.309175461530685
v -1.8988540172576904 4.156198024749756 0.29872593283653215
v -1.8988540172576904 4.156198024749756 0.29872593283653215
v -1.8988540172576904 4.156198024749756 0.29872593283653215
v -1.8988540172576904 4.156198024749756 0.29872593283653215
v -1.9023839235305786 4.163055896759033 0.3063755035400386
v -1.570037841796875 4.254737496376038 0.2882764935493466
v -1.570037841796875 4.254737496376038 0.2882764935493466
v -1.570037841796875 4.254737496376038 0.2882764935493466
v -1.5779454708099365 4.2741605043411255 0.3091754913330075
v -1.5779454708099365 4.2741605043411255 0.3091754913330075
v -1.5710972547531128 4.257339358329773 0.29872596263885465
v -1.5710972547531128 4.257339358329773 0.29872596263885465
v -1.5710972547531128 4.257339358329773 0.29872596263885465
v -1.5710972547531128 4.257339358329773 0.29872596263885465
v -1.5739915370941162 4.264448881149292 0.3063755333423611
v -1.2460774183273315 4.332216501235962 0.28827649354934665
v -1.2460774183273315 4.332216501235962 0.28827649354934665
v -1.2460774183273315 4.332216501235962 0.28827649354934665
v -1.2522326707839966 4.352181673049927 0.30917549133300753
v -1.2522326707839966 4.352181673049927 0.30917549133300753
v -1.2469019889831543 4.334891080856323 0.2987259626388547
v -1.2469019889831543 4.334891080856323 0.2987259626388547
v -1.2469019889831543 4.334891080856323 0.2987259626388547
v -1.2469019889831543 4.334891080856323 0.2987259626388547
v -1.249155044555664 4.342198848724365 0.3063755333423612
v -0.9279897809028627 4.391253709793091 0.2882765233516691
v -0.9279897809028627 4.391253709793091 0.2882765233516691
v -0.9279897809028627 4.391253709793091 0.2882765233516691
v -0.9324072003364564 4.411633014678955 0.30917552113533
v -0.9324072003364564 4.411633014678955 0.30917552113533
v -0.9285816550254823 4.393983840942383 0.29872599244117715
v -0.9285816550254823 4.393983840942383 0.29872599244117715
v -0.9285816550254823 4.393983840942383 0.29872599244117715
v -0.9285816550254823 4.393983840942383 0.29872599244117715
v -0.9301985502243043 4.401443243026733 0.3063755631446836
v -0.6159348487854005 4.428703784942627 0.2882765233516692
v -0.6159348487854005 4.428703784942627 0.2882765233516692
v -0.6159348487854005 4.428703784942627 0.2882765233516692
v -0.6186292171478273 4.449352025985718 0.3091755211353301
v -0.6186292171478273 4.449352025985718 0.3091755211353301
v -0.6162958145141603 4.431469917297363 0.29872599244117726
v -0.6162958145141603 4.431469917297363 0.29872599244117726
v -0.6162958145141603 4.431469917297363 0.29872599244117726
v -0.6162958145141603 4.431469917297363 0.29872599244117726
v -0.6172820329666139 4.439028024673462 0.3063755631446837
v -0.307939499616623 4.450870037078857 0.28827655315399164
v -0.307939499616623 4.450870037078857 0.28827655315399164
v -0.30892118811607366 4.471674919128418 0.30917552113533014
v -0.30892118811607366 4.471674919128418 0.30917552113533014
v -0.3080710172653199 4.453656911849976 0.2987260222434997
v -0.3080710172653199 4.453656911849976 0.2987260222434997
v -0.3084303438663483 4.461272239685059 0.30637559294700617
v -3.7875382900238037 0.17416954040527344 -1.6555858990131307e-7
v -3.7875382900238037 0.17416954040527344 -1.6555858990131307e-7
v -3.766639471054077 0.15327048301696777 -1.6464504510130584e-7
v -3.766639471054077 0.15327048301696777 -1.6464504510130584e-7
v -3.784738302230835 0.16372013092041016 -1.654361775981746e-7
v -3.784738302230835 0.16372013092041016 -1.654361775981746e-7
v -3.784738302230835 0.16372013092041016 -1.654361775981746e-7
v -3.784738302230835 0.16372013092041016 -1.654361775981746e-7
v -3.7770888805389404 0.15607047080993652 -1.651018103958821e-7
v -3.7770888805389404 0.15607047080993652 -1.651018103958821e-7
v -3.766639471054077 0.2532765865325928 -1.6464504510130584e-7
v -3.766639471054077 0.2532765865325928 -1.6464504510130584e-7
v -3.7875382900238037 0.2323777675628662 -1.6555858990131307e-7
v -3.7875382900238037 0.2323777675628662 -1.6555858990131307e-7
v -3.7770888805389404 0.2504768371582031 -1.651018103958821e-7
v -3.7770888805389404 0.2504768371582031 -1.651018103958821e-7
v -3.7770888805389404 0.2504768371582031 -1.651018103958821e-7
v -3.7770888805389404 0.2504768371582031 -1.651018103958821e-7
v -3.784738302230835 0.2428271770477295 -1.654361775981746e-7
v -3.784738302230835 0.2428271770477295 -1.654361775981746e-7
v -1.7838878631591797 4.26057767868042 0.12410974502563436
v -1.7629889249801636 4.26057767868042 0.14500869810581168
v -1.7810879945755005 4.26057767868042 0.13455921411514243
v -1.7734384536743164 4.26057767868042 0.14220875501632652
v -1.7629889249801636 0.2532768249511719 0.14500872790813407
v -1.7838878631591797 0.2532768249511719 0.12410977482795675
v -1.7734384536743164 0.2532768249511719 0.1422087848186489
v -1.7810879945755005 0.2532768249511719 0.13455922901630363
v -1.5497336387634277 0.2532768249511719 0.124109789729118
v -1.5706325769424438 0.2532768249511719 0.1450087428092953
v -1.552533507347107 0.2532768249511719 0.13455924391746488
v -1.560183048248291 0.2532768249511719 0.14220879971981015
v -1.5706325769424438 4.26057767868042 0.1450087130069729
v -1.5497336387634277 4.26057767868042 0.12410975992679561
v -1.560183048248291 4.26057767868042 0.14220876991748777
v -1.552533507347107 4.26057767868042 0.13455922901630368
v -0.16968917846679693 5.124253511428833 0.28827655315399164
v -0.16968917846679693 5.124253511428833 0.28827655315399164
v -0.16968917846679693 5.124253511428833 0.28827655315399164
v -0.16919888556003576 5.103422164916992 0.30917552113533014
v -0.16919888556003576 5.103422164916992 0.30917552113533014
v -0.16919888556003576 5.103422164916992 0.30917552113533014
v -0.16962349414825445 5.12146258354187 0.2987260222434997
v -0.16962349414825445 5.12146258354187 0.2987260222434997
v -0.16944403946399694 5.113837957382202 0.30637559294700617
v -0.16944403946399694 5.113837957382202 0.30637559294700617
v -0.16944403946399694 5.113837957382202 0.30637559294700617
v -0.16944403946399694 5.113837957382202 0.30637559294700617
v -3.8094418048858643 3.908703327178955 0.28827637434005654
v -3.8094418048858643 3.908703327178955 0.28827637434005654
v -3.8094418048858643 3.908703327178955 0.28827637434005654
v -3.8022704124450684 3.8872169256210327 0.30917537212371743
v -3.8022704124450684 3.8872169256210327 0.30917537212371743
v -3.8022704124450684 3.8872169256210327 0.30917537212371743
v -3.8022704124450684 3.8872169256210327 0.30917537212371743
v -3.8022704124450684 3.8872169256210327 0.30917537212371743
v -3.8084771633148193 3.905824899673462 0.2987258434295646
v -3.8084771633148193 3.905824899673462 0.2987258434295646
v -3.805852174758911 3.8979601860046387 0.30637541413307107
v -3.805852174758911 3.8979601860046387 0.30637541413307107
v -3.805852174758911 3.8979601860046387 0.30637541413307107
v -3.805852174758911 3.8979601860046387 0.30637541413307107
v -3.497490644454956 4.140247225761414 0.2882763743400566
v -3.497490644454956 4.140247225761414 0.2882763743400566
v -3.497490644454956 4.140247225761414 0.2882763743400566
v -3.4822754859924316 4.124959588050842 0.3091754019260399
v -3.4822754859924316 4.124959588050842 0.3091754019260399
v -3.4822754859924316 4.124959588050842 0.3091754019260399
v -3.4954521656036377 4.138199090957642 0.29872584342956465
v -3.4954521656036377 4.138199090957642 0.29872584342956465
v -3.4898831844329834 4.132603406906128 0.3063754141330711
v -3.4898831844329834 4.132603406906128 0.3063754141330711
v -3.4898831844329834 4.132603406906128 0.3063754141330711
v -3.4898831844329834 4.132603406906128 0.3063754141330711
v -3.153690814971924 4.349715232849121 0.28827640414237904
v -3.153690814971924 4.349715232849121 0.28827640414237904
v -3.153690814971924 4.349715232849121 0.28827640414237904
v -3.1399223804473877 4.333360552787781 0.30917540192603993
v -3.1399223804473877 4.333360552787781 0.30917540192603993
v -3.1399223804473877 4.333360552787781 0.30917540192603993
v -3.151846170425415 4.347523927688599 0.2987258732318871
v -3.151846170425415 4.347523927688599 0.2987258732318871
v -3.146806478500366 4.341537714004517 0.30637544393539357
v -3.146806478500366 4.341537714004517 0.30637544393539357
v -3.146806478500366 4.341537714004517 0.30637544393539357
v -3.146806478500366 4.341537714004517 0.30637544393539357
v -2.7861618995666504 4.536660671234131 0.28827643394470154
v -2.7861618995666504 4.536660671234131 0.28827643394470154
v -2.7861618995666504 4.536660671234131 0.28827643394470154
v -2.7739927768707275 4.519270420074463 0.3091754317283624
v -2.7739927768707275 4.519270420074463 0.3091754317283624
v -2.7739927768707275 4.519270420074463 0.3091754317283624
v -2.784531593322754 4.5343310832977295 0.2987259030342096
v -2.784531593322754 4.5343310832977295 0.2987259030342096
v -2.7800774574279785 4.527965545654297 0.30637547373771606
v -2.7800774574279785 4.527965545654297 0.30637547373771606
v -2.7800774574279785 4.527965545654297 0.30637547373771606
v -2.7800774574279785 4.527965545654297 0.30637547373771606
v -2.4052741527557373 4.694957971572876 0.2882764339447016
v -2.4052741527557373 4.694957971572876 0.2882764339447016
v -2.4052741527557373 4.694957971572876 0.2882764339447016
v -2.394782066345215 4.676663875579834 0.3091754317283625
v -2.394782066345215 4.676663875579834 0.3091754317283625
v -2.394782066345215 4.676663875579834 0.3091754317283625
v -2.4038684368133545 4.692507266998291 0.29872590303420965
v -2.4038684368133545 4.692507266998291 0.29872590303420965
v -2.4000282287597656 4.685811281204224 0.3063754737377161
v -2.4000282287597656 4.685811281204224 0.3063754737377161
v -2.4000282287597656 4.685811281204224 0.3063754737377161
v -2.4000282287597656 4.685811281204224 0.3063754737377161
v -2.019782066345215 4.828006744384766 0.2882764637470241
v -2.019782066345215 4.828006744384766 0.2882764637470241
v -2.019782066345215 4.828006744384766 0.2882764637470241
v -2.011021852493286 4.808934211730957 0.309175461530685
v -2.011021852493286 4.808934211730957 0.309175461530685
v -2.011021852493286 4.808934211730957 0.309175461530685
v -2.018608570098877 4.825451612472534 0.29872593283653215
v -2.018608570098877 4.825451612472534 0.29872593283653215
v -2.01540207862854 4.818470478057861 0.3063755035400386
v -2.01540207862854 4.818470478057861 0.3063755035400386
v -2.01540207862854 4.818470478057861 0.3063755035400386
v -2.01540207862854 4.818470478057861 0.3063755035400386
v -1.6358479261398315 4.933511972427368 0.28827646374702415
v -1.6358479261398315 4.933511972427368 0.28827646374702415
v -1.6358479261398315 4.933511972427368 0.28827646374702415
v -1.6288249492645264 4.913814544677734 0.30917546153068504
v -1.6288249492645264 4.913814544677734 0.30917546153068504
v -1.6288249492645264 4.913814544677734 0.30917546153068504
v -1.6349071264266968 4.930873155593872 0.2987259328365322
v -1.6349071264266968 4.930873155593872 0.2987259328365322
v -1.6323364973068237 4.923663139343262 0.3063755035400387
v -1.6323364973068237 4.923663139343262 0.3063755035400387
v -1.6323364973068237 4.923663139343262 0.3063755035400387
v -1.6323364973068237 4.923663139343262 0.3063755035400387
v -1.2575371265411377 5.0142927169799805 0.28827649354934665
v -1.2575371265411377 5.0142927169799805 0.28827649354934665
v -1.2575371265411377 5.0142927169799805 0.28827649354934665
v -1.2522552013397217 4.9941112995147705 0.30917549133300753
v -1.2522552013397217 4.9941112995147705 0.30917549133300753
v -1.2522552013397217 4.9941112995147705 0.30917549133300753
v -1.2568295001983643 5.01158881187439 0.2987259626388547
v -1.2568295001983643 5.01158881187439 0.2987259626388547
v -1.2548962831497192 5.004202127456665 0.3063755333423612
v -1.2548962831497192 5.004202127456665 0.3063755333423612
v -1.2548962831497192 5.004202127456665 0.3063755333423612
v -1.2548962831497192 5.004202127456665 0.3063755333423612
v -0.8862158060073854 5.0710248947143555 0.2882765233516691
v -0.8862158060073854 5.0710248947143555 0.2882765233516691
v -0.8862158060073854 5.0710248947143555 0.2882765233516691
v -0.8826622962951661 5.050499677658081 0.30917552113533
v -0.8826622962951661 5.050499677658081 0.30917552113533
v -0.8826622962951661 5.050499677658081 0.30917552113533
v -0.8857396841049195 5.068274736404419 0.29872599244117715
v -0.8857396841049195 5.068274736404419 0.29872599244117715
v -0.884438991546631 5.060762166976929 0.3063755631446836
v -0.884438991546631 5.060762166976929 0.3063755631446836
v -0.884438991546631 5.060762166976929 0.3063755631446836
v -0.884438991546631 5.060762166976929 0.3063755631446836
v -0.5208626985549928 5.106063604354858 0.2882765233516692
v -0.5208626985549928 5.106063604354858 0.2882765233516692
v -0.5208626985549928 5.106063604354858 0.2882765233516692
v -0.5190261602401735 5.085325002670288 0.3091755211353301
v -0.5190261602401735 5.085325002670288 0.3091755211353301
v -0.5190261602401735 5.085325002670288 0.3091755211353301
v -0.52061665058136 5.10328483581543 0.29872599244117726
v -0.52061665058136 5.10328483581543 0.29872599244117726
v -0.5199444293975831 5.095694303512573 0.3063755631446837
v -0.5199444293975831 5.095694303512573 0.3063755631446837
v -0.5199444293975831 5.095694303512573 0.3063755631446837
v -0.5199444293975831 5.095694303512573 0.3063755631446837
v -0.15447269380092626 4.477745056152344 0.30917552113533014
v -0.15447269380092626 4.477745056152344 0.30917552113533014
v -0.1539823859930039 4.456913709640503 0.28827655315399164
v -0.1539823859930039 4.456913709640503 0.28827655315399164
v -0.1539823859930039 4.456913709640503 0.28827655315399164
v -0.15422753989696508 4.467329502105713 0.30637559294700617
v -0.15404808521270758 4.459704875946045 0.2987260222434997
v -0.15404808521270758 4.459704875946045 0.2987260222434997
v -0.15404808521270758 4.459704875946045 0.2987260222434997
v -0.15404808521270758 4.459704875946045 0.2987260222434997
v -3.268446922302246 3.450435996055603 0.30917540192603993
v -3.268446922302246 3.450435996055603 0.30917540192603993
v -3.268446922302246 3.450435996055603 0.30917540192603993
v -3.268446922302246 3.450435996055603 0.30917540192603993
v -3.251436471939087 3.436026453971863 0.28827640414237904
v -3.251436471939087 3.436026453971863 0.28827640414237904
v -3.251436471939087 3.436026453971863 0.28827640414237904
v -3.259941816329956 3.4432313442230225 0.30637544393539357
v -3.259941816329956 3.4432313442230225 0.30637544393539357
v -3.2537155151367188 3.4379571676254272 0.2987258732318871
v -3.2537155151367188 3.4379571676254272 0.2987258732318871
v -3.2537155151367188 3.4379571676254272 0.2987258732318871
v -3.2537155151367188 3.4379571676254272 0.2987258732318871
v -3.003831386566162 3.6442407369613647 0.30917540192604
v -3.003831386566162 3.6442407369613647 0.30917540192604
v -2.988436460494995 3.628772497177124 0.2882764041423791
v -2.988436460494995 3.628772497177124 0.2882764041423791
v -2.988436460494995 3.628772497177124 0.2882764041423791
v -2.996133804321289 3.636506676673889 0.3063754439353936
v -2.9904990196228027 3.630844831466675 0.29872587323188715
v -2.9904990196228027 3.630844831466675 0.29872587323188715
v -2.9904990196228027 3.630844831466675 0.29872587323188715
v -2.9904990196228027 3.630844831466675 0.29872587323188715
v -2.710552930831909 3.823343276977539 0.3091754317283624
v -2.710552930831909 3.823343276977539 0.3091754317283624
v -2.696682929992676 3.806868076324463 0.28827643394470154
v -2.696682929992676 3.806868076324463 0.28827643394470154
v -2.696682929992676 3.806868076324463 0.28827643394470154
v -2.703617811203003 3.815105676651001 0.30637547373771606
v -2.6985411643981934 3.809075355529785 0.2987259030342096
v -2.6985411643981934 3.809075355529785 0.2987259030342096
v -2.6985411643981934 3.809075355529785 0.2987259030342096
v -2.6985411643981934 3.809075355529785 0.2987259030342096
v -2.3969030380249023 3.9803855419158936 0.3091754317283625
v -2.3969030380249023 3.9803855419158936 0.3091754317283625
v -2.3846817016601562 3.9629210233688354 0.2882764339447016
v -2.3846817016601562 3.9629210233688354 0.2882764339447016
v -2.3846817016601562 3.9629210233688354 0.2882764339447016
v -2.3907923698425293 3.9716532230377197 0.3063754737377161
v -2.3863189220428467 3.965260624885559 0.29872590303420965
v -2.3863189220428467 3.965260624885559 0.29872590303420965
v -2.3863189220428467 3.965260624885559 0.29872590303420965
v -2.3863189220428467 3.965260624885559 0.29872590303420965
v -2.0719151496887207 4.113715052604675 0.309175461530685
v -2.0719151496887207 4.113715052604675 0.309175461530685
v -2.061396598815918 4.095374941825867 0.2882764637470241
v -2.061396598815918 4.095374941825867 0.2882764637470241
v -2.061396598815918 4.095374941825867 0.2882764637470241
v -2.0666558742523193 4.104544997215271 0.3063755035400386
v -2.062805652618408 4.097832083702087 0.29872593283653215
v -2.062805652618408 4.097832083702087 0.29872593283653215
v -2.062805652618408 4.097832083702087 0.29872593283653215
v -2.062805652618408 4.097832083702087 0.29872593283653215
v -1.742963433265686 4.225328803062439 0.30917546153068504
v -1.742963433265686 4.225328803062439 0.30917546153068504
v -1.7341926097869873 4.206233501434326 0.28827646374702415
v -1.7341926097869873 4.206233501434326 0.28827646374702415
v -1.7341926097869873 4.206233501434326 0.28827646374702415
v -1.738577961921692 4.215780735015869 0.3063755035400387
v -1.7353675365447998 4.208791494369507 0.2987259328365322
v -1.7353675365447998 4.208791494369507 0.2987259328365322
v -1.7353675365447998 4.208791494369507 0.2987259328365322
v -1.7353675365447998 4.208791494369507 0.2987259328365322
v -1.415377140045166 4.31515645980835 0.3091754913330075
v -1.415377140045166 4.31515645980835 0.3091754913330075
v -1.408349633216858 4.295446395874023 0.2882764935493466
v -1.408349633216858 4.295446395874023 0.2882764935493466
v -1.408349633216858 4.295446395874023 0.2882764935493466
v -1.4118633270263672 4.305301308631897 0.3063755333423611
v -1.4092910289764404 4.298086762428284 0.29872596263885465
v -1.4092910289764404 4.298086762428284 0.29872596263885465
v -1.4092910289764404 4.298086762428284 0.29872596263885465
v -1.4092910289764404 4.298086762428284 0.29872596263885465
v -1.0925389528274536 4.38386607170105 0.3091754913330076
v -1.0925389528274536 4.38386607170105 0.3091754913330076
v -1.0872553586959839 4.363678932189941 0.2882764935493467
v -1.0872553586959839 4.363678932189941 0.2882764935493467
v -1.0872553586959839 4.363678932189941 0.2882764935493467
v -1.0898971557617188 4.373772621154785 0.30637553334236123
v -1.0879632234573364 4.3663835525512695 0.29872596263885476
v -1.0879632234573364 4.3663835525512695 0.29872596263885476
v -1.0879632234573364 4.3663835525512695 0.29872596263885476
v -1.0879632234573364 4.3663835525512695 0.29872596263885476
v -0.7756522893905641 4.432392597198486 0.30917552113533003
v -0.7756522893905641 4.432392597198486 0.30917552113533003
v -0.7720983028411866 4.4118640422821045 0.28827652335166914
v -0.7720983028411866 4.4118640422821045 0.28827652335166914
v -0.7720983028411866 4.4118640422821045 0.28827652335166914
v -0.7738752365112306 4.422128200531006 0.30637556314468367
v -0.7725744247436525 4.414614200592041 0.2987259924411772
v -0.7725744247436525 4.414614200592041 0.2987259924411772
v -0.7725744247436525 4.414614200592041 0.2987259924411772
v -0.7725744247436525 4.414614200592041 0.2987259924411772
v -0.46383696794509893 4.462160587310791 0.3091755211353301
v -0.46383696794509893 4.462160587310791 0.3091755211353301
v -0.46200028061866766 4.4414215087890625 0.2882765233516692
v -0.46200028061866766 4.4414215087890625 0.2882765233516692
v -0.46200028061866766 4.4414215087890625 0.2882765233516692
v -0.4629186391830445 4.451791048049927 0.3063755631446837
v -0.46224632859230047 4.444200038909912 0.29872599244117726
v -0.46224632859230047 4.444200038909912 0.29872599244117726
v -0.46224632859230047 4.444200038909912 0.29872599244117726
v -0.46224632859230047 4.444200038909912 0.29872599244117726
v -3.6194331645965576 0.15327119827270508 0.2518260180950157
v -3.598534345626831 0.15327119827270508 0.2727249860763542
v -3.616633176803589 0.15327119827270508 0.26227551698684615
v -3.6089835166931152 0.15327119827270508 0.26992505788803023
v -3.598534345626831 0.000001430511474609375 0.2518260180950157
v -3.598534345626831 0.020900249481201172 0.2727249860763542
v -3.6194331645965576 0.020900249481201172 0.2518260180950157
v -3.598534107208252 0.0027933120727539062 0.2622617781162254
v -3.6089696884155273 0.0027933120727539062 0.2518260180950157
v -3.6085281372070312 0.005505561828613281 0.26182013750076216
v -3.6089696884155273 0.020900249481201172 0.26993295550346297
v -3.598534107208252 0.010464668273925781 0.26993295550346297
v -3.598534107208252 0.010464668273925781 0.26993295550346297
v -3.6085281372070312 0.010906219482421875 0.26722085475921553
v -3.6085281372070312 0.010906219482421875 0.26722085475921553
v -3.61664080619812 0.010464668273925781 0.2518260180950157
v -3.61664080619812 0.010464668273925781 0.2518260180950157
v -3.61664080619812 0.020900249481201172 0.2622617781162254
v -3.61392879486084 0.010906219482421875 0.26182013750076216
v -3.61392879486084 0.010906219482421875 0.26182013750076216
v -1.100767216307168e-8 0.000001430511474609375 0.2518261969089508
v -1.100767216307168e-8 0.000001430511474609375 0.2518261969089508
v -1.100767216307168e-8 0.000001430511474609375 0.2518261969089508
v -1.1921195646796864e-8 0.020900249481201172 0.2727251350879669
v -1.1921195646796864e-8 0.020900249481201172 0.2727251350879669
v -1.1464434793112691e-8 0.002801179885864258 0.26227566599845886
v -1.1464434793112691e-8 0.002801179885864258 0.26227566599845886
v -1.1798807324475743e-8 0.01045083999633789 0.26992523670196533
v -1.1798807324475743e-8 0.01045083999633789 0.26992523670196533
v -1.1798807324475743e-8 0.01045083999633789 0.26992523670196533
v -1.1798807324475743e-8 0.01045083999633789 0.26992523670196533
v -1.4546741662966472e-8 0.15327048301696777 0.33279067277908325
v -1.4546741662966472e-8 0.15327048301696777 0.33279067277908325
v -1.4546741662966472e-8 0.15327048301696777 0.33279067277908325
v -1.5460266034870083e-8 0.17416954040527344 0.35368964076042175
v -1.5460266034870083e-8 0.17416954040527344 0.35368964076042175
v -1.5003504293007484e-8 0.15607047080993652 0.3432401418685913
v -1.5003504293007484e-8 0.15607047080993652 0.3432401418685913
v -1.5337876824370536e-8 0.16372013092041016 0.3508897125720978
v -1.5337876824370536e-8 0.16372013092041016 0.3508897125720978
v -1.5337876824370536e-8 0.16372013092041016 0.3508897125720978
v -1.5337876824370536e-8 0.16372013092041016 0.3508897125720978
v -3.766639471054077 0.17416954040527344 0.353689491748809
v -3.7875382900238037 0.17416954040527344 0.3327904939651481
v -3.766639471054077 0.15327048301696777 0.3327904939651481
v -3.7770750522613525 0.17416954040527344 0.35089743137359536
v -3.766639471054077 0.16373372077941895 0.35089743137359536
v -3.766639471054077 0.16373372077941895 0.35089743137359536
v -3.7766335010528564 0.16417527198791504 0.3481853306293479
v -3.7766335010528564 0.16417527198791504 0.3481853306293479
v -3.7847464084625244 0.16373372077941895 0.3327904641628257
v -3.7847464084625244 0.16373372077941895 0.3327904641628257
v -3.7847464084625244 0.17416954040527344 0.3432262539863578
v -3.782034397125244 0.16417527198791504 0.34278461337089455
v -3.782034397125244 0.16417527198791504 0.34278461337089455
v -3.766639471054077 0.15606260299682617 0.3432262539863578
v -3.7770750522613525 0.15606260299682617 0.3327904641628257
v -3.7766335010528564 0.15877485275268555 0.34278461337089455
v -1.5460266034870083e-8 0.2323777675628662 0.35368964076042175
v -1.5460266034870083e-8 0.2323777675628662 0.35368964076042175
v -1.4546741662966472e-8 0.2532765865325928 0.33279067277908325
v -1.4546741662966472e-8 0.2532765865325928 0.33279067277908325
v -1.5337876824370536e-8 0.2428271770477295 0.3508897125720978
v -1.5337876824370536e-8 0.2428271770477295 0.3508897125720978
v -1.5003504293007484e-8 0.2504768371582031 0.3432401418685913
v -1.5003504293007484e-8 0.2504768371582031 0.3432401418685913
v -1.5003504293007484e-8 0.2504768371582031 0.3432401418685913
v -1.5003504293007484e-8 0.2504768371582031 0.3432401418685913
v -3.766639471054077 0.2323777675628662 0.353689491748809
v -3.766639471054077 0.2532765865325928 0.3327904939651481
v -3.7875382900238037 0.2323777675628662 0.3327904939651481
v -3.766639471054077 0.2428133487701416 0.35089743137359536
v -3.7770750522613525 0.2323777675628662 0.35089743137359536
v -3.7766335010528564 0.2423717975616455 0.3481853306293479
v -3.7766335010528564 0.2423717975616455 0.3481853306293479
v -3.7770750522613525 0.2504847049713135 0.3327904641628257
v -3.7770750522613525 0.2504847049713135 0.3327904641628257
v -3.766639471054077 0.2504847049713135 0.3432262539863578
v -3.766639471054077 0.2504847049713135 0.3432262539863578
v -3.7766335010528564 0.2477724552154541 0.34278461337089455
v -3.7766335010528564 0.2477724552154541 0.34278461337089455
v -3.7766335010528564 0.2477724552154541 0.34278461337089455
v -3.7847464084625244 0.2323777675628662 0.3432262539863578
v -3.7847464084625244 0.2428133487701416 0.3327904641628257
v -3.782034397125244 0.2423717975616455 0.34278461337089455
v -3.6194331645965576 0.020900249481201172 -1.58210469529559e-7
v -3.6194331645965576 0.020900249481201172 -1.58210469529559e-7
v -3.598534345626831 0.000001430511474609375 -1.572969389404065e-7
v -3.598534345626831 0.000001430511474609375 -1.572969389404065e-7
v -3.616633176803589 0.01045083999633789 -1.5808807143727525e-7
v -3.616633176803589 0.01045083999633789 -1.5808807143727525e-7
v -3.616633176803589 0.01045083999633789 -1.5808807143727525e-7
v -3.616633176803589 0.01045083999633789 -1.5808807143727525e-7
v -3.6089835166931152 0.002801179885864258 -1.577537042349827e-7
v -3.6089835166931152 0.002801179885864258 -1.577537042349827e-7
v -3.3911287784576416 3.3363481760025024 -1.4823096780938822e-7
v -3.3911287784576416 3.3363481760025024 -1.4823096780938822e-7
v -3.3911287784576416 3.3363481760025024 -1.4823096780938822e-7
v -3.3911287784576416 3.3363481760025024 -1.4823096780938822e-7
v -3.3542206287384033 3.3497817516326904 -1.466176378870855e-7
v -3.3542206287384033 3.3497817516326904 -1.466176378870855e-7
v -3.3542206287384033 3.3497817516326904 -1.466176378870855e-7
v -3.3542206287384033 3.3497817516326904 -1.466176378870855e-7
v -3.378535032272339 3.3381481170654297 -1.4768046771663435e-7
v -3.378535032272339 3.3381481170654297 -1.4768046771663435e-7
v -3.365025520324707 3.343065023422241 -1.4708993564594442e-7
v -3.365025520324707 3.343065023422241 -1.4708993564594442e-7
v -3.7426254749298096 3.3552600145339966 -1.6359537452328998e-7
v -3.7426254749298096 3.3552600145339966 -1.6359537452328998e-7
v -3.7426254749298096 3.3552600145339966 -1.6359537452328998e-7
v -3.7426254749298096 3.3552600145339966 -1.6359537452328998e-7
v -3.71283221244812 3.3363481760025024 -1.62293063368864e-7
v -3.71283221244812 3.3363481760025024 -1.62293063368864e-7
v -3.71283221244812 3.3363481760025024 -1.62293063368864e-7
v -3.71283221244812 3.3363481760025024 -1.62293063368864e-7
v -3.7353782653808594 3.345804214477539 -1.632785861483695e-7
v -3.7353782653808594 3.345804214477539 -1.632785861483695e-7
v -3.724472999572754 3.3388819694519043 -1.628018972353813e-7
v -3.724472999572754 3.3388819694519043 -1.628018972353813e-7
v -3.724472999572754 3.3388819694519043 -1.628018972353813e-7
v -3.724472999572754 3.3388819694519043 -1.628018972353813e-7
v -3.930887460708618 3.802774667739868 -1.7182455368100757e-7
v -3.930887460708618 3.802774667739868 -1.7182455368100757e-7
v -3.930887460708618 3.802774667739868 -1.7182455368100757e-7
v -3.930887460708618 3.802774667739868 -1.7182455368100757e-7
v -3.9377338886260986 3.7701157331466675 -1.7212382007197522e-7
v -3.9377338886260986 3.7701157331466675 -1.7212382007197522e-7
v -3.9377338886260986 3.7701157331466675 -1.7212382007197522e-7
v -3.9377338886260986 3.7701157331466675 -1.7212382007197522e-7
v -3.9375665187835693 3.793367624282837 -1.7211650148175972e-7
v -3.9375665187835693 3.793367624282837 -1.7211650148175972e-7
v -3.9400722980499268 3.7814135551452637 -1.722260529613156e-7
v -3.9400722980499268 3.7814135551452637 -1.722260529613156e-7
v -3.9400722980499268 3.7814135551452637 -1.722260529613156e-7
v -3.9400722980499268 3.7814135551452637 -1.722260529613156e-7
v 3.7091100215911865 0.2532768249511719 0.2518301010131844
v 3.688210964202881 0.2532768249511719 0.27272903919220054
v 3.706310272216797 0.2532768249511719 0.2622795403003701
v 3.6986606121063232 0.2532768249511719 0.26992911100387657
v 3.688210964202881 3.3363481760025024 0.27272903919220054
v 3.7091100215911865 3.3363481760025024 0.2518301010131844
v 3.6986606121063232 3.3363481760025024 0.26992911100387657
v 3.706310272216797 3.3363481760025024 0.2622795403003701
v 3.391447067260742 3.3363481760025024 0.251830071210862
v 3.412346124649048 3.3363481760025024 0.2727290093898781
v 3.394246816635132 3.3363481760025024 0.26227954030037004
v 3.4018964767456055 3.3363481760025024 0.2699290812015541
v 3.412346124649048 0.2532768249511719 0.2727290093898781
v 3.391447067260742 0.2532768249511719 0.251830071210862
v 3.4018964767456055 0.2532768249511719 0.2699290812015541
v 3.394246816635132 0.2532768249511719 0.26227954030037004
v 3.7426254749298096 3.3552600145339966 0.28827673196792686
v 3.7426254749298096 3.3552600145339966 0.28827673196792686
v 3.718961477279663 3.354049801826477 0.30917569994926536
v 3.718961477279663 3.354049801826477 0.30917569994926536
v 3.71283221244812 3.3363481760025024 0.28827673196792686
v 3.71283221244812 3.3363481760025024 0.28827673196792686
v 3.738306999206543 3.3533514738082886 0.2985256612300881
v 3.735203266143799 3.346014618873596 0.28827673196792686
v 3.732473611831665 3.345525860786438 0.29820808768272483
v 3.7171902656555176 3.3454166650772095 0.3061183094978341
v 3.7297523021698 3.352913975715637 0.30608063936233604
v 3.726813554763794 3.3453404903411865 0.30378088355064475
v 3.726813554763794 3.3453404903411865 0.30378088355064475
v 3.7243568897247314 3.339129686355591 0.28827673196792686
v 3.7243568897247314 3.339129686355591 0.28827673196792686
v 3.7149763107299805 3.3390032052993774 0.29858493804931724
v 3.7149763107299805 3.3390032052993774 0.29858493804931724
v 3.725099563598633 3.340989589691162 0.2982584834098824
v 3.725099563598633 3.340989589691162 0.2982584834098824
v 3.725099563598633 3.340989589691162 0.2982584834098824
v 3.921003580093384 3.7836475372314453 0.3091756999492654
v 3.921003580093384 3.7836475372314453 0.3091756999492654
v 3.9377338886260986 3.770115613937378 0.2882767319679269
v 3.9377338886260986 3.770115613937378 0.2882767319679269
v 3.9308788776397705 3.802765369415283 0.2882767319679269
v 3.9308788776397705 3.802765369415283 0.2882767319679269
v 3.929178237915039 3.7768529653549194 0.3063836395740518
v 3.925755023956299 3.7931565046310425 0.3063836395740518
v 3.925755023956299 3.7931565046310425 0.3063836395740518
v 3.93338680267334 3.786247491836548 0.30367153882980435
v 3.93338680267334 3.786247491836548 0.30367153882980435
v 3.9402503967285156 3.781432271003723 0.2882767021656045
v 3.9402503967285156 3.781432271003723 0.2882767021656045
v 3.935319185256958 3.7718859910964966 0.29871246218681424
v 3.9377100467681885 3.782750725746155 0.298270821571351
v 3.9377100467681885 3.782750725746155 0.298270821571351
v 3.929380178451538 3.800173759460449 0.29871246218681424
v 3.937734365463257 3.793416738510132 0.2882767021656045
v 3.935938835144043 3.7911880016326904 0.298270821571351
v 3.660686731338501 4.023939847946167 0.28827673196792686
v 3.660686731338501 4.023939847946167 0.28827673196792686
v 3.660686731338501 4.023939847946167 0.28827673196792686
v 3.644730806350708 4.009243965148926 0.30917569994926536
v 3.644730806350708 4.009243965148926 0.30917569994926536
v 3.644730806350708 4.009243965148926 0.30917569994926536
v 3.6585490703582764 4.021970987319946 0.2987261712551125
v 3.6585490703582764 4.021970987319946 0.2987261712551125
v 3.6527090072631836 4.016592025756836 0.3063757717609414
v 3.6527090072631836 4.016592025756836 0.3063757717609414
v 3.6527090072631836 4.016592025756836 0.3063757717609414
v 3.6527090072631836 4.016592025756836 0.3063757717609414
v 3.3318071365356445 4.24446702003479 0.28827670216560436
v 3.3318071365356445 4.24446702003479 0.28827670216560436
v 3.3318071365356445 4.24446702003479 0.28827670216560436
v 3.3172316551208496 4.228689908981323 0.30917567014694286
v 3.3172316551208496 4.228689908981323 0.30917567014694286
v 3.3172316551208496 4.228689908981323 0.30917567014694286
v 3.329854726791382 4.242353439331055 0.29872614145279003
v 3.329854726791382 4.242353439331055 0.29872614145279003
v 3.324519395828247 4.236578583717346 0.3063757419586189
v 3.324519395828247 4.236578583717346 0.3063757419586189
v 3.324519395828247 4.236578583717346 0.3063757419586189
v 3.324519395828247 4.236578583717346 0.3063757419586189
v 2.9735114574432373 4.447834730148315 0.2882767021656043
v 2.9735114574432373 4.447834730148315 0.2882767021656043
v 2.9735114574432373 4.447834730148315 0.2882767021656043
v 2.9605326652526855 4.4309399127960205 0.3091756701469428
v 2.9605326652526855 4.4309399127960205 0.3091756701469428
v 2.9605326652526855 4.4309399127960205 0.3091756701469428
v 2.9717726707458496 4.445571422576904 0.29872614145279
v 2.9717726707458496 4.445571422576904 0.29872614145279
v 2.967022180557251 4.439387321472168 0.30637574195861883
v 2.967022180557251 4.439387321472168 0.30637574195861883
v 2.967022180557251 4.439387321472168 0.30637574195861883
v 2.967022180557251 4.439387321472168 0.30637574195861883
v 2.597121477127075 4.618259429931641 0.2882766723632818
v 2.597121477127075 4.618259429931641 0.2882766723632818
v 2.597121477127075 4.618259429931641 0.2882766723632818
v 2.585754871368408 4.600415945053101 0.3091756403446203
v 2.585754871368408 4.600415945053101 0.3091756403446203
v 2.585754871368408 4.600415945053101 0.3091756403446203
v 2.5955986976623535 4.615868806838989 0.29872614145278986
v 2.5955986976623535 4.615868806838989 0.29872614145278986
v 2.5914382934570312 4.60933780670166 0.30637571215629633
v 2.5914382934570312 4.60933780670166 0.30637571215629633
v 2.5914382934570312 4.60933780670166 0.30637571215629633
v 2.5914382934570312 4.60933780670166 0.30637571215629633
v 2.2122294902801514 4.765009880065918 0.28827664256095936
v 2.2122294902801514 4.765009880065918 0.28827664256095936
v 2.2122294902801514 4.765009880065918 0.28827664256095936
v 2.2026028633117676 4.746307611465454 0.30917561054229786
v 2.2026028633117676 4.746307611465454 0.30917561054229786
v 2.2026028633117676 4.746307611465454 0.30917561054229786
v 2.210939645767212 4.7625041007995605 0.2987261116504674
v 2.210939645767212 4.7625041007995605 0.2987261116504674
v 2.20741605758667 4.7556586265563965 0.3063756823539739
v 2.20741605758667 4.7556586265563965 0.3063756823539739
v 2.20741605758667 4.7556586265563965 0.3063756823539739
v 2.20741605758667 4.7556586265563965 0.3063756823539739
v 1.826343297958374 4.88429069519043 0.28827664256095925
v 1.826343297958374 4.88429069519043 0.28827664256095925
v 1.826343297958374 4.88429069519043 0.28827664256095925
v 1.8184444904327393 4.86488938331604 0.30917561054229775
v 1.8184444904327393 4.86488938331604 0.30917561054229775
v 1.8184444904327393 4.86488938331604 0.30917561054229775
v 1.8252849578857422 4.881691217422485 0.2987261116504673
v 1.8252849578857422 4.881691217422485 0.2987261116504673
v 1.822393774986267 4.874589920043945 0.3063756823539738
v 1.822393774986267 4.874589920043945 0.3063756823539738
v 1.822393774986267 4.874589920043945 0.3063756823539738
v 1.822393774986267 4.874589920043945 0.3063756823539738
v 1.4446556568145752 4.976332187652588 0.2882766127586368
v 1.4446556568145752 4.976332187652588 0.2882766127586368
v 1.4446556568145752 4.976332187652588 0.2882766127586368
v 1.4385042190551758 4.956379175186157 0.3091755807399753
v 1.4385042190551758 4.956379175186157 0.3091755807399753
v 1.4385042190551758 4.956379175186157 0.3091755807399753
v 1.443831443786621 4.973658800125122 0.29872608184814486
v 1.443831443786621 4.973658800125122 0.29872608184814486
v 1.4415799379348755 4.966355800628662 0.30637565255165133
v 1.4415799379348755 4.966355800628662 0.30637565255165133
v 1.4415799379348755 4.966355800628662 0.30637565255165133
v 1.4415799379348755 4.966355800628662 0.30637565255165133
v 1.0698872804641724 5.045881032943726 0.2882766127586367
v 1.0698872804641724 5.045881032943726 0.2882766127586367
v 1.0698872804641724 5.045881032943726 0.2882766127586367
v 1.0654715299606323 5.025509595870972 0.3091755807399752
v 1.0654715299606323 5.025509595870972 0.3091755807399752
v 1.0654715299606323 5.025509595870972 0.3091755807399752
v 1.0692957639694214 5.04315185546875 0.29872608184814475
v 1.0692957639694214 5.04315185546875 0.29872608184814475
v 1.0676794052124023 5.035695314407349 0.3063756525516512
v 1.0676794052124023 5.035695314407349 0.3063756525516512
v 1.0676794052124023 5.035695314407349 0.3063756525516512
v 1.0676794052124023 5.035695314407349 0.3063756525516512
v 0.7022264599800109 5.090005159378052 0.28827658295631425
v 0.7022264599800109 5.090005159378052 0.28827658295631425
v 0.7022264599800109 5.090005159378052 0.28827658295631425
v 0.699532926082611 5.0693628787994385 0.30917555093765275
v 0.699532926082611 5.0693628787994385 0.30917555093765275
v 0.699532926082611 5.0693628787994385 0.30917555093765275
v 0.7018656134605407 5.087239503860474 0.2987260520458223
v 0.7018656134605407 5.087239503860474 0.2987260520458223
v 0.7008796930313109 5.079684019088745 0.3063756227493288
v 0.7008796930313109 5.079684019088745 0.3063756227493288
v 0.7008796930313109 5.079684019088745 0.3063756227493288
v 0.7008796930313109 5.079684019088745 0.3063756227493288
v 0.3393495380878448 5.11653995513916 0.28827658295631414
v 0.3393495380878448 5.11653995513916 0.28827658295631414
v 0.3393495380878448 5.11653995513916 0.28827658295631414
v 0.33836802840232844 5.095738410949707 0.30917555093765264
v 0.33836802840232844 5.095738410949707 0.30917555093765264
v 0.33836802840232844 5.095738410949707 0.30917555093765264
v 0.3392180502414703 5.113753318786621 0.2987260520458222
v 0.3392180502414703 5.113753318786621 0.2987260520458222
v 0.3388587832450866 5.106139183044434 0.30637562274932867
v 0.3388587832450866 5.106139183044434 0.30637562274932867
v 0.3388587832450866 5.106139183044434 0.30637562274932867
v 0.3388587832450866 5.106139183044434 0.30637562274932867
v 3.3837151527404785 3.353921890258789 0.3091756701469429
v 3.3837151527404785 3.353921890258789 0.3091756701469429
v 3.3837151527404785 3.353921890258789 0.3091756701469429
v 3.3837151527404785 3.353921890258789 0.3091756701469429
v 3.3542206287384033 3.3497817516326904 0.28827670216560436
v 3.3542206287384033 3.3497817516326904 0.28827670216560436
v 3.3911287784576416 3.3363481760025024 0.2882767021656044
v 3.3911287784576416 3.3363481760025024 0.2882767021656044
v 3.3717052936553955 3.3498218059539795 0.30607569217681957
v 3.3858468532562256 3.3453547954559326 0.3061211109161385
v 3.3858468532562256 3.3453547954559326 0.3061211109161385
v 3.375554323196411 3.3438504934310913 0.3037796318531044
v 3.3650968074798584 3.343225359916687 0.28827670216560436
v 3.361017942428589 3.348326086997986 0.29849305748939586
v 3.361017942428589 3.348326086997986 0.29849305748939586
v 3.3689818382263184 3.3431525230407715 0.2981819808483131
v 3.3689818382263184 3.3431525230407715 0.2981819808483131
v 3.38852596282959 3.338984489440918 0.2985856235027321
v 3.38852596282959 3.338984489440918 0.2985856235027321
v 3.38852596282959 3.338984489440918 0.2985856235027321
v 3.3785834312438965 3.3383166790008545 0.2882767021656044
v 3.37774395942688 3.3401721715927124 0.2982605993747719
v 3.37774395942688 3.3401721715927124 0.2982605993747719
v 3.1431329250335693 3.547250747680664 0.30917567014694286
v 3.1431329250335693 3.547250747680664 0.30917567014694286
v 3.1269240379333496 3.532321810722351 0.28827670216560436
v 3.1269240379333496 3.532321810722351 0.28827670216560436
v 3.1269240379333496 3.532321810722351 0.28827670216560436
v 3.135028600692749 3.539786458015442 0.3063757419586189
v 3.1290957927703857 3.534321904182434 0.29872614145279003
v 3.1290957927703857 3.534321904182434 0.29872614145279003
v 3.1290957927703857 3.534321904182434 0.29872614145279003
v 3.1290957927703857 3.534321904182434 0.29872614145279003
v 2.8625328540802 3.73650860786438 0.30917567014694275
v 2.8625328540802 3.73650860786438 0.30917567014694275
v 2.847813129425049 3.720575451850891 0.28827667236328186
v 2.847813129425049 3.720575451850891 0.28827667236328186
v 2.847813129425049 3.720575451850891 0.28827667236328186
v 2.855172872543335 3.728541851043701 0.3063757419586188
v 2.849785089492798 3.722709894180298 0.2987261414527899
v 2.849785089492798 3.722709894180298 0.2987261414527899
v 2.849785089492798 3.722709894180298 0.2987261414527899
v 2.849785089492798 3.722709894180298 0.2987261414527899
v 2.5567569732666016 3.9053268432617188 0.3091756403446203
v 2.5567569732666016 3.9053268432617188 0.3091756403446203
v 2.5437064170837402 3.8883382081985474 0.2882766723632818
v 2.5437064170837402 3.8883382081985474 0.2882766723632818
v 2.5437064170837402 3.8883382081985474 0.2882766723632818
v 2.550231695175171 3.8968324661254883 0.30637571215629633
v 2.545454740524292 3.8906142711639404 0.29872614145278986
v 2.545454740524292 3.8906142711639404 0.29872614145278986
v 2.545454740524292 3.8906142711639404 0.29872614145278986
v 2.545454740524292 3.8906142711639404 0.29872614145278986
v 2.2356507778167725 4.050806283950806 0.30917564034462025
v 2.2356507778167725 4.050806283950806 0.30917564034462025
v 2.2242424488067627 4.0328967571258545 0.28827667236328175
v 2.2242424488067627 4.0328967571258545 0.28827667236328175
v 2.2242424488067627 4.0328967571258545 0.28827667236328175
v 2.2299466133117676 4.04185152053833 0.3063757121562963
v 2.2257707118988037 4.035296201705933 0.2987261414527898
v 2.2257707118988037 4.035296201705933 0.2987261414527898
v 2.2257707118988037 4.035296201705933 0.2987261414527898
v 2.2257707118988037 4.035296201705933 0.2987261414527898
v 1.9072059392929077 4.172423839569092 0.3091756105422978
v 1.9072059392929077 4.172423839569092 0.3091756105422978
v 1.897562026977539 4.153688073158264 0.2882766425609593
v 1.897562026977539 4.153688073158264 0.2882766425609593
v 1.897562026977539 4.153688073158264 0.2882766425609593
v 1.9023839235305786 4.163055896759033 0.30637568235397383
v 1.8988540172576904 4.156198024749756 0.29872611165046736
v 1.8988540172576904 4.156198024749756 0.29872611165046736
v 1.8988540172576904 4.156198024749756 0.29872611165046736
v 1.8988540172576904 4.156198024749756 0.29872611165046736
v 1.5779454708099365 4.2741605043411255 0.3091755807399753
v 1.5779454708099365 4.2741605043411255 0.3091755807399753
v 1.570037841796875 4.254737496376038 0.2882766127586368
v 1.570037841796875 4.254737496376038 0.2882766127586368
v 1.570037841796875 4.254737496376038 0.2882766127586368
v 1.5739915370941162 4.264448881149292 0.30637565255165133
v 1.5710972547531128 4.257339358329773 0.29872608184814486
v 1.5710972547531128 4.257339358329773 0.29872608184814486
v 1.5710972547531128 4.257339358329773 0.29872608184814486
v 1.5710972547531128 4.257339358329773 0.29872608184814486
v 1.2522326707839966 4.352181673049927 0.30917558073997525
v 1.2522326707839966 4.352181673049927 0.30917558073997525
v 1.2460774183273315 4.332216501235962 0.28827661275863675
v 1.2460774183273315 4.332216501235962 0.28827661275863675
v 1.2460774183273315 4.332216501235962 0.28827661275863675
v 1.249155044555664 4.342198848724365 0.3063756525516513
v 1.2469019889831543 4.334891080856323 0.2987260818481448
v 1.2469019889831543 4.334891080856323 0.2987260818481448
v 1.2469019889831543 4.334891080856323 0.2987260818481448
v 1.2469019889831543 4.334891080856323 0.2987260818481448
v 0.9324072003364562 4.411633014678955 0.3091755509376528
v 0.9324072003364562 4.411633014678955 0.3091755509376528
v 0.9279897809028624 4.391253709793091 0.2882765829563143
v 0.9279897809028624 4.391253709793091 0.2882765829563143
v 0.9279897809028624 4.391253709793091 0.2882765829563143
v 0.9301985502243041 4.401443243026733 0.30637562274932884
v 0.9285816550254821 4.393983840942383 0.29872605204582237
v 0.9285816550254821 4.393983840942383 0.29872605204582237
v 0.9285816550254821 4.393983840942383 0.29872605204582237
v 0.9285816550254821 4.393983840942383 0.29872605204582237
v 0.618629217147827 4.449352025985718 0.3091755509376527
v 0.618629217147827 4.449352025985718 0.3091755509376527
v 0.6159348487854003 4.428703784942627 0.2882765829563142
v 0.6159348487854003 4.428703784942627 0.2882765829563142
v 0.6159348487854003 4.428703784942627 0.2882765829563142
v 0.6172820329666137 4.439028024673462 0.3063756227493287
v 0.61629581451416 4.431469917297363 0.29872605204582225
v 0.61629581451416 4.431469917297363 0.29872605204582225
v 0.61629581451416 4.431469917297363 0.29872605204582225
v 0.61629581451416 4.431469917297363 0.29872605204582225
v 0.30892118811607355 4.471674919128418 0.30917552113533026
v 0.30892118811607355 4.471674919128418 0.30917552113533026
v 0.30793949961662287 4.450870037078857 0.28827655315399175
v 0.30793949961662287 4.450870037078857 0.28827655315399175
v 0.3084303438663482 4.461272239685059 0.3063755929470063
v 0.30807101726531977 4.453656911849976 0.2987260222434998
v 0.30807101726531977 4.453656911849976 0.2987260222434998
v 3.766639471054077 0.15327048301696777 1.6464504510130584e-7
v 3.766639471054077 0.15327048301696777 1.6464504510130584e-7
v 3.766639471054077 0.15327048301696777 1.6464504510130584e-7
v 3.7875382900238037 0.17416954040527344 1.6555858990131307e-7
v 3.7875382900238037 0.17416954040527344 1.6555858990131307e-7
v 3.7770888805389404 0.15607047080993652 1.651018103958821e-7
v 3.7770888805389404 0.15607047080993652 1.651018103958821e-7
v 3.784738302230835 0.16372013092041016 1.654361775981746e-7
v 3.784738302230835 0.16372013092041016 1.654361775981746e-7
v 3.784738302230835 0.16372013092041016 1.654361775981746e-7
v 3.784738302230835 0.16372013092041016 1.654361775981746e-7
v 3.7875382900238037 0.2323777675628662 1.6555858990131307e-7
v 3.7875382900238037 0.2323777675628662 1.6555858990131307e-7
v 3.766639471054077 0.2532765865325928 1.6464504510130584e-7
v 3.766639471054077 0.2532765865325928 1.6464504510130584e-7
v 3.784738302230835 0.2428271770477295 1.654361775981746e-7
v 3.784738302230835 0.2428271770477295 1.654361775981746e-7
v 3.7770888805389404 0.2504768371582031 1.651018103958821e-7
v 3.7770888805389404 0.2504768371582031 1.651018103958821e-7
v 3.7770888805389404 0.2504768371582031 1.651018103958821e-7
v 3.7770888805389404 0.2504768371582031 1.651018103958821e-7
v 1.7629889249801636 4.26057767868042 0.1450088620185856
v 1.7838878631591797 4.26057767868042 0.1241099089384083
v 1.7734384536743164 4.26057767868042 0.14220891892910043
v 1.7810879945755005 4.26057767868042 0.13455937802791634
v 1.7838878631591797 0.2532768249511719 0.12410993874073069
v 1.7629889249801636 0.2532768249511719 0.14500889182090798
v 1.7810879945755005 0.2532768249511719 0.13455940783023873
v 1.7734384536743164 0.2532768249511719 0.1422089487314228
v 1.5706325769424438 0.2532768249511719 0.14500887691974676
v 1.5497336387634277 0.2532768249511719 0.12410992383956944
v 1.560183048248291 0.2532768249511719 0.14220893383026156
v 1.552533507347107 0.2532768249511719 0.13455939292907748
v 1.5497336387634277 4.26057767868042 0.12410990148782765
v 1.5706325769424438 4.26057767868042 0.14500884711742437
v 1.552533507347107 4.26057767868042 0.1345593631267551
v 1.560183048248291 4.26057767868042 0.14220890402793918
v 0.16919885575771326 5.103422164916992 0.30917552113533026
v 0.16919885575771326 5.103422164916992 0.30917552113533026
v 0.16919885575771326 5.103422164916992 0.30917552113533026
v 0.16968914866447443 5.124253511428833 0.28827655315399175
v 0.16968914866447443 5.124253511428833 0.28827655315399175
v 0.16968914866447443 5.124253511428833 0.28827655315399175
v 0.16944400966167444 5.113837957382202 0.3063755929470063
v 0.16944400966167444 5.113837957382202 0.3063755929470063
v 0.16944400966167444 5.113837957382202 0.3063755929470063
v 0.16944400966167444 5.113837957382202 0.3063755929470063
v 0.16962346434593195 5.12146258354187 0.2987260222434998
v 0.16962346434593195 5.12146258354187 0.2987260222434998
v 3.8022704124450684 3.8872169256210327 0.30917569994926536
v 3.8022704124450684 3.8872169256210327 0.30917569994926536
v 3.8022704124450684 3.8872169256210327 0.30917569994926536
v 3.8022704124450684 3.8872169256210327 0.30917569994926536
v 3.8022704124450684 3.8872169256210327 0.30917569994926536
v 3.8094418048858643 3.908703327178955 0.28827673196792686
v 3.8094418048858643 3.908703327178955 0.28827673196792686
v 3.8094418048858643 3.908703327178955 0.28827673196792686
v 3.805852174758911 3.8979601860046387 0.3063757717609414
v 3.805852174758911 3.8979601860046387 0.3063757717609414
v 3.805852174758911 3.8979601860046387 0.3063757717609414
v 3.805852174758911 3.8979601860046387 0.3063757717609414
v 3.8084771633148193 3.905824899673462 0.2987261712551125
v 3.8084771633148193 3.905824899673462 0.2987261712551125
v 3.4822754859924316 4.124959588050842 0.3091756701469429
v 3.4822754859924316 4.124959588050842 0.3091756701469429
v 3.4822754859924316 4.124959588050842 0.3091756701469429
v 3.497490644454956 4.140247225761414 0.2882767319679268
v 3.497490644454956 4.140247225761414 0.2882767319679268
v 3.497490644454956 4.140247225761414 0.2882767319679268
v 3.4898831844329834 4.132603406906128 0.30637577176094133
v 3.4898831844329834 4.132603406906128 0.30637577176094133
v 3.4898831844329834 4.132603406906128 0.30637577176094133
v 3.4898831844329834 4.132603406906128 0.30637577176094133
v 3.4954521656036377 4.138199090957642 0.29872617125511247
v 3.4954521656036377 4.138199090957642 0.29872617125511247
v 3.1399223804473877 4.333360552787781 0.30917567014694286
v 3.1399223804473877 4.333360552787781 0.30917567014694286
v 3.1399223804473877 4.333360552787781 0.30917567014694286
v 3.153690814971924 4.349715232849121 0.28827670216560436
v 3.153690814971924 4.349715232849121 0.28827670216560436
v 3.153690814971924 4.349715232849121 0.28827670216560436
v 3.146806478500366 4.341537714004517 0.3063757419586189
v 3.146806478500366 4.341537714004517 0.3063757419586189
v 3.146806478500366 4.341537714004517 0.3063757419586189
v 3.146806478500366 4.341537714004517 0.3063757419586189
v 3.151846170425415 4.347523927688599 0.29872614145279003
v 3.151846170425415 4.347523927688599 0.29872614145279003
v 2.7739927768707275 4.519270420074463 0.30917564034462036
v 2.7739927768707275 4.519270420074463 0.30917564034462036
v 2.7739927768707275 4.519270420074463 0.30917564034462036
v 2.7861618995666504 4.536660671234131 0.28827667236328186
v 2.7861618995666504 4.536660671234131 0.28827667236328186
v 2.7861618995666504 4.536660671234131 0.28827667236328186
v 2.7800774574279785 4.527965545654297 0.3063757121562964
v 2.7800774574279785 4.527965545654297 0.3063757121562964
v 2.7800774574279785 4.527965545654297 0.3063757121562964
v 2.7800774574279785 4.527965545654297 0.3063757121562964
v 2.784531593322754 4.5343310832977295 0.2987261414527899
v 2.784531593322754 4.5343310832977295 0.2987261414527899
v 2.394782066345215 4.676663875579834 0.3091756403446203
v 2.394782066345215 4.676663875579834 0.3091756403446203
v 2.394782066345215 4.676663875579834 0.3091756403446203
v 2.4052741527557373 4.694957971572876 0.2882766723632818
v 2.4052741527557373 4.694957971572876 0.2882766723632818
v 2.4052741527557373 4.694957971572876 0.2882766723632818
v 2.4000282287597656 4.6858110427856445 0.30637571215629633
v 2.4000282287597656 4.6858110427856445 0.30637571215629633
v 2.4000282287597656 4.6858110427856445 0.30637571215629633
v 2.4000282287597656 4.6858110427856445 0.30637571215629633
v 2.4038684368133545 4.692507266998291 0.29872614145278986
v 2.4038684368133545 4.692507266998291 0.29872614145278986
v 2.011021852493286 4.808934211730957 0.3091756105422978
v 2.011021852493286 4.808934211730957 0.3091756105422978
v 2.011021852493286 4.808934211730957 0.3091756105422978
v 2.019782066345215 4.828006744384766 0.2882766425609593
v 2.019782066345215 4.828006744384766 0.2882766425609593
v 2.019782066345215 4.828006744384766 0.2882766425609593
v 2.01540207862854 4.818470478057861 0.30637568235397383
v 2.01540207862854 4.818470478057861 0.30637568235397383
v 2.01540207862854 4.818470478057861 0.30637568235397383
v 2.01540207862854 4.818470478057861 0.30637568235397383
v 2.018608570098877 4.825451612472534 0.29872611165046736
v 2.018608570098877 4.825451612472534 0.29872611165046736
v 1.6288249492645264 4.913814544677734 0.30917561054229775
v 1.6288249492645264 4.913814544677734 0.30917561054229775
v 1.6288249492645264 4.913814544677734 0.30917561054229775
v 1.6358479261398315 4.933511972427368 0.28827664256095925
v 1.6358479261398315 4.933511972427368 0.28827664256095925
v 1.6358479261398315 4.933511972427368 0.28827664256095925
v 1.6323364973068237 4.923663139343262 0.3063756823539738
v 1.6323364973068237 4.923663139343262 0.3063756823539738
v 1.6323364973068237 4.923663139343262 0.3063756823539738
v 1.6323364973068237 4.923663139343262 0.3063756823539738
v 1.6349071264266968 4.930873155593872 0.2987261116504673
v 1.6349071264266968 4.930873155593872 0.2987261116504673
v 1.2522552013397217 4.9941112995147705 0.30917558073997525
v 1.2522552013397217 4.9941112995147705 0.30917558073997525
v 1.2522552013397217 4.9941112995147705 0.30917558073997525
v 1.2575371265411377 5.0142927169799805 0.28827661275863675
v 1.2575371265411377 5.0142927169799805 0.28827661275863675
v 1.2575371265411377 5.0142927169799805 0.28827661275863675
v 1.2548962831497192 5.004202127456665 0.3063756525516513
v 1.2548962831497192 5.004202127456665 0.3063756525516513
v 1.2548962831497192 5.004202127456665 0.3063756525516513
v 1.2548962831497192 5.004202127456665 0.3063756525516513
v 1.2568295001983643 5.01158881187439 0.2987260818481448
v 1.2568295001983643 5.01158881187439 0.2987260818481448
v 0.8826622962951659 5.050499677658081 0.3091755509376528
v 0.8826622962951659 5.050499677658081 0.3091755509376528
v 0.8826622962951659 5.050499677658081 0.3091755509376528
v 0.8862158060073851 5.0710248947143555 0.2882765829563143
v 0.8862158060073851 5.0710248947143555 0.2882765829563143
v 0.8862158060073851 5.0710248947143555 0.2882765829563143
v 0.8844389915466307 5.060762166976929 0.30637562274932884
v 0.8844389915466307 5.060762166976929 0.30637562274932884
v 0.8844389915466307 5.060762166976929 0.30637562274932884
v 0.8844389915466307 5.060762166976929 0.30637562274932884
v 0.8857396841049193 5.068274736404419 0.29872605204582237
v 0.8857396841049193 5.068274736404419 0.29872605204582237
v 0.5190261602401732 5.085325002670288 0.3091755509376527
v 0.5190261602401732 5.085325002670288 0.3091755509376527
v 0.5190261602401732 5.085325002670288 0.3091755509376527
v 0.5208626985549926 5.106063604354858 0.2882765829563142
v 0.5208626985549926 5.106063604354858 0.2882765829563142
v 0.5208626985549926 5.106063604354858 0.2882765829563142
v 0.5199444293975829 5.095694303512573 0.3063756227493287
v 0.5199444293975829 5.095694303512573 0.3063756227493287
v 0.5199444293975829 5.095694303512573 0.3063756227493287
v 0.5199444293975829 5.095694303512573 0.3063756227493287
v 0.5206166505813598 5.10328483581543 0.29872605204582225
v 0.5206166505813598 5.10328483581543 0.29872605204582225
v 0.1539823710918426 4.456913709640503 0.28827655315399175
v 0.1539823710918426 4.456913709640503 0.28827655315399175
v 0.1539823710918426 4.456913709640503 0.28827655315399175
v 0.15447266399860377 4.477745056152344 0.30917552113533026
v 0.15447266399860377 4.477745056152344 0.30917552113533026
v 0.15404805541038508 4.459704875946045 0.2987260222434998
v 0.15404805541038508 4.459704875946045 0.2987260222434998
v 0.15404805541038508 4.459704875946045 0.2987260222434998
v 0.15404805541038508 4.459704875946045 0.2987260222434998
v 0.15422751009464258 4.467329502105713 0.3063755929470063
v 3.251436471939087 3.436026453971863 0.28827670216560436
v 3.251436471939087 3.436026453971863 0.28827670216560436
v 3.251436471939087 3.436026453971863 0.28827670216560436
v 3.268446922302246 3.450435996055603 0.30917567014694286
v 3.268446922302246 3.450435996055603 0.30917567014694286
v 3.268446922302246 3.450435996055603 0.30917567014694286
v 3.268446922302246 3.450435996055603 0.30917567014694286
v 3.2537155151367188 3.4379571676254272 0.29872614145279003
v 3.2537155151367188 3.4379571676254272 0.29872614145279003
v 3.2537155151367188 3.4379571676254272 0.29872614145279003
v 3.2537155151367188 3.4379571676254272 0.29872614145279003
v 3.259941816329956 3.4432313442230225 0.3063757419586189
v 3.259941816329956 3.4432313442230225 0.3063757419586189
v 2.988436460494995 3.628772497177124 0.2882767021656043
v 2.988436460494995 3.628772497177124 0.2882767021656043
v 2.988436460494995 3.628772497177124 0.2882767021656043
v 3.003831386566162 3.6442407369613647 0.3091756701469428
v 3.003831386566162 3.6442407369613647 0.3091756701469428
v 2.9904990196228027 3.630844831466675 0.29872614145279
v 2.9904990196228027 3.630844831466675 0.29872614145279
v 2.9904990196228027 3.630844831466675 0.29872614145279
v 2.9904990196228027 3.630844831466675 0.29872614145279
v 2.996133804321289 3.636506676673889 0.30637574195861883
v 2.696682929992676 3.806868076324463 0.28827667236328186
v 2.696682929992676 3.806868076324463 0.28827667236328186
v 2.696682929992676 3.806868076324463 0.28827667236328186
v 2.710552930831909 3.823343276977539 0.30917564034462036
v 2.710552930831909 3.823343276977539 0.30917564034462036
v 2.6985411643981934 3.809075355529785 0.2987261414527899
v 2.6985411643981934 3.809075355529785 0.2987261414527899
v 2.6985411643981934 3.809075355529785 0.2987261414527899
v 2.6985411643981934 3.809075355529785 0.2987261414527899
v 2.703617811203003 3.815105676651001 0.3063757121562964
v 2.3846817016601562 3.9629210233688354 0.2882766723632818
v 2.3846817016601562 3.9629210233688354 0.2882766723632818
v 2.3846817016601562 3.9629210233688354 0.2882766723632818
v 2.3969030380249023 3.9803855419158936 0.3091756403446203
v 2.3969030380249023 3.9803855419158936 0.3091756403446203
v 2.3863189220428467 3.965260624885559 0.29872614145278986
v 2.3863189220428467 3.965260624885559 0.29872614145278986
v 2.3863189220428467 3.965260624885559 0.29872614145278986
v 2.3863189220428467 3.965260624885559 0.29872614145278986
v 2.3907923698425293 3.9716532230377197 0.30637571215629633
v 2.061396598815918 4.095374941825867 0.2882766425609593
v 2.061396598815918 4.095374941825867 0.2882766425609593
v 2.061396598815918 4.095374941825867 0.2882766425609593
v 2.0719151496887207 4.113715052604675 0.3091756105422978
v 2.0719151496887207 4.113715052604675 0.3091756105422978
v 2.062805652618408 4.097832083702087 0.29872611165046736
v 2.062805652618408 4.097832083702087 0.29872611165046736
v 2.062805652618408 4.097832083702087 0.29872611165046736
v 2.062805652618408 4.097832083702087 0.29872611165046736
v 2.0666558742523193 4.104544997215271 0.30637568235397383
v 1.7341926097869873 4.206233501434326 0.28827664256095925
v 1.7341926097869873 4.206233501434326 0.28827664256095925
v 1.7341926097869873 4.206233501434326 0.28827664256095925
v 1.742963433265686 4.225328803062439 0.30917561054229775
v 1.742963433265686 4.225328803062439 0.30917561054229775
v 1.7353675365447998 4.208791494369507 0.2987261116504673
v 1.7353675365447998 4.208791494369507 0.2987261116504673
v 1.7353675365447998 4.208791494369507 0.2987261116504673
v 1.7353675365447998 4.208791494369507 0.2987261116504673
v 1.738577961921692 4.215780735015869 0.3063756823539738
v 1.408349633216858 4.295446395874023 0.2882766127586368
v 1.408349633216858 4.295446395874023 0.2882766127586368
v 1.408349633216858 4.295446395874023 0.2882766127586368
v 1.415377140045166 4.31515645980835 0.3091755807399753
v 1.415377140045166 4.31515645980835 0.3091755807399753
v 1.4092910289764404 4.298086762428284 0.29872608184814486
v 1.4092910289764404 4.298086762428284 0.29872608184814486
v 1.4092910289764404 4.298086762428284 0.29872608184814486
v 1.4092910289764404 4.298086762428284 0.29872608184814486
v 1.4118633270263672 4.305301308631897 0.30637565255165133
v 1.0872553586959839 4.363678932189941 0.2882766127586367
v 1.0872553586959839 4.363678932189941 0.2882766127586367
v 1.0872553586959839 4.363678932189941 0.2882766127586367
v 1.0925389528274536 4.38386607170105 0.3091755807399752
v 1.0925389528274536 4.38386607170105 0.3091755807399752
v 1.0879632234573364 4.3663835525512695 0.29872608184814475
v 1.0879632234573364 4.3663835525512695 0.29872608184814475
v 1.0879632234573364 4.3663835525512695 0.29872608184814475
v 1.0879632234573364 4.3663835525512695 0.29872608184814475
v 1.0898971557617188 4.373772621154785 0.3063756525516512
v 0.7720983028411864 4.4118640422821045 0.28827658295631425
v 0.7720983028411864 4.4118640422821045 0.28827658295631425
v 0.7720983028411864 4.4118640422821045 0.28827658295631425
v 0.7756522893905639 4.432392597198486 0.30917555093765275
v 0.7756522893905639 4.432392597198486 0.30917555093765275
v 0.7725744247436522 4.414614200592041 0.2987260520458223
v 0.7725744247436522 4.414614200592041 0.2987260520458223
v 0.7725744247436522 4.414614200592041 0.2987260520458223
v 0.7725744247436522 4.414614200592041 0.2987260520458223
v 0.7738752365112304 4.422128200531006 0.3063756227493288
v 0.46200028061866755 4.4414215087890625 0.2882765829563142
v 0.46200028061866755 4.4414215087890625 0.2882765829563142
v 0.46200028061866755 4.4414215087890625 0.2882765829563142
v 0.4638369679450988 4.462160587310791 0.3091755509376527
v 0.4638369679450988 4.462160587310791 0.3091755509376527
v 0.46224632859230036 4.444200038909912 0.29872605204582225
v 0.46224632859230036 4.444200038909912 0.29872605204582225
v 0.46224632859230036 4.444200038909912 0.29872605204582225
v 0.46224632859230036 4.444200038909912 0.29872605204582225
v 0.4629186391830444 4.451791048049927 0.3063756227493287
v 3.598534345626831 0.15327119827270508 0.272725313901902
v 3.6194331645965576 0.15327119827270508 0.2518263459205635
v 3.6089835166931152 0.15327119827270508 0.26992538571357805
v 3.616633176803589 0.15327119827270508 0.26227584481239397
v 3.598534345626831 0.000001430511474609375 0.2518263459205635
v 3.598534345626831 0.000001430511474609375 0.2518263459205635
v 3.6194331645965576 0.020900249481201172 0.2518263459205635
v 3.598534345626831 0.020900249481201172 0.272725313901902
v 3.6089696884155273 0.0027933120727539062 0.2518263459205635
v 3.598534107208252 0.0027933120727539062 0.26226210594177324
v 3.6085281372070312 0.005505561828613281 0.26182049512863237
v 3.61664080619812 0.020900249481201172 0.26226210594177324
v 3.61664080619812 0.010464668273925781 0.2518263459205635
v 3.61664080619812 0.010464668273925781 0.2518263459205635
v 3.61392879486084 0.010906219482421875 0.26182049512863237
v 3.61392879486084 0.010906219482421875 0.26182049512863237
v 3.598534107208252 0.010464668273925781 0.2699332833290108
v 3.598534107208252 0.010464668273925781 0.2699332833290108
v 3.6089696884155273 0.020900249481201172 0.2699332833290108
v 3.6085281372070312 0.010906219482421875 0.26722121238708574
v 3.6085281372070312 0.010906219482421875 0.26722121238708574
v 3.766639471054077 0.17416954040527344 0.3536898195743569
v 3.766639471054077 0.15327048301696777 0.332790821790696
v 3.766639471054077 0.15327048301696777 0.332790821790696
v 3.7875382900238037 0.17416954040527344 0.332790821790696
v 3.766639471054077 0.16373372077941895 0.3508977591991433
v 3.766639471054077 0.16373372077941895 0.3508977591991433
v 3.7770750522613525 0.17416954040527344 0.3508977591991433
v 3.7766335010528564 0.16417527198791504 0.34818568825721824
v 3.7766335010528564 0.16417527198791504 0.34818568825721824
v 3.7770750522613525 0.15606260299682617 0.33279079198837364
v 3.766639471054077 0.15606260299682617 0.34322658181190574
v 3.7766335010528564 0.15877485275268555 0.34278497099876487
v 3.7847464084625244 0.17416954040527344 0.34322658181190574
v 3.7847464084625244 0.16373372077941895 0.33279079198837364
v 3.7847464084625244 0.16373372077941895 0.33279079198837364
v 3.782034397125244 0.16417527198791504 0.34278497099876487
v 3.782034397125244 0.16417527198791504 0.34278497099876487
v 3.766639471054077 0.2323777675628662 0.3536898195743569
v 3.7875382900238037 0.2323777675628662 0.332790821790696
v 3.766639471054077 0.2532765865325928 0.332790821790696
v 3.7770750522613525 0.2323777675628662 0.3508977591991433
v 3.766639471054077 0.2428133487701416 0.3508977591991433
v 3.7766335010528564 0.2423717975616455 0.34818568825721824
v 3.7847464084625244 0.2428133487701416 0.33279079198837364
v 3.7847464084625244 0.2323777675628662 0.34322658181190574
v 3.782034397125244 0.2423717975616455 0.34278497099876487
v 3.782034397125244 0.2423717975616455 0.34278497099876487
v 3.766639471054077 0.2504847049713135 0.34322658181190574
v 3.766639471054077 0.2504847049713135 0.34322658181190574
v 3.7770750522613525 0.2504847049713135 0.33279079198837364
v 3.7770750522613525 0.2504847049713135 0.33279079198837364
v 3.7766335010528564 0.2477724552154541 0.34278497099876487
v 3.7766335010528564 0.2477724552154541 0.34278497099876487
v 3.7766335010528564 0.2477724552154541 0.34278497099876487
v 3.598534345626831 0.000001430511474609375 1.572969389404065e-7
v 3.598534345626831 0.000001430511474609375 1.572969389404065e-7
v 3.598534345626831 0.000001430511474609375 1.572969389404065e-7
v 3.6194331645965576 0.020900249481201172 1.58210469529559e-7
v 3.6194331645965576 0.020900249481201172 1.58210469529559e-7
v 3.6089835166931152 0.002801179885864258 1.577537042349827e-7
v 3.6089835166931152 0.002801179885864258 1.577537042349827e-7
v 3.616633176803589 0.01045083999633789 1.5808807143727525e-7
v 3.616633176803589 0.01045083999633789 1.5808807143727525e-7
v 3.616633176803589 0.01045083999633789 1.5808807143727525e-7
v 3.616633176803589 0.01045083999633789 1.5808807143727525e-7
v 3.3542206287384033 3.3497817516326904 1.466176378870855e-7
v 3.3542206287384033 3.3497817516326904 1.466176378870855e-7
v 3.3542206287384033 3.3497817516326904 1.466176378870855e-7
v 3.3542206287384033 3.3497817516326904 1.466176378870855e-7
v 3.3911287784576416 3.3363481760025024 1.4823096780938822e-7
v 3.3911287784576416 3.3363481760025024 1.4823096780938822e-7
v 3.3911287784576416 3.3363481760025024 1.4823096780938822e-7
v 3.3911287784576416 3.3363481760025024 1.4823096780938822e-7
v 3.365025520324707 3.343065023422241 1.4708993564594442e-7
v 3.365025520324707 3.343065023422241 1.4708993564594442e-7
v 3.378535032272339 3.3381481170654297 1.4768046771663435e-7
v 3.378535032272339 3.3381481170654297 1.4768046771663435e-7
v 3.71283221244812 3.3363481760025024 1.62293063368864e-7
v 3.71283221244812 3.3363481760025024 1.62293063368864e-7
v 3.71283221244812 3.3363481760025024 1.62293063368864e-7
v 3.71283221244812 3.3363481760025024 1.62293063368864e-7
v 3.7426254749298096 3.3552600145339966 1.6359537452328998e-7
v 3.7426254749298096 3.3552600145339966 1.6359537452328998e-7
v 3.7426254749298096 3.3552600145339966 1.6359537452328998e-7
v 3.7426254749298096 3.3552600145339966 1.6359537452328998e-7
v 3.724472999572754 3.3388819694519043 1.628018972353813e-7
v 3.724472999572754 3.3388819694519043 1.628018972353813e-7
v 3.724472999572754 3.3388819694519043 1.628018972353813e-7
v 3.724472999572754 3.3388819694519043 1.628018972353813e-7
v 3.7353782653808594 3.345804214477539 1.632785861483695e-7
v 3.7353782653808594 3.345804214477539 1.632785861483695e-7
v 3.9377338886260986 3.7701157331466675 1.7212382007197522e-7
v 3.9377338886260986 3.7701157331466675 1.7212382007197522e-7
v 3.9377338886260986 3.7701157331466675 1.7212382007197522e-7
v 3.9377338886260986 3.7701157331466675 1.7212382007197522e-7
v 3.930887460708618 3.802774667739868 1.7182455368100757e-7
v 3.930887460708618 3.802774667739868 1.7182455368100757e-7
v 3.930887460708618 3.802774667739868 1.7182455368100757e-7
v 3.930887460708618 3.802774667739868 1.7182455368100757e-7
v 3.9400722980499268 3.7814135551452637 1.722260529613156e-7
v 3.9400722980499268 3.7814135551452637 1.722260529613156e-7
v 3.9400722980499268 3.7814135551452637 1.722260529613156e-7
v 3.9400722980499268 3.7814135551452637 1.722260529613156e-7
v 3.9375665187835693 3.793367624282837 1.7211650148175972e-7
v 3.9375665187835693 3.793367624282837 1.7211650148175972e-7
v -3.7091100215911865 0.2532768249511719 -0.2518301010131844
v -3.688210964202881 0.2532768249511719 -0.27272903919220054
v -3.706310272216797 0.2532768249511719 -0.2622795403003701
v -3.6986606121063232 0.2532768249511719 -0.26992911100387657
v -3.688210964202881 3.3363481760025024 -0.27272903919220054
v -3.7091100215911865 3.3363481760025024 -0.2518301010131844
v -3.6986606121063232 3.3363481760025024 -0.26992911100387657
v -3.706310272216797 3.3363481760025024 -0.2622795403003701
v -3.391447067260742 3.3363481760025024 -0.251830071210862
v -3.412346124649048 3.3363481760025024 -0.2727290093898781
v -3.394246816635132 3.3363481760025024 -0.26227954030037004
v -3.4018964767456055 3.3363481760025024 -0.2699290812015541
v -3.412346124649048 0.2532768249511719 -0.2727290093898781
v -3.391447067260742 0.2532768249511719 -0.251830071210862
v -3.4018964767456055 0.2532768249511719 -0.2699290812015541
v -3.394246816635132 0.2532768249511719 -0.26227954030037004
v -3.7426254749298096 3.3552600145339966 -0.28827673196792686
v -3.7426254749298096 3.3552600145339966 -0.28827673196792686
v -3.718961477279663 3.354049801826477 -0.30917569994926536
v -3.718961477279663 3.354049801826477 -0.30917569994926536
v -3.71283221244812 3.3363481760025024 -0.28827673196792686
v -3.71283221244812 3.3363481760025024 -0.28827673196792686
v -3.738306999206543 3.3533514738082886 -0.2985256612300881
v -3.735203266143799 3.346014618873596 -0.28827673196792686
v -3.732473611831665 3.345525860786438 -0.29820808768272483
v -3.7171902656555176 3.3454166650772095 -0.3061183094978341
v -3.7297523021698 3.352913975715637 -0.30608063936233604
v -3.726813554763794 3.3453404903411865 -0.30378088355064475
v -3.726813554763794 3.3453404903411865 -0.30378088355064475
v -3.7243568897247314 3.339129686355591 -0.28827673196792686
v -3.7243568897247314 3.339129686355591 -0.28827673196792686
v -3.7149763107299805 3.3390032052993774 -0.29858493804931724
v -3.7149763107299805 3.3390032052993774 -0.29858493804931724
v -3.725099563598633 3.340989589691162 -0.2982584834098824
v -3.725099563598633 3.340989589691162 -0.2982584834098824
v -3.725099563598633 3.340989589691162 -0.2982584834098824
v -3.921003580093384 3.7836475372314453 -0.3091756999492654
v -3.921003580093384 3.7836475372314453 -0.3091756999492654
v -3.9377338886260986 3.770115613937378 -0.2882767319679269
v -3.9377338886260986 3.770115613937378 -0.2882767319679269
v -3.9308788776397705 3.802765369415283 -0.2882767319679269
v -3.9308788776397705 3.802765369415283 -0.2882767319679269
v -3.929178237915039 3.7768529653549194 -0.3063836395740518
v -3.925755023956299 3.7931565046310425 -0.3063836395740518
v -3.925755023956299 3.7931565046310425 -0.3063836395740518
v -3.93338680267334 3.786247491836548 -0.30367153882980435
v -3.93338680267334 3.786247491836548 -0.30367153882980435
v -3.9402503967285156 3.781432271003723 -0.2882767021656045
v -3.9402503967285156 3.781432271003723 -0.2882767021656045
v -3.935319185256958 3.7718859910964966 -0.29871246218681424
v -3.9377100467681885 3.782750725746155 -0.298270821571351
v -3.9377100467681885 3.782750725746155 -0.298270821571351
v -3.929380178451538 3.800173759460449 -0.29871246218681424
v -3.937734365463257 3.793416738510132 -0.2882767021656045
v -3.935938835144043 3.7911880016326904 -0.298270821571351
v 1.2600968332837981e-8 5.1275129318237305 -0.2882765531539917
v 1.2600968332837981e-8 5.1275129318237305 -0.2882765531539917
v 1.2600968332837981e-8 5.1275129318237305 -0.2882765531539917
v 1.2600968332837981e-8 5.1275129318237305 -0.2882765531539917
v 1.3514490928384753e-8 5.106669902801514 -0.3091755211353302
v 1.3514490928384753e-8 5.106669902801514 -0.3091755211353302
v 1.3514490928384753e-8 5.106669902801514 -0.3091755211353302
v 1.3514490928384753e-8 5.106669902801514 -0.3091755211353302
v 1.3057730074700574e-8 5.124720573425293 -0.29872602224349976
v 1.3057730074700574e-8 5.124720573425293 -0.29872602224349976
v 1.3392101717885206e-8 5.117091417312622 -0.3063755929470062
v 1.3392101717885206e-8 5.117091417312622 -0.3063755929470062
v 1.3392101717885206e-8 5.117091417312622 -0.3063755929470062
v 1.3392101717885206e-8 5.117091417312622 -0.3063755929470062
v -3.660686731338501 4.023939847946167 -0.28827673196792686
v -3.660686731338501 4.023939847946167 -0.28827673196792686
v -3.660686731338501 4.023939847946167 -0.28827673196792686
v -3.644730806350708 4.009243965148926 -0.30917569994926536
v -3.644730806350708 4.009243965148926 -0.30917569994926536
v -3.644730806350708 4.009243965148926 -0.30917569994926536
v -3.6585490703582764 4.021970987319946 -0.2987261712551125
v -3.6585490703582764 4.021970987319946 -0.2987261712551125
v -3.6527090072631836 4.016592025756836 -0.3063757717609414
v -3.6527090072631836 4.016592025756836 -0.3063757717609414
v -3.6527090072631836 4.016592025756836 -0.3063757717609414
v -3.6527090072631836 4.016592025756836 -0.3063757717609414
v -3.3318071365356445 4.24446702003479 -0.28827670216560436
v -3.3318071365356445 4.24446702003479 -0.28827670216560436
v -3.3318071365356445 4.24446702003479 -0.28827670216560436
v -3.3172316551208496 4.228689908981323 -0.30917567014694286
v -3.3172316551208496 4.228689908981323 -0.30917567014694286
v -3.3172316551208496 4.228689908981323 -0.30917567014694286
v -3.329854726791382 4.242353439331055 -0.29872614145279003
v -3.329854726791382 4.242353439331055 -0.29872614145279003
v -3.324519395828247 4.236578583717346 -0.3063757419586189
v -3.324519395828247 4.236578583717346 -0.3063757419586189
v -3.324519395828247 4.236578583717346 -0.3063757419586189
v -3.324519395828247 4.236578583717346 -0.3063757419586189
v -2.9735114574432373 4.447834730148315 -0.2882767021656043
v -2.9735114574432373 4.447834730148315 -0.2882767021656043
v -2.9735114574432373 4.447834730148315 -0.2882767021656043
v -2.9605326652526855 4.4309399127960205 -0.3091756701469428
v -2.9605326652526855 4.4309399127960205 -0.3091756701469428
v -2.9605326652526855 4.4309399127960205 -0.3091756701469428
v -2.9717726707458496 4.445571422576904 -0.29872614145279
v -2.9717726707458496 4.445571422576904 -0.29872614145279
v -2.967022180557251 4.439387321472168 -0.30637574195861883
v -2.967022180557251 4.439387321472168 -0.30637574195861883
v -2.967022180557251 4.439387321472168 -0.30637574195861883
v -2.967022180557251 4.439387321472168 -0.30637574195861883
v -2.597121477127075 4.618259429931641 -0.2882766723632818
v -2.597121477127075 4.618259429931641 -0.2882766723632818
v -2.597121477127075 4.618259429931641 -0.2882766723632818
v -2.585754871368408 4.600415945053101 -0.3091756403446203
v -2.585754871368408 4.600415945053101 -0.3091756403446203
v -2.585754871368408 4.600415945053101 -0.3091756403446203
v -2.5955986976623535 4.615868806838989 -0.29872614145278986
v -2.5955986976623535 4.615868806838989 -0.29872614145278986
v -2.5914382934570312 4.60933780670166 -0.30637571215629633
v -2.5914382934570312 4.60933780670166 -0.30637571215629633
v -2.5914382934570312 4.60933780670166 -0.30637571215629633
v -2.5914382934570312 4.60933780670166 -0.30637571215629633
v -2.2122294902801514 4.765009880065918 -0.28827664256095936
v -2.2122294902801514 4.765009880065918 -0.28827664256095936
v -2.2122294902801514 4.765009880065918 -0.28827664256095936
v -2.2026028633117676 4.746307611465454 -0.30917561054229786
v -2.2026028633117676 4.746307611465454 -0.30917561054229786
v -2.2026028633117676 4.746307611465454 -0.30917561054229786
v -2.210939645767212 4.7625041007995605 -0.2987261116504674
v -2.210939645767212 4.7625041007995605 -0.2987261116504674
v -2.20741605758667 4.7556586265563965 -0.3063756823539739
v -2.20741605758667 4.7556586265563965 -0.3063756823539739
v -2.20741605758667 4.7556586265563965 -0.3063756823539739
v -2.20741605758667 4.7556586265563965 -0.3063756823539739
v -1.826343297958374 4.88429069519043 -0.28827664256095925
v -1.826343297958374 4.88429069519043 -0.28827664256095925
v -1.826343297958374 4.88429069519043 -0.28827664256095925
v -1.8184444904327393 4.86488938331604 -0.30917561054229775
v -1.8184444904327393 4.86488938331604 -0.30917561054229775
v -1.8184444904327393 4.86488938331604 -0.30917561054229775
v -1.8252849578857422 4.881691217422485 -0.2987261116504673
v -1.8252849578857422 4.881691217422485 -0.2987261116504673
v -1.822393774986267 4.874589920043945 -0.3063756823539738
v -1.822393774986267 4.874589920043945 -0.3063756823539738
v -1.822393774986267 4.874589920043945 -0.3063756823539738
v -1.822393774986267 4.874589920043945 -0.3063756823539738
v -1.4446556568145752 4.976332187652588 -0.2882766127586368
v -1.4446556568145752 4.976332187652588 -0.2882766127586368
v -1.4446556568145752 4.976332187652588 -0.2882766127586368
v -1.4385042190551758 4.956379175186157 -0.3091755807399753
v -1.4385042190551758 4.956379175186157 -0.3091755807399753
v -1.4385042190551758 4.956379175186157 -0.3091755807399753
v -1.443831443786621 4.973658800125122 -0.29872608184814486
v -1.443831443786621 4.973658800125122 -0.29872608184814486
v -1.4415799379348755 4.966355800628662 -0.30637565255165133
v -1.4415799379348755 4.966355800628662 -0.30637565255165133
v -1.4415799379348755 4.966355800628662 -0.30637565255165133
v -1.4415799379348755 4.966355800628662 -0.30637565255165133
v -1.0698872804641724 5.045881032943726 -0.2882766127586367
v -1.0698872804641724 5.045881032943726 -0.2882766127586367
v -1.0698872804641724 5.045881032943726 -0.2882766127586367
v -1.0654715299606323 5.025509595870972 -0.3091755807399752
v -1.0654715299606323 5.025509595870972 -0.3091755807399752
v -1.0654715299606323 5.025509595870972 -0.3091755807399752
v -1.0692957639694214 5.04315185546875 -0.29872608184814475
v -1.0692957639694214 5.04315185546875 -0.29872608184814475
v -1.0676794052124023 5.035695314407349 -0.3063756525516512
v -1.0676794052124023 5.035695314407349 -0.3063756525516512
v -1.0676794052124023 5.035695314407349 -0.3063756525516512
v -1.0676794052124023 5.035695314407349 -0.3063756525516512
v -0.7022264599800109 5.090005159378052 -0.28827658295631425
v -0.7022264599800109 5.090005159378052 -0.28827658295631425
v -0.7022264599800109 5.090005159378052 -0.28827658295631425
v -0.699532926082611 5.0693628787994385 -0.30917555093765275
v -0.699532926082611 5.0693628787994385 -0.30917555093765275
v -0.699532926082611 5.0693628787994385 -0.30917555093765275
v -0.7018656134605407 5.087239503860474 -0.2987260520458223
v -0.7018656134605407 5.087239503860474 -0.2987260520458223
v -0.7008796930313109 5.079684019088745 -0.3063756227493288
v -0.7008796930313109 5.079684019088745 -0.3063756227493288
v -0.7008796930313109 5.079684019088745 -0.3063756227493288
v -0.7008796930313109 5.079684019088745 -0.3063756227493288
v -0.3393495380878448 5.11653995513916 -0.28827658295631414
v -0.3393495380878448 5.11653995513916 -0.28827658295631414
v -0.3393495380878448 5.11653995513916 -0.28827658295631414
v -0.33836802840232844 5.095738410949707 -0.30917555093765264
v -0.33836802840232844 5.095738410949707 -0.30917555093765264
v -0.33836802840232844 5.095738410949707 -0.30917555093765264
v -0.3392180502414703 5.113753318786621 -0.2987260520458222
v -0.3392180502414703 5.113753318786621 -0.2987260520458222
v -0.3388587832450866 5.106139183044434 -0.30637562274932867
v -0.3388587832450866 5.106139183044434 -0.30637562274932867
v -0.3388587832450866 5.106139183044434 -0.30637562274932867
v -0.3388587832450866 5.106139183044434 -0.30637562274932867
v -3.3837151527404785 3.353921890258789 -0.3091756701469429
v -3.3837151527404785 3.353921890258789 -0.3091756701469429
v -3.3837151527404785 3.353921890258789 -0.3091756701469429
v -3.3837151527404785 3.353921890258789 -0.3091756701469429
v -3.3542206287384033 3.3497817516326904 -0.28827670216560436
v -3.3542206287384033 3.3497817516326904 -0.28827670216560436
v -3.3911287784576416 3.3363481760025024 -0.2882767021656044
v -3.3911287784576416 3.3363481760025024 -0.2882767021656044
v -3.3717052936553955 3.3498218059539795 -0.30607569217681957
v -3.3858468532562256 3.3453547954559326 -0.3061211109161385
v -3.3858468532562256 3.3453547954559326 -0.3061211109161385
v -3.375554323196411 3.3438504934310913 -0.3037796318531044
v -3.375554323196411 3.3438504934310913 -0.3037796318531044
v -3.3650968074798584 3.343225359916687 -0.28827670216560436
v -3.361017942428589 3.348326086997986 -0.29849305748939586
v -3.361017942428589 3.348326086997986 -0.29849305748939586
v -3.3689818382263184 3.3431525230407715 -0.2981819808483131
v -3.3689818382263184 3.3431525230407715 -0.2981819808483131
v -3.3689818382263184 3.3431525230407715 -0.2981819808483131
v -3.38852596282959 3.338984489440918 -0.2985856235027321
v -3.38852596282959 3.338984489440918 -0.2985856235027321
v -3.38852596282959 3.338984489440918 -0.2985856235027321
v -3.3785834312438965 3.3383166790008545 -0.2882767021656044
v -3.37774395942688 3.3401721715927124 -0.2982605993747719
v -3.37774395942688 3.3401721715927124 -0.2982605993747719
v -3.37774395942688 3.3401721715927124 -0.2982605993747719
v 1.3514490928384753e-8 4.4814629554748535 -0.3091755211353302
v 1.3514490928384753e-8 4.4814629554748535 -0.3091755211353302
v 1.3514490928384753e-8 4.4814629554748535 -0.3091755211353302
v 1.3514490928384753e-8 4.4814629554748535 -0.3091755211353302
v 1.2600968332837981e-8 4.460617303848267 -0.2882765531539917
v 1.2600968332837981e-8 4.460617303848267 -0.2882765531539917
v 1.2600968332837981e-8 4.460617303848267 -0.2882765531539917
v 1.2600968332837981e-8 4.460617303848267 -0.2882765531539917
v 1.3392101717885206e-8 4.47104024887085 -0.3063755929470062
v 1.3392101717885206e-8 4.47104024887085 -0.3063755929470062
v 1.3057730074700574e-8 4.463410139083862 -0.29872602224349976
v 1.3057730074700574e-8 4.463410139083862 -0.29872602224349976
v 1.3057730074700574e-8 4.463410139083862 -0.29872602224349976
v 1.3057730074700574e-8 4.463410139083862 -0.29872602224349976
v -3.1431329250335693 3.547250747680664 -0.30917567014694286
v -3.1431329250335693 3.547250747680664 -0.30917567014694286
v -3.1269240379333496 3.532321810722351 -0.28827670216560436
v -3.1269240379333496 3.532321810722351 -0.28827670216560436
v -3.1269240379333496 3.532321810722351 -0.28827670216560436
v -3.135028600692749 3.539786458015442 -0.3063757419586189
v -3.1290957927703857 3.534321904182434 -0.29872614145279003
v -3.1290957927703857 3.534321904182434 -0.29872614145279003
v -3.1290957927703857 3.534321904182434 -0.29872614145279003
v -3.1290957927703857 3.534321904182434 -0.29872614145279003
v -2.8625328540802 3.73650860786438 -0.30917567014694275
v -2.8625328540802 3.73650860786438 -0.30917567014694275
v -2.847813129425049 3.720575451850891 -0.28827667236328186
v -2.847813129425049 3.720575451850891 -0.28827667236328186
v -2.847813129425049 3.720575451850891 -0.28827667236328186
v -2.855172872543335 3.728541851043701 -0.3063757419586188
v -2.849785089492798 3.722709894180298 -0.2987261414527899
v -2.849785089492798 3.722709894180298 -0.2987261414527899
v -2.849785089492798 3.722709894180298 -0.2987261414527899
v -2.849785089492798 3.722709894180298 -0.2987261414527899
v -2.5567569732666016 3.9053268432617188 -0.3091756403446203
v -2.5567569732666016 3.9053268432617188 -0.3091756403446203
v -2.5437064170837402 3.8883382081985474 -0.2882766723632818
v -2.5437064170837402 3.8883382081985474 -0.2882766723632818
v -2.5437064170837402 3.8883382081985474 -0.2882766723632818
v -2.550231695175171 3.8968324661254883 -0.30637571215629633
v -2.545454740524292 3.8906142711639404 -0.29872614145278986
v -2.545454740524292 3.8906142711639404 -0.29872614145278986
v -2.545454740524292 3.8906142711639404 -0.29872614145278986
v -2.545454740524292 3.8906142711639404 -0.29872614145278986
v -2.2356507778167725 4.050806283950806 -0.30917564034462025
v -2.2356507778167725 4.050806283950806 -0.30917564034462025
v -2.2242424488067627 4.0328967571258545 -0.28827667236328175
v -2.2242424488067627 4.0328967571258545 -0.28827667236328175
v -2.2242424488067627 4.0328967571258545 -0.28827667236328175
v -2.2299466133117676 4.04185152053833 -0.3063757121562963
v -2.2257707118988037 4.035296201705933 -0.2987261414527898
v -2.2257707118988037 4.035296201705933 -0.2987261414527898
v -2.2257707118988037 4.035296201705933 -0.2987261414527898
v -2.2257707118988037 4.035296201705933 -0.2987261414527898
v -1.9072059392929077 4.172423839569092 -0.3091756105422978
v -1.9072059392929077 4.172423839569092 -0.3091756105422978
v -1.897562026977539 4.153688073158264 -0.2882766425609593
v -1.897562026977539 4.153688073158264 -0.2882766425609593
v -1.897562026977539 4.153688073158264 -0.2882766425609593
v -1.9023839235305786 4.163055896759033 -0.30637568235397383
v -1.8988540172576904 4.156198024749756 -0.29872611165046736
v -1.8988540172576904 4.156198024749756 -0.29872611165046736
v -1.8988540172576904 4.156198024749756 -0.29872611165046736
v -1.8988540172576904 4.156198024749756 -0.29872611165046736
v -1.5779454708099365 4.2741605043411255 -0.3091755807399753
v -1.5779454708099365 4.2741605043411255 -0.3091755807399753
v -1.570037841796875 4.254737496376038 -0.2882766127586368
v -1.570037841796875 4.254737496376038 -0.2882766127586368
v -1.570037841796875 4.254737496376038 -0.2882766127586368
v -1.5739915370941162 4.264448881149292 -0.30637565255165133
v -1.5710972547531128 4.257339358329773 -0.29872608184814486
v -1.5710972547531128 4.257339358329773 -0.29872608184814486
v -1.5710972547531128 4.257339358329773 -0.29872608184814486
v -1.5710972547531128 4.257339358329773 -0.29872608184814486
v -1.2522326707839966 4.352181673049927 -0.30917558073997525
v -1.2522326707839966 4.352181673049927 -0.30917558073997525
v -1.2460774183273315 4.332216501235962 -0.28827661275863675
v -1.2460774183273315 4.332216501235962 -0.28827661275863675
v -1.2460774183273315 4.332216501235962 -0.28827661275863675
v -1.249155044555664 4.342198848724365 -0.3063756525516513
v -1.2469019889831543 4.334891080856323 -0.2987260818481448
v -1.2469019889831543 4.334891080856323 -0.2987260818481448
v -1.2469019889831543 4.334891080856323 -0.2987260818481448
v -1.2469019889831543 4.334891080856323 -0.2987260818481448
v -0.9324072003364562 4.411633014678955 -0.3091755509376528
v -0.9324072003364562 4.411633014678955 -0.3091755509376528
v -0.9279897809028624 4.391253709793091 -0.2882765829563143
v -0.9279897809028624 4.391253709793091 -0.2882765829563143
v -0.9279897809028624 4.391253709793091 -0.2882765829563143
v -0.9301985502243041 4.401443243026733 -0.30637562274932884
v -0.9285816550254821 4.393983840942383 -0.29872605204582237
v -0.9285816550254821 4.393983840942383 -0.29872605204582237
v -0.9285816550254821 4.393983840942383 -0.29872605204582237
v -0.9285816550254821 4.393983840942383 -0.29872605204582237
v -0.618629217147827 4.449352025985718 -0.3091755509376527
v -0.618629217147827 4.449352025985718 -0.3091755509376527
v -0.6159348487854003 4.428703784942627 -0.2882765829563142
v -0.6159348487854003 4.428703784942627 -0.2882765829563142
v -0.6159348487854003 4.428703784942627 -0.2882765829563142
v -0.6172820329666137 4.439028024673462 -0.3063756227493287
v -0.61629581451416 4.431469917297363 -0.29872605204582225
v -0.61629581451416 4.431469917297363 -0.29872605204582225
v -0.61629581451416 4.431469917297363 -0.29872605204582225
v -0.61629581451416 4.431469917297363 -0.29872605204582225
v -0.30892118811607355 4.471674919128418 -0.30917552113533026
v -0.30892118811607355 4.471674919128418 -0.30917552113533026
v -0.30793949961662287 4.450870037078857 -0.28827655315399175
v -0.30793949961662287 4.450870037078857 -0.28827655315399175
v -0.3084303438663482 4.461272239685059 -0.3063755929470063
v -0.30807101726531977 4.453656911849976 -0.2987260222434998
v -0.30807101726531977 4.453656911849976 -0.2987260222434998
v -1.7629889249801636 4.26057767868042 -0.1450088620185856
v -1.7838878631591797 4.26057767868042 -0.1241099089384083
v -1.7734384536743164 4.26057767868042 -0.14220891892910043
v -1.7810879945755005 4.26057767868042 -0.13455937802791634
v -1.7838878631591797 0.2532768249511719 -0.12410993874073069
v -1.7629889249801636 0.2532768249511719 -0.14500889182090798
v -1.7810879945755005 0.2532768249511719 -0.13455940783023873
v -1.7734384536743164 0.2532768249511719 -0.1422089487314228
v -1.5706325769424438 0.2532768249511719 -0.14500887691974676
v -1.5497336387634277 0.2532768249511719 -0.12410992383956944
v -1.560183048248291 0.2532768249511719 -0.14220893383026156
v -1.552533507347107 0.2532768249511719 -0.13455939292907748
v -1.5497336387634277 4.26057767868042 -0.12410990148782765
v -1.5706325769424438 4.26057767868042 -0.14500884711742437
v -1.552533507347107 4.26057767868042 -0.1345593631267551
v -1.560183048248291 4.26057767868042 -0.14220890402793918
v -0.16919885575771326 5.103422164916992 -0.30917552113533026
v -0.16919885575771326 5.103422164916992 -0.30917552113533026
v -0.16919885575771326 5.103422164916992 -0.30917552113533026
v -0.16968914866447443 5.124253511428833 -0.28827655315399175
v -0.16968914866447443 5.124253511428833 -0.28827655315399175
v -0.16968914866447443 5.124253511428833 -0.28827655315399175
v -0.16944400966167444 5.113837957382202 -0.3063755929470063
v -0.16944400966167444 5.113837957382202 -0.3063755929470063
v -0.16944400966167444 5.113837957382202 -0.3063755929470063
v -0.16944400966167444 5.113837957382202 -0.3063755929470063
v -0.16962346434593195 5.12146258354187 -0.2987260222434998
v -0.16962346434593195 5.12146258354187 -0.2987260222434998
v -3.8022704124450684 3.8872169256210327 -0.30917569994926536
v -3.8022704124450684 3.8872169256210327 -0.30917569994926536
v -3.8022704124450684 3.8872169256210327 -0.30917569994926536
v -3.8022704124450684 3.8872169256210327 -0.30917569994926536
v -3.8022704124450684 3.8872169256210327 -0.30917569994926536
v -3.8094418048858643 3.908703327178955 -0.28827673196792686
v -3.8094418048858643 3.908703327178955 -0.28827673196792686
v -3.8094418048858643 3.908703327178955 -0.28827673196792686
v -3.805852174758911 3.8979601860046387 -0.3063757717609414
v -3.805852174758911 3.8979601860046387 -0.3063757717609414
v -3.805852174758911 3.8979601860046387 -0.3063757717609414
v -3.805852174758911 3.8979601860046387 -0.3063757717609414
v -3.8084771633148193 3.905824899673462 -0.2987261712551125
v -3.8084771633148193 3.905824899673462 -0.2987261712551125
v -3.4822754859924316 4.124959588050842 -0.3091756701469429
v -3.4822754859924316 4.124959588050842 -0.3091756701469429
v -3.4822754859924316 4.124959588050842 -0.3091756701469429
v -3.497490644454956 4.140247225761414 -0.2882767319679268
v -3.497490644454956 4.140247225761414 -0.2882767319679268
v -3.497490644454956 4.140247225761414 -0.2882767319679268
v -3.4898831844329834 4.132603406906128 -0.30637577176094133
v -3.4898831844329834 4.132603406906128 -0.30637577176094133
v -3.4898831844329834 4.132603406906128 -0.30637577176094133
v -3.4898831844329834 4.132603406906128 -0.30637577176094133
v -3.4954521656036377 4.138199090957642 -0.29872617125511247
v -3.4954521656036377 4.138199090957642 -0.29872617125511247
v -3.1399223804473877 4.333360552787781 -0.30917567014694286
v -3.1399223804473877 4.333360552787781 -0.30917567014694286
v -3.1399223804473877 4.333360552787781 -0.30917567014694286
v -3.153690814971924 4.349715232849121 -0.28827670216560436
v -3.153690814971924 4.349715232849121 -0.28827670216560436
v -3.153690814971924 4.349715232849121 -0.28827670216560436
v -3.146806478500366 4.341537714004517 -0.3063757419586189
v -3.146806478500366 4.341537714004517 -0.3063757419586189
v -3.146806478500366 4.341537714004517 -0.3063757419586189
v -3.146806478500366 4.341537714004517 -0.3063757419586189
v -3.151846170425415 4.347523927688599 -0.29872614145279003
v -3.151846170425415 4.347523927688599 -0.29872614145279003
v -2.7739927768707275 4.519270420074463 -0.30917564034462036
v -2.7739927768707275 4.519270420074463 -0.30917564034462036
v -2.7739927768707275 4.519270420074463 -0.30917564034462036
v -2.7861618995666504 4.536660671234131 -0.28827667236328186
v -2.7861618995666504 4.536660671234131 -0.28827667236328186
v -2.7861618995666504 4.536660671234131 -0.28827667236328186
v -2.7800774574279785 4.527965545654297 -0.3063757121562964
v -2.7800774574279785 4.527965545654297 -0.3063757121562964
v -2.7800774574279785 4.527965545654297 -0.3063757121562964
v -2.7800774574279785 4.527965545654297 -0.3063757121562964
v -2.784531593322754 4.5343310832977295 -0.2987261414527899
v -2.784531593322754 4.5343310832977295 -0.2987261414527899
v -2.394782066345215 4.676663875579834 -0.3091756403446203
v -2.394782066345215 4.676663875579834 -0.3091756403446203
v -2.394782066345215 4.676663875579834 -0.3091756403446203
v -2.4052741527557373 4.694957971572876 -0.2882766723632818
v -2.4052741527557373 4.694957971572876 -0.2882766723632818
v -2.4052741527557373 4.694957971572876 -0.2882766723632818
v -2.4000282287597656 4.6858110427856445 -0.30637571215629633
v -2.4000282287597656 4.6858110427856445 -0.30637571215629633
v -2.4000282287597656 4.6858110427856445 -0.30637571215629633
v -2.4000282287597656 4.6858110427856445 -0.30637571215629633
v -2.4038684368133545 4.692507266998291 -0.29872614145278986
v -2.4038684368133545 4.692507266998291 -0.29872614145278986
v -2.011021852493286 4.808934211730957 -0.3091756105422978
v -2.011021852493286 4.808934211730957 -0.3091756105422978
v -2.011021852493286 4.808934211730957 -0.3091756105422978
v -2.019782066345215 4.828006744384766 -0.2882766425609593
v -2.019782066345215 4.828006744384766 -0.2882766425609593
v -2.019782066345215 4.828006744384766 -0.2882766425609593
v -2.01540207862854 4.818470478057861 -0.30637568235397383
v -2.01540207862854 4.818470478057861 -0.30637568235397383
v -2.01540207862854 4.818470478057861 -0.30637568235397383
v -2.01540207862854 4.818470478057861 -0.30637568235397383
v -2.018608570098877 4.825451612472534 -0.29872611165046736
v -2.018608570098877 4.825451612472534 -0.29872611165046736
v -1.6288249492645264 4.913814544677734 -0.30917561054229775
v -1.6288249492645264 4.913814544677734 -0.30917561054229775
v -1.6288249492645264 4.913814544677734 -0.30917561054229775
v -1.6358479261398315 4.933511972427368 -0.28827664256095925
v -1.6358479261398315 4.933511972427368 -0.28827664256095925
v -1.6358479261398315 4.933511972427368 -0.28827664256095925
v -1.6323364973068237 4.923663139343262 -0.3063756823539738
v -1.6323364973068237 4.923663139343262 -0.3063756823539738
v -1.6323364973068237 4.923663139343262 -0.3063756823539738
v -1.6323364973068237 4.923663139343262 -0.3063756823539738
v -1.6349071264266968 4.930873155593872 -0.2987261116504673
v -1.6349071264266968 4.930873155593872 -0.2987261116504673
v -1.2522552013397217 4.9941112995147705 -0.30917558073997525
v -1.2522552013397217 4.9941112995147705 -0.30917558073997525
v -1.2522552013397217 4.9941112995147705 -0.30917558073997525
v -1.2575371265411377 5.0142927169799805 -0.28827661275863675
v -1.2575371265411377 5.0142927169799805 -0.28827661275863675
v -1.2575371265411377 5.0142927169799805 -0.28827661275863675
v -1.2548962831497192 5.004202127456665 -0.3063756525516513
v -1.2548962831497192 5.004202127456665 -0.3063756525516513
v -1.2548962831497192 5.004202127456665 -0.3063756525516513
v -1.2548962831497192 5.004202127456665 -0.3063756525516513
v -1.2568295001983643 5.01158881187439 -0.2987260818481448
v -1.2568295001983643 5.01158881187439 -0.2987260818481448
v -0.8826622962951659 5.050499677658081 -0.3091755509376528
v -0.8826622962951659 5.050499677658081 -0.3091755509376528
v -0.8826622962951659 5.050499677658081 -0.3091755509376528
v -0.8862158060073851 5.0710248947143555 -0.2882765829563143
v -0.8862158060073851 5.0710248947143555 -0.2882765829563143
v -0.8862158060073851 5.0710248947143555 -0.2882765829563143
v -0.8844389915466307 5.060762166976929 -0.30637562274932884
v -0.8844389915466307 5.060762166976929 -0.30637562274932884
v -0.8844389915466307 5.060762166976929 -0.30637562274932884
v -0.8844389915466307 5.060762166976929 -0.30637562274932884
v -0.8857396841049193 5.068274736404419 -0.29872605204582237
v -0.8857396841049193 5.068274736404419 -0.29872605204582237
v -0.5190261602401732 5.085325002670288 -0.3091755509376527
v -0.5190261602401732 5.085325002670288 -0.3091755509376527
v -0.5190261602401732 5.085325002670288 -0.3091755509376527
v -0.5208626985549926 5.106063604354858 -0.2882765829563142
v -0.5208626985549926 5.106063604354858 -0.2882765829563142
v -0.5208626985549926 5.106063604354858 -0.2882765829563142
v -0.5199444293975829 5.095694303512573 -0.3063756227493287
v -0.5199444293975829 5.095694303512573 -0.3063756227493287
v -0.5199444293975829 5.095694303512573 -0.3063756227493287
v -0.5199444293975829 5.095694303512573 -0.3063756227493287
v -0.5206166505813598 5.10328483581543 -0.29872605204582225
v -0.5206166505813598 5.10328483581543 -0.29872605204582225
v -0.1539823710918426 4.456913709640503 -0.28827655315399175
v -0.1539823710918426 4.456913709640503 -0.28827655315399175
v -0.1539823710918426 4.456913709640503 -0.28827655315399175
v -0.15447266399860377 4.477745056152344 -0.30917552113533026
v -0.15447266399860377 4.477745056152344 -0.30917552113533026
v -0.15404805541038508 4.459704875946045 -0.2987260222434998
v -0.15404805541038508 4.459704875946045 -0.2987260222434998
v -0.15404805541038508 4.459704875946045 -0.2987260222434998
v -0.15404805541038508 4.459704875946045 -0.2987260222434998
v -0.15422751009464258 4.467329502105713 -0.3063755929470063
v -3.251436471939087 3.436026453971863 -0.28827670216560436
v -3.251436471939087 3.436026453971863 -0.28827670216560436
v -3.251436471939087 3.436026453971863 -0.28827670216560436
v -3.268446922302246 3.450435996055603 -0.30917567014694286
v -3.268446922302246 3.450435996055603 -0.30917567014694286
v -3.268446922302246 3.450435996055603 -0.30917567014694286
v -3.268446922302246 3.450435996055603 -0.30917567014694286
v -3.2537155151367188 3.4379571676254272 -0.29872614145279003
v -3.2537155151367188 3.4379571676254272 -0.29872614145279003
v -3.2537155151367188 3.4379571676254272 -0.29872614145279003
v -3.2537155151367188 3.4379571676254272 -0.29872614145279003
v -3.259941816329956 3.4432313442230225 -0.3063757419586189
v -3.259941816329956 3.4432313442230225 -0.3063757419586189
v -2.988436460494995 3.628772497177124 -0.2882767021656043
v -2.988436460494995 3.628772497177124 -0.2882767021656043
v -2.988436460494995 3.628772497177124 -0.2882767021656043
v -3.003831386566162 3.6442407369613647 -0.3091756701469428
v -3.003831386566162 3.6442407369613647 -0.3091756701469428
v -2.9904990196228027 3.630844831466675 -0.29872614145279
v -2.9904990196228027 3.630844831466675 -0.29872614145279
v -2.9904990196228027 3.630844831466675 -0.29872614145279
v -2.9904990196228027 3.630844831466675 -0.29872614145279
v -2.996133804321289 3.636506676673889 -0.30637574195861883
v -2.696682929992676 3.806868076324463 -0.28827667236328186
v -2.696682929992676 3.806868076324463 -0.28827667236328186
v -2.696682929992676 3.806868076324463 -0.28827667236328186
v -2.710552930831909 3.823343276977539 -0.30917564034462036
v -2.710552930831909 3.823343276977539 -0.30917564034462036
v -2.6985411643981934 3.809075355529785 -0.2987261414527899
v -2.6985411643981934 3.809075355529785 -0.2987261414527899
v -2.6985411643981934 3.809075355529785 -0.2987261414527899
v -2.6985411643981934 3.809075355529785 -0.2987261414527899
v -2.703617811203003 3.815105676651001 -0.3063757121562964
v -2.3846817016601562 3.9629210233688354 -0.2882766723632818
v -2.3846817016601562 3.9629210233688354 -0.2882766723632818
v -2.3846817016601562 3.9629210233688354 -0.2882766723632818
v -2.3969030380249023 3.9803855419158936 -0.3091756403446203
v -2.3969030380249023 3.9803855419158936 -0.3091756403446203
v -2.3863189220428467 3.965260624885559 -0.29872614145278986
v -2.3863189220428467 3.965260624885559 -0.29872614145278986
v -2.3863189220428467 3.965260624885559 -0.29872614145278986
v -2.3863189220428467 3.965260624885559 -0.29872614145278986
v -2.3907923698425293 3.9716532230377197 -0.30637571215629633
v -2.061396598815918 4.095374941825867 -0.2882766425609593
v -2.061396598815918 4.095374941825867 -0.2882766425609593
v -2.061396598815918 4.095374941825867 -0.2882766425609593
v -2.0719151496887207 4.113715052604675 -0.3091756105422978
v -2.0719151496887207 4.113715052604675 -0.3091756105422978
v -2.062805652618408 4.097832083702087 -0.29872611165046736
v -2.062805652618408 4.097832083702087 -0.29872611165046736
v -2.062805652618408 4.097832083702087 -0.29872611165046736
v -2.062805652618408 4.097832083702087 -0.29872611165046736
v -2.0666558742523193 4.104544997215271 -0.30637568235397383
v -1.7341926097869873 4.206233501434326 -0.28827664256095925
v -1.7341926097869873 4.206233501434326 -0.28827664256095925
v -1.7341926097869873 4.206233501434326 -0.28827664256095925
v -1.742963433265686 4.225328803062439 -0.30917561054229775
v -1.742963433265686 4.225328803062439 -0.30917561054229775
v -1.7353675365447998 4.208791494369507 -0.2987261116504673
v -1.7353675365447998 4.208791494369507 -0.2987261116504673
v -1.7353675365447998 4.208791494369507 -0.2987261116504673
v -1.7353675365447998 4.208791494369507 -0.2987261116504673
v -1.738577961921692 4.215780735015869 -0.3063756823539738
v -1.408349633216858 4.295446395874023 -0.2882766127586368
v -1.408349633216858 4.295446395874023 -0.2882766127586368
v -1.408349633216858 4.295446395874023 -0.2882766127586368
v -1.415377140045166 4.31515645980835 -0.3091755807399753
v -1.415377140045166 4.31515645980835 -0.3091755807399753
v -1.4092910289764404 4.298086762428284 -0.29872608184814486
v -1.4092910289764404 4.298086762428284 -0.29872608184814486
v -1.4092910289764404 4.298086762428284 -0.29872608184814486
v -1.4092910289764404 4.298086762428284 -0.29872608184814486
v -1.4118633270263672 4.305301308631897 -0.30637565255165133
v -1.0872553586959839 4.363678932189941 -0.2882766127586367
v -1.0872553586959839 4.363678932189941 -0.2882766127586367
v -1.0872553586959839 4.363678932189941 -0.2882766127586367
v -1.0925389528274536 4.38386607170105 -0.3091755807399752
v -1.0925389528274536 4.38386607170105 -0.3091755807399752
v -1.0879632234573364 4.3663835525512695 -0.29872608184814475
v -1.0879632234573364 4.3663835525512695 -0.29872608184814475
v -1.0879632234573364 4.3663835525512695 -0.29872608184814475
v -1.0879632234573364 4.3663835525512695 -0.29872608184814475
v -1.0898971557617188 4.373772621154785 -0.3063756525516512
v -0.7720983028411864 4.4118640422821045 -0.28827658295631425
v -0.7720983028411864 4.4118640422821045 -0.28827658295631425
v -0.7720983028411864 4.4118640422821045 -0.28827658295631425
v -0.7756522893905639 4.432392597198486 -0.30917555093765275
v -0.7756522893905639 4.432392597198486 -0.30917555093765275
v -0.7725744247436522 4.414614200592041 -0.2987260520458223
v -0.7725744247436522 4.414614200592041 -0.2987260520458223
v -0.7725744247436522 4.414614200592041 -0.2987260520458223
v -0.7725744247436522 4.414614200592041 -0.2987260520458223
v -0.7738752365112304 4.422128200531006 -0.3063756227493288
v -0.46200028061866755 4.4414215087890625 -0.2882765829563142
v -0.46200028061866755 4.4414215087890625 -0.2882765829563142
v -0.46200028061866755 4.4414215087890625 -0.2882765829563142
v -0.4638369679450988 4.462160587310791 -0.3091755509376527
v -0.4638369679450988 4.462160587310791 -0.3091755509376527
v -0.46224632859230036 4.444200038909912 -0.29872605204582225
v -0.46224632859230036 4.444200038909912 -0.29872605204582225
v -0.46224632859230036 4.444200038909912 -0.29872605204582225
v -0.46224632859230036 4.444200038909912 -0.29872605204582225
v -0.4629186391830444 4.451791048049927 -0.3063756227493287
v -3.598534345626831 0.15327119827270508 -0.272725313901902
v -3.6194331645965576 0.15327119827270508 -0.2518263459205635
v -3.6089835166931152 0.15327119827270508 -0.26992538571357805
v -3.616633176803589 0.15327119827270508 -0.26227584481239397
v -3.598534345626831 0.000001430511474609375 -0.2518263459205635
v -3.6194331645965576 0.020900249481201172 -0.2518263459205635
v -3.598534345626831 0.020900249481201172 -0.272725313901902
v -3.6089696884155273 0.0027933120727539062 -0.2518263459205635
v -3.598534107208252 0.0027933120727539062 -0.26226210594177324
v -3.6085281372070312 0.005505561828613281 -0.26182049512863237
v -3.61664080619812 0.020900249481201172 -0.26226210594177324
v -3.61664080619812 0.010464668273925781 -0.2518263459205635
v -3.61664080619812 0.010464668273925781 -0.2518263459205635
v -3.61392879486084 0.010906219482421875 -0.26182049512863237
v -3.61392879486084 0.010906219482421875 -0.26182049512863237
v -3.598534107208252 0.010464668273925781 -0.2699332833290108
v -3.598534107208252 0.010464668273925781 -0.2699332833290108
v -3.6089696884155273 0.020900249481201172 -0.2699332833290108
v -3.6085281372070312 0.010906219482421875 -0.26722121238708574
v -3.6085281372070312 0.010906219482421875 -0.26722121238708574
v 1.1921195646796864e-8 0.020900249481201172 -0.2727251350879669
v 1.1921195646796864e-8 0.020900249481201172 -0.2727251350879669
v 1.100767216307168e-8 0.000001430511474609375 -0.2518261969089508
v 1.100767216307168e-8 0.000001430511474609375 -0.2518261969089508
v 1.1798807324475743e-8 0.01045083999633789 -0.26992523670196533
v 1.1798807324475743e-8 0.01045083999633789 -0.26992523670196533
v 1.1798807324475743e-8 0.01045083999633789 -0.26992523670196533
v 1.1798807324475743e-8 0.01045083999633789 -0.26992523670196533
v 1.1464434793112691e-8 0.002801179885864258 -0.26227566599845886
v 1.1464434793112691e-8 0.002801179885864258 -0.26227566599845886
v 1.5460266034870083e-8 0.17416954040527344 -0.35368964076042175
v 1.5460266034870083e-8 0.17416954040527344 -0.35368964076042175
v 1.4546741662966472e-8 0.15327048301696777 -0.33279067277908325
v 1.4546741662966472e-8 0.15327048301696777 -0.33279067277908325
v 1.5337876824370536e-8 0.16372013092041016 -0.3508897125720978
v 1.5337876824370536e-8 0.16372013092041016 -0.3508897125720978
v 1.5337876824370536e-8 0.16372013092041016 -0.3508897125720978
v 1.5337876824370536e-8 0.16372013092041016 -0.3508897125720978
v 1.5003504293007484e-8 0.15607047080993652 -0.3432401418685913
v 1.5003504293007484e-8 0.15607047080993652 -0.3432401418685913
v -3.766639471054077 0.17416954040527344 -0.3536898195743569
v -3.766639471054077 0.15327048301696777 -0.332790821790696
v -3.7875382900238037 0.17416954040527344 -0.332790821790696
v -3.766639471054077 0.16373372077941895 -0.3508977591991433
v -3.766639471054077 0.16373372077941895 -0.3508977591991433
v -3.7770750522613525 0.17416954040527344 -0.3508977591991433
v -3.7766335010528564 0.16417527198791504 -0.34818568825721824
v -3.7766335010528564 0.16417527198791504 -0.34818568825721824
v -3.7770750522613525 0.15606260299682617 -0.33279079198837364
v -3.766639471054077 0.15606260299682617 -0.34322658181190574
v -3.7766335010528564 0.15877485275268555 -0.34278497099876487
v -3.7847464084625244 0.17416954040527344 -0.34322658181190574
v -3.7847464084625244 0.16373372077941895 -0.33279079198837364
v -3.7847464084625244 0.16373372077941895 -0.33279079198837364
v -3.782034397125244 0.16417527198791504 -0.34278497099876487
v -3.782034397125244 0.16417527198791504 -0.34278497099876487
v 1.4546741662966472e-8 0.2532765865325928 -0.33279067277908325
v 1.4546741662966472e-8 0.2532765865325928 -0.33279067277908325
v 1.5460266034870083e-8 0.2323777675628662 -0.35368964076042175
v 1.5460266034870083e-8 0.2323777675628662 -0.35368964076042175
v 1.5003504293007484e-8 0.2504768371582031 -0.3432401418685913
v 1.5003504293007484e-8 0.2504768371582031 -0.3432401418685913
v 1.5003504293007484e-8 0.2504768371582031 -0.3432401418685913
v 1.5003504293007484e-8 0.2504768371582031 -0.3432401418685913
v 1.5337876824370536e-8 0.2428271770477295 -0.3508897125720978
v 1.5337876824370536e-8 0.2428271770477295 -0.3508897125720978
v -3.766639471054077 0.2323777675628662 -0.3536898195743569
v -3.7875382900238037 0.2323777675628662 -0.332790821790696
v -3.766639471054077 0.2532765865325928 -0.332790821790696
v -3.7770750522613525 0.2323777675628662 -0.3508977591991433
v -3.766639471054077 0.2428133487701416 -0.3508977591991433
v -3.7766335010528564 0.2423717975616455 -0.34818568825721824
v -3.7766335010528564 0.2423717975616455 -0.34818568825721824
v -3.7847464084625244 0.2428133487701416 -0.33279079198837364
v -3.7847464084625244 0.2323777675628662 -0.34322658181190574
v -3.782034397125244 0.2423717975616455 -0.34278497099876487
v -3.766639471054077 0.2504847049713135 -0.34322658181190574
v -3.766639471054077 0.2504847049713135 -0.34322658181190574
v -3.7770750522613525 0.2504847049713135 -0.33279079198837364
v -3.7770750522613525 0.2504847049713135 -0.33279079198837364
v -3.7766335010528564 0.2477724552154541 -0.34278497099876487
v -3.7766335010528564 0.2477724552154541 -0.34278497099876487
v -3.7766335010528564 0.2477724552154541 -0.34278497099876487
v 3.688210964202881 0.2532768249511719 -0.2727287113666526
v 3.7091100215911865 0.2532768249511719 -0.2518297731876365
v 3.6986606121063232 0.2532768249511719 -0.26992878317832864
v 3.706310272216797 0.2532768249511719 -0.26227921247482217
v 3.7091100215911865 3.3363481760025024 -0.2518297731876365
v 3.688210964202881 3.3363481760025024 -0.2727287113666526
v 3.706310272216797 3.3363481760025024 -0.26227921247482217
v 3.6986606121063232 3.3363481760025024 -0.26992878317832864
v 3.412346124649048 3.3363481760025024 -0.27272874116897505
v 3.391447067260742 3.3363481760025024 -0.25182977318763655
v 3.4018964767456055 3.3363481760025024 -0.2699287831783287
v 3.394246816635132 3.3363481760025024 -0.2622792422771446
v 3.391447067260742 0.2532768249511719 -0.25182977318763655
v 3.412346124649048 0.2532768249511719 -0.27272874116897505
v 3.394246816635132 0.2532768249511719 -0.2622792422771446
v 3.4018964767456055 0.2532768249511719 -0.2699287831783287
v 3.7426254749298096 3.355260133743286 -0.28827637434005654
v 3.7426254749298096 3.355260133743286 -0.28827637434005654
v 3.71283221244812 3.3363481760025024 -0.28827637434005654
v 3.71283221244812 3.3363481760025024 -0.28827637434005654
v 3.718961477279663 3.354049801826477 -0.30917537212371743
v 3.718961477279663 3.354049801826477 -0.30917537212371743
v 3.7358977794647217 3.346037983894348 -0.28827637434005654
v 3.7389585971832275 3.3548771142959595 -0.29871213436126626
v 3.73250412940979 3.346056818962097 -0.2982705235481254
v 3.7131454944610596 3.3384917974472046 -0.29871213436126626
v 3.7131454944610596 3.3384917974472046 -0.29871213436126626
v 3.724961757659912 3.339096188545227 -0.28827637434005654
v 3.724961757659912 3.339096188545227 -0.28827637434005654
v 3.724804639816284 3.3411697149276733 -0.2982705235481254
v 3.724804639816284 3.3411697149276733 -0.2982705235481254
v 3.724804639816284 3.3411697149276733 -0.2982705235481254
v 3.7302722930908203 3.3544329404830933 -0.3063833415508262
v 3.715394973754883 3.34498929977417 -0.3063833415508262
v 3.726388931274414 3.3457441329956055 -0.30367124080657876
v 3.726388931274414 3.3457441329956055 -0.30367124080657876
v 3.921003580093384 3.7836475372314453 -0.3091753721237174
v 3.921003580093384 3.7836475372314453 -0.3091753721237174
v 3.9308788776397705 3.802765369415283 -0.2882763743400565
v 3.9308788776397705 3.802765369415283 -0.2882763743400565
v 3.9377338886260986 3.7701157331466675 -0.2882763743400565
v 3.9377338886260986 3.7701157331466675 -0.2882763743400565
v 3.925755023956299 3.793156385421753 -0.30638331174850375
v 3.925755023956299 3.793156385421753 -0.30638331174850375
v 3.929178237915039 3.7768529653549194 -0.30638331174850375
v 3.93338680267334 3.786247491836548 -0.3036712110042563
v 3.93338680267334 3.786247491836548 -0.3036712110042563
v 3.937734365463257 3.7934166193008423 -0.2882763743400565
v 3.929380178451538 3.800173759460449 -0.2987121343612662
v 3.935938835144043 3.7911880016326904 -0.29827049374580294
v 3.935319185256958 3.7718859910964966 -0.2987121343612662
v 3.9402503967285156 3.7814323902130127 -0.2882763743400565
v 3.9402503967285156 3.7814323902130127 -0.2882763743400565
v 3.9377100467681885 3.782750725746155 -0.29827049374580294
v 3.9377100467681885 3.782750725746155 -0.29827049374580294
v 3.644730806350708 4.009243965148926 -0.30917537212371743
v 3.644730806350708 4.009243965148926 -0.30917537212371743
v 3.644730806350708 4.009243965148926 -0.30917537212371743
v 3.660686731338501 4.023939847946167 -0.28827637434005654
v 3.660686731338501 4.023939847946167 -0.28827637434005654
v 3.660686731338501 4.023939847946167 -0.28827637434005654
v 3.6527090072631836 4.016592025756836 -0.30637541413307107
v 3.6527090072631836 4.016592025756836 -0.30637541413307107
v 3.6527090072631836 4.016592025756836 -0.30637541413307107
v 3.6527090072631836 4.016592025756836 -0.30637541413307107
v 3.6585490703582764 4.021970987319946 -0.2987258434295646
v 3.6585490703582764 4.021970987319946 -0.2987258434295646
v 3.3172316551208496 4.228689908981323 -0.30917540192603993
v 3.3172316551208496 4.228689908981323 -0.30917540192603993
v 3.3172316551208496 4.228689908981323 -0.30917540192603993
v 3.3318071365356445 4.24446702003479 -0.28827640414237904
v 3.3318071365356445 4.24446702003479 -0.28827640414237904
v 3.3318071365356445 4.24446702003479 -0.28827640414237904
v 3.324519395828247 4.236578583717346 -0.30637544393539357
v 3.324519395828247 4.236578583717346 -0.30637544393539357
v 3.324519395828247 4.236578583717346 -0.30637544393539357
v 3.324519395828247 4.236578583717346 -0.30637544393539357
v 3.329854726791382 4.242353439331055 -0.2987258732318871
v 3.329854726791382 4.242353439331055 -0.2987258732318871
v 2.9605326652526855 4.4309399127960205 -0.30917540192604
v 2.9605326652526855 4.4309399127960205 -0.30917540192604
v 2.9605326652526855 4.4309399127960205 -0.30917540192604
v 2.9735114574432373 4.447834730148315 -0.2882764041423791
v 2.9735114574432373 4.447834730148315 -0.2882764041423791
v 2.9735114574432373 4.447834730148315 -0.2882764041423791
v 2.967022180557251 4.439387321472168 -0.3063754439353936
v 2.967022180557251 4.439387321472168 -0.3063754439353936
v 2.967022180557251 4.439387321472168 -0.3063754439353936
v 2.967022180557251 4.439387321472168 -0.3063754439353936
v 2.9717726707458496 4.445571422576904 -0.29872587323188715
v 2.9717726707458496 4.445571422576904 -0.29872587323188715
v 2.585754871368408 4.600415945053101 -0.3091754317283625
v 2.585754871368408 4.600415945053101 -0.3091754317283625
v 2.585754871368408 4.600415945053101 -0.3091754317283625
v 2.597121477127075 4.618259429931641 -0.2882764339447016
v 2.597121477127075 4.618259429931641 -0.2882764339447016
v 2.597121477127075 4.618259429931641 -0.2882764339447016
v 2.5914382934570312 4.60933780670166 -0.3063754737377161
v 2.5914382934570312 4.60933780670166 -0.3063754737377161
v 2.5914382934570312 4.60933780670166 -0.3063754737377161
v 2.5914382934570312 4.60933780670166 -0.3063754737377161
v 2.5955986976623535 4.615868806838989 -0.29872590303420965
v 2.5955986976623535 4.615868806838989 -0.29872590303420965
v 2.2026028633117676 4.746307611465454 -0.3091754615306849
v 2.2026028633117676 4.746307611465454 -0.3091754615306849
v 2.2026028633117676 4.746307611465454 -0.3091754615306849
v 2.2122294902801514 4.765009880065918 -0.28827646374702404
v 2.2122294902801514 4.765009880065918 -0.28827646374702404
v 2.2122294902801514 4.765009880065918 -0.28827646374702404
v 2.20741605758667 4.7556586265563965 -0.30637550354003856
v 2.20741605758667 4.7556586265563965 -0.30637550354003856
v 2.20741605758667 4.7556586265563965 -0.30637550354003856
v 2.20741605758667 4.7556586265563965 -0.30637550354003856
v 2.210939645767212 4.7625041007995605 -0.2987259328365321
v 2.210939645767212 4.7625041007995605 -0.2987259328365321
v 1.8184444904327393 4.86488938331604 -0.30917546153068504
v 1.8184444904327393 4.86488938331604 -0.30917546153068504
v 1.8184444904327393 4.86488938331604 -0.30917546153068504
v 1.826343297958374 4.88429069519043 -0.28827646374702415
v 1.826343297958374 4.88429069519043 -0.28827646374702415
v 1.826343297958374 4.88429069519043 -0.28827646374702415
v 1.822393774986267 4.874589920043945 -0.3063755035400387
v 1.822393774986267 4.874589920043945 -0.3063755035400387
v 1.822393774986267 4.874589920043945 -0.3063755035400387
v 1.822393774986267 4.874589920043945 -0.3063755035400387
v 1.8252849578857422 4.881691217422485 -0.2987259328365322
v 1.8252849578857422 4.881691217422485 -0.2987259328365322
v 1.4385042190551758 4.956379175186157 -0.3091754913330075
v 1.4385042190551758 4.956379175186157 -0.3091754913330075
v 1.4385042190551758 4.956379175186157 -0.3091754913330075
v 1.4446556568145752 4.976332187652588 -0.2882764935493466
v 1.4446556568145752 4.976332187652588 -0.2882764935493466
v 1.4446556568145752 4.976332187652588 -0.2882764935493466
v 1.4415799379348755 4.966355800628662 -0.3063755333423611
v 1.4415799379348755 4.966355800628662 -0.3063755333423611
v 1.4415799379348755 4.966355800628662 -0.3063755333423611
v 1.4415799379348755 4.966355800628662 -0.3063755333423611
v 1.443831443786621 4.973658800125122 -0.29872596263885465
v 1.443831443786621 4.973658800125122 -0.29872596263885465
v 1.0654715299606323 5.025509595870972 -0.3091754913330076
v 1.0654715299606323 5.025509595870972 -0.3091754913330076
v 1.0654715299606323 5.025509595870972 -0.3091754913330076
v 1.0698872804641724 5.045881032943726 -0.2882764935493467
v 1.0698872804641724 5.045881032943726 -0.2882764935493467
v 1.0698872804641724 5.045881032943726 -0.2882764935493467
v 1.0676794052124023 5.035695314407349 -0.30637553334236123
v 1.0676794052124023 5.035695314407349 -0.30637553334236123
v 1.0676794052124023 5.035695314407349 -0.30637553334236123
v 1.0676794052124023 5.035695314407349 -0.30637553334236123
v 1.0692957639694214 5.04315185546875 -0.29872596263885476
v 1.0692957639694214 5.04315185546875 -0.29872596263885476
v 0.6995329260826112 5.0693628787994385 -0.30917552113533003
v 0.6995329260826112 5.0693628787994385 -0.30917552113533003
v 0.6995329260826112 5.0693628787994385 -0.30917552113533003
v 0.7022264599800111 5.090005159378052 -0.28827652335166914
v 0.7022264599800111 5.090005159378052 -0.28827652335166914
v 0.7022264599800111 5.090005159378052 -0.28827652335166914
v 0.7008796930313111 5.079684019088745 -0.30637556314468367
v 0.7008796930313111 5.079684019088745 -0.30637556314468367
v 0.7008796930313111 5.079684019088745 -0.30637556314468367
v 0.7008796930313111 5.079684019088745 -0.30637556314468367
v 0.7018656134605409 5.087239503860474 -0.2987259924411772
v 0.7018656134605409 5.087239503860474 -0.2987259924411772
v 0.33836802840232855 5.095738410949707 -0.30917552113533014
v 0.33836802840232855 5.095738410949707 -0.30917552113533014
v 0.33836802840232855 5.095738410949707 -0.30917552113533014
v 0.3393495380878449 5.11653995513916 -0.28827652335166926
v 0.3393495380878449 5.11653995513916 -0.28827652335166926
v 0.3393495380878449 5.11653995513916 -0.28827652335166926
v 0.3388587832450867 5.106139183044434 -0.3063755631446838
v 0.3388587832450867 5.106139183044434 -0.3063755631446838
v 0.3388587832450867 5.106139183044434 -0.3063755631446838
v 0.3388587832450867 5.106139183044434 -0.3063755631446838
v 0.3392180502414704 5.113753318786621 -0.2987259924411773
v 0.3392180502414704 5.113753318786621 -0.2987259924411773
v 3.3911287784576416 3.3363481760025024 -0.288276404142379
v 3.3911287784576416 3.3363481760025024 -0.288276404142379
v 3.3542206287384033 3.3497817516326904 -0.28827640414237904
v 3.3542206287384033 3.3497817516326904 -0.28827640414237904
v 3.3837151527404785 3.353921890258789 -0.3091754019260399
v 3.3837151527404785 3.353921890258789 -0.3091754019260399
v 3.3837151527404785 3.353921890258789 -0.3091754019260399
v 3.3837151527404785 3.353921890258789 -0.3091754019260399
v 3.3785836696624756 3.3383166790008545 -0.28827643394470137
v 3.38852596282959 3.338984489440918 -0.29858532547950667
v 3.38852596282959 3.338984489440918 -0.29858532547950667
v 3.377744197845459 3.3401721715927124 -0.29826036095619124
v 3.377744197845459 3.3401721715927124 -0.29826036095619124
v 3.377744197845459 3.3401721715927124 -0.29826036095619124
v 3.361018180847168 3.348326086997986 -0.29849275946617054
v 3.361018180847168 3.348326086997986 -0.29849275946617054
v 3.361018180847168 3.348326086997986 -0.29849275946617054
v 3.3650968074798584 3.343225359916687 -0.28827640414237904
v 3.3689818382263184 3.3431525230407715 -0.2981816530227654
v 3.3689818382263184 3.3431525230407715 -0.2981816530227654
v 3.3689818382263184 3.3431525230407715 -0.2981816530227654
v 3.3858468532562256 3.3453547954559326 -0.30612084269523543
v 3.3717052936553955 3.3498218059539795 -0.30607542395591664
v 3.3717052936553955 3.3498218059539795 -0.30607542395591664
v 3.375554084777832 3.3438504934310913 -0.303779333829879
v 3.375554084777832 3.3438504934310913 -0.303779333829879
v 3.1269240379333496 3.532321810722351 -0.28827640414237904
v 3.1269240379333496 3.532321810722351 -0.28827640414237904
v 3.1269240379333496 3.532321810722351 -0.28827640414237904
v 3.1431329250335693 3.547250747680664 -0.30917540192603993
v 3.1431329250335693 3.547250747680664 -0.30917540192603993
v 3.1290957927703857 3.534321904182434 -0.2987258732318871
v 3.1290957927703857 3.534321904182434 -0.2987258732318871
v 3.1290957927703857 3.534321904182434 -0.2987258732318871
v 3.1290957927703857 3.534321904182434 -0.2987258732318871
v 3.135028600692749 3.539786458015442 -0.30637544393539357
v 2.847813129425049 3.720575451850891 -0.28827643394470154
v 2.847813129425049 3.720575451850891 -0.28827643394470154
v 2.847813129425049 3.720575451850891 -0.28827643394470154
v 2.8625328540802 3.73650860786438 -0.30917540192604004
v 2.8625328540802 3.73650860786438 -0.30917540192604004
v 2.849785089492798 3.722709894180298 -0.2987258732318872
v 2.849785089492798 3.722709894180298 -0.2987258732318872
v 2.849785089492798 3.722709894180298 -0.2987258732318872
v 2.849785089492798 3.722709894180298 -0.2987258732318872
v 2.855172872543335 3.728541851043701 -0.3063754439353937
v 2.5437064170837402 3.8883382081985474 -0.2882764339447016
v 2.5437064170837402 3.8883382081985474 -0.2882764339447016
v 2.5437064170837402 3.8883382081985474 -0.2882764339447016
v 2.5567569732666016 3.9053268432617188 -0.3091754317283625
v 2.5567569732666016 3.9053268432617188 -0.3091754317283625
v 2.545454740524292 3.8906142711639404 -0.29872590303420965
v 2.545454740524292 3.8906142711639404 -0.29872590303420965
v 2.545454740524292 3.8906142711639404 -0.29872590303420965
v 2.545454740524292 3.8906142711639404 -0.29872590303420965
v 2.550231695175171 3.8968324661254883 -0.3063754737377161
v 2.2242424488067627 4.0328967571258545 -0.28827643394470165
v 2.2242424488067627 4.0328967571258545 -0.28827643394470165
v 2.2242424488067627 4.0328967571258545 -0.28827643394470165
v 2.2356507778167725 4.050806283950806 -0.30917543172836254
v 2.2356507778167725 4.050806283950806 -0.30917543172836254
v 2.2257707118988037 4.035296201705933 -0.2987259030342097
v 2.2257707118988037 4.035296201705933 -0.2987259030342097
v 2.2257707118988037 4.035296201705933 -0.2987259030342097
v 2.2257707118988037 4.035296201705933 -0.2987259030342097
v 2.2299466133117676 4.04185152053833 -0.3063754737377162
v 1.897562026977539 4.153688073158264 -0.2882764637470241
v 1.897562026977539 4.153688073158264 -0.2882764637470241
v 1.897562026977539 4.153688073158264 -0.2882764637470241
v 1.9072059392929077 4.172423839569092 -0.309175461530685
v 1.9072059392929077 4.172423839569092 -0.309175461530685
v 1.8988540172576904 4.156198024749756 -0.29872593283653215
v 1.8988540172576904 4.156198024749756 -0.29872593283653215
v 1.8988540172576904 4.156198024749756 -0.29872593283653215
v 1.8988540172576904 4.156198024749756 -0.29872593283653215
v 1.9023839235305786 4.163055896759033 -0.3063755035400386
v 1.570037841796875 4.254737496376038 -0.2882764935493466
v 1.570037841796875 4.254737496376038 -0.2882764935493466
v 1.570037841796875 4.254737496376038 -0.2882764935493466
v 1.5779454708099365 4.2741605043411255 -0.3091754913330075
v 1.5779454708099365 4.2741605043411255 -0.3091754913330075
v 1.5710972547531128 4.257339358329773 -0.29872596263885465
v 1.5710972547531128 4.257339358329773 -0.29872596263885465
v 1.5710972547531128 4.257339358329773 -0.29872596263885465
v 1.5710972547531128 4.257339358329773 -0.29872596263885465
v 1.5739915370941162 4.264448881149292 -0.3063755333423611
v 1.2460774183273315 4.332216501235962 -0.28827649354934665
v 1.2460774183273315 4.332216501235962 -0.28827649354934665
v 1.2460774183273315 4.332216501235962 -0.28827649354934665
v 1.2522326707839966 4.352181673049927 -0.30917549133300753
v 1.2522326707839966 4.352181673049927 -0.30917549133300753
v 1.2469019889831543 4.334891080856323 -0.2987259626388547
v 1.2469019889831543 4.334891080856323 -0.2987259626388547
v 1.2469019889831543 4.334891080856323 -0.2987259626388547
v 1.2469019889831543 4.334891080856323 -0.2987259626388547
v 1.249155044555664 4.342198848724365 -0.3063755333423612
v 0.9279897809028627 4.391253709793091 -0.2882765233516691
v 0.9279897809028627 4.391253709793091 -0.2882765233516691
v 0.9279897809028627 4.391253709793091 -0.2882765233516691
v 0.9324072003364564 4.411633014678955 -0.30917552113533
v 0.9324072003364564 4.411633014678955 -0.30917552113533
v 0.9285816550254823 4.393983840942383 -0.29872599244117715
v 0.9285816550254823 4.393983840942383 -0.29872599244117715
v 0.9285816550254823 4.393983840942383 -0.29872599244117715
v 0.9285816550254823 4.393983840942383 -0.29872599244117715
v 0.9301985502243043 4.401443243026733 -0.3063755631446836
v 0.6159348487854005 4.428703784942627 -0.2882765233516692
v 0.6159348487854005 4.428703784942627 -0.2882765233516692
v 0.6159348487854005 4.428703784942627 -0.2882765233516692
v 0.6186292171478273 4.449352025985718 -0.3091755211353301
v 0.6186292171478273 4.449352025985718 -0.3091755211353301
v 0.6162958145141603 4.431469917297363 -0.29872599244117726
v 0.6162958145141603 4.431469917297363 -0.29872599244117726
v 0.6162958145141603 4.431469917297363 -0.29872599244117726
v 0.6162958145141603 4.431469917297363 -0.29872599244117726
v 0.6172820329666139 4.439028024673462 -0.3063755631446837
v 0.307939499616623 4.450870037078857 -0.28827655315399164
v 0.307939499616623 4.450870037078857 -0.28827655315399164
v 0.30892118811607366 4.471674919128418 -0.30917552113533014
v 0.30892118811607366 4.471674919128418 -0.30917552113533014
v 0.3080710172653199 4.453656911849976 -0.2987260222434997
v 0.3080710172653199 4.453656911849976 -0.2987260222434997
v 0.3084303438663483 4.461272239685059 -0.30637559294700617
v 1.7838878631591797 4.26057767868042 -0.12410974502563436
v 1.7629889249801636 4.26057767868042 -0.14500869810581168
v 1.7810879945755005 4.26057767868042 -0.13455921411514243
v 1.7734384536743164 4.26057767868042 -0.14220875501632652
v 1.7629889249801636 0.2532768249511719 -0.14500872790813407
v 1.7838878631591797 0.2532768249511719 -0.12410977482795675
v 1.7734384536743164 0.2532768249511719 -0.1422087848186489
v 1.7810879945755005 0.2532768249511719 -0.13455922901630363
v 1.5497336387634277 0.2532768249511719 -0.124109789729118
v 1.5706325769424438 0.2532768249511719 -0.1450087428092953
v 1.552533507347107 0.2532768249511719 -0.13455924391746488
v 1.560183048248291 0.2532768249511719 -0.14220879971981015
v 1.5706325769424438 4.26057767868042 -0.1450087130069729
v 1.5497336387634277 4.26057767868042 -0.12410975992679561
v 1.560183048248291 4.26057767868042 -0.14220876991748777
v 1.552533507347107 4.26057767868042 -0.13455922901630368
v 0.16968917846679693 5.124253511428833 -0.28827655315399164
v 0.16968917846679693 5.124253511428833 -0.28827655315399164
v 0.16968917846679693 5.124253511428833 -0.28827655315399164
v 0.16919888556003576 5.103422164916992 -0.30917552113533014
v 0.16919888556003576 5.103422164916992 -0.30917552113533014
v 0.16919888556003576 5.103422164916992 -0.30917552113533014
v 0.16962349414825445 5.12146258354187 -0.2987260222434997
v 0.16962349414825445 5.12146258354187 -0.2987260222434997
v 0.16944403946399694 5.113837957382202 -0.30637559294700617
v 0.16944403946399694 5.113837957382202 -0.30637559294700617
v 0.16944403946399694 5.113837957382202 -0.30637559294700617
v 0.16944403946399694 5.113837957382202 -0.30637559294700617
v 3.8094418048858643 3.908703327178955 -0.28827637434005654
v 3.8094418048858643 3.908703327178955 -0.28827637434005654
v 3.8094418048858643 3.908703327178955 -0.28827637434005654
v 3.8022704124450684 3.8872169256210327 -0.30917537212371743
v 3.8022704124450684 3.8872169256210327 -0.30917537212371743
v 3.8022704124450684 3.8872169256210327 -0.30917537212371743
v 3.8022704124450684 3.8872169256210327 -0.30917537212371743
v 3.8022704124450684 3.8872169256210327 -0.30917537212371743
v 3.8084771633148193 3.905824899673462 -0.2987258434295646
v 3.8084771633148193 3.905824899673462 -0.2987258434295646
v 3.805852174758911 3.8979601860046387 -0.30637541413307107
v 3.805852174758911 3.8979601860046387 -0.30637541413307107
v 3.805852174758911 3.8979601860046387 -0.30637541413307107
v 3.805852174758911 3.8979601860046387 -0.30637541413307107
v 3.497490644454956 4.140247225761414 -0.2882763743400566
v 3.497490644454956 4.140247225761414 -0.2882763743400566
v 3.497490644454956 4.140247225761414 -0.2882763743400566
v 3.4822754859924316 4.124959588050842 -0.3091754019260399
v 3.4822754859924316 4.124959588050842 -0.3091754019260399
v 3.4822754859924316 4.124959588050842 -0.3091754019260399
v 3.4954521656036377 4.138199090957642 -0.29872584342956465
v 3.4954521656036377 4.138199090957642 -0.29872584342956465
v 3.4898831844329834 4.132603406906128 -0.3063754141330711
v 3.4898831844329834 4.132603406906128 -0.3063754141330711
v 3.4898831844329834 4.132603406906128 -0.3063754141330711
v 3.4898831844329834 4.132603406906128 -0.3063754141330711
v 3.153690814971924 4.349715232849121 -0.28827640414237904
v 3.153690814971924 4.349715232849121 -0.28827640414237904
v 3.153690814971924 4.349715232849121 -0.28827640414237904
v 3.1399223804473877 4.333360552787781 -0.30917540192603993
v 3.1399223804473877 4.333360552787781 -0.30917540192603993
v 3.1399223804473877 4.333360552787781 -0.30917540192603993
v 3.151846170425415 4.347523927688599 -0.2987258732318871
v 3.151846170425415 4.347523927688599 -0.2987258732318871
v 3.146806478500366 4.341537714004517 -0.30637544393539357
v 3.146806478500366 4.341537714004517 -0.30637544393539357
v 3.146806478500366 4.341537714004517 -0.30637544393539357
v 3.146806478500366 4.341537714004517 -0.30637544393539357
v 2.7861618995666504 4.536660671234131 -0.28827643394470154
v 2.7861618995666504 4.536660671234131 -0.28827643394470154
v 2.7861618995666504 4.536660671234131 -0.28827643394470154
v 2.7739927768707275 4.519270420074463 -0.3091754317283624
v 2.7739927768707275 4.519270420074463 -0.3091754317283624
v 2.7739927768707275 4.519270420074463 -0.3091754317283624
v 2.784531593322754 4.5343310832977295 -0.2987259030342096
v 2.784531593322754 4.5343310832977295 -0.2987259030342096
v 2.7800774574279785 4.527965545654297 -0.30637547373771606
v 2.7800774574279785 4.527965545654297 -0.30637547373771606
v 2.7800774574279785 4.527965545654297 -0.30637547373771606
v 2.7800774574279785 4.527965545654297 -0.30637547373771606
v 2.4052741527557373 4.694957971572876 -0.2882764339447016
v 2.4052741527557373 4.694957971572876 -0.2882764339447016
v 2.4052741527557373 4.694957971572876 -0.2882764339447016
v 2.394782066345215 4.676663875579834 -0.3091754317283625
v 2.394782066345215 4.676663875579834 -0.3091754317283625
v 2.394782066345215 4.676663875579834 -0.3091754317283625
v 2.4038684368133545 4.692507266998291 -0.29872590303420965
v 2.4038684368133545 4.692507266998291 -0.29872590303420965
v 2.4000282287597656 4.685811281204224 -0.3063754737377161
v 2.4000282287597656 4.685811281204224 -0.3063754737377161
v 2.4000282287597656 4.685811281204224 -0.3063754737377161
v 2.4000282287597656 4.685811281204224 -0.3063754737377161
v 2.019782066345215 4.828006744384766 -0.2882764637470241
v 2.019782066345215 4.828006744384766 -0.2882764637470241
v 2.019782066345215 4.828006744384766 -0.2882764637470241
v 2.011021852493286 4.808934211730957 -0.309175461530685
v 2.011021852493286 4.808934211730957 -0.309175461530685
v 2.011021852493286 4.808934211730957 -0.309175461530685
v 2.018608570098877 4.825451612472534 -0.29872593283653215
v 2.018608570098877 4.825451612472534 -0.29872593283653215
v 2.01540207862854 4.818470478057861 -0.3063755035400386
v 2.01540207862854 4.818470478057861 -0.3063755035400386
v 2.01540207862854 4.818470478057861 -0.3063755035400386
v 2.01540207862854 4.818470478057861 -0.3063755035400386
v 1.6358479261398315 4.933511972427368 -0.28827646374702415
v 1.6358479261398315 4.933511972427368 -0.28827646374702415
v 1.6358479261398315 4.933511972427368 -0.28827646374702415
v 1.6288249492645264 4.913814544677734 -0.30917546153068504
v 1.6288249492645264 4.913814544677734 -0.30917546153068504
v 1.6288249492645264 4.913814544677734 -0.30917546153068504
v 1.6349071264266968 4.930873155593872 -0.2987259328365322
v 1.6349071264266968 4.930873155593872 -0.2987259328365322
v 1.6323364973068237 4.923663139343262 -0.3063755035400387
v 1.6323364973068237 4.923663139343262 -0.3063755035400387
v 1.6323364973068237 4.923663139343262 -0.3063755035400387
v 1.6323364973068237 4.923663139343262 -0.3063755035400387
v 1.2575371265411377 5.0142927169799805 -0.28827649354934665
v 1.2575371265411377 5.0142927169799805 -0.28827649354934665
v 1.2575371265411377 5.0142927169799805 -0.28827649354934665
v 1.2522552013397217 4.9941112995147705 -0.30917549133300753
v 1.2522552013397217 4.9941112995147705 -0.30917549133300753
v 1.2522552013397217 4.9941112995147705 -0.30917549133300753
v 1.2568295001983643 5.01158881187439 -0.2987259626388547
v 1.2568295001983643 5.01158881187439 -0.2987259626388547
v 1.2548962831497192 5.004202127456665 -0.3063755333423612
v 1.2548962831497192 5.004202127456665 -0.3063755333423612
v 1.2548962831497192 5.004202127456665 -0.3063755333423612
v 1.2548962831497192 5.004202127456665 -0.3063755333423612
v 0.8862158060073854 5.0710248947143555 -0.2882765233516691
v 0.8862158060073854 5.0710248947143555 -0.2882765233516691
v 0.8862158060073854 5.0710248947143555 -0.2882765233516691
v 0.8826622962951661 5.050499677658081 -0.30917552113533
v 0.8826622962951661 5.050499677658081 -0.30917552113533
v 0.8826622962951661 5.050499677658081 -0.30917552113533
v 0.8857396841049195 5.068274736404419 -0.29872599244117715
v 0.8857396841049195 5.068274736404419 -0.29872599244117715
v 0.884438991546631 5.060762166976929 -0.3063755631446836
v 0.884438991546631 5.060762166976929 -0.3063755631446836
v 0.884438991546631 5.060762166976929 -0.3063755631446836
v 0.884438991546631 5.060762166976929 -0.3063755631446836
v 0.5208626985549928 5.106063604354858 -0.2882765233516692
v 0.5208626985549928 5.106063604354858 -0.2882765233516692
v 0.5208626985549928 5.106063604354858 -0.2882765233516692
v 0.5190261602401735 5.085325002670288 -0.3091755211353301
v 0.5190261602401735 5.085325002670288 -0.3091755211353301
v 0.5190261602401735 5.085325002670288 -0.3091755211353301
v 0.52061665058136 5.10328483581543 -0.29872599244117726
v 0.52061665058136 5.10328483581543 -0.29872599244117726
v 0.5199444293975831 5.095694303512573 -0.3063755631446837
v 0.5199444293975831 5.095694303512573 -0.3063755631446837
v 0.5199444293975831 5.095694303512573 -0.3063755631446837
v 0.5199444293975831 5.095694303512573 -0.3063755631446837
v 0.15447269380092626 4.477745056152344 -0.30917552113533014
v 0.15447269380092626 4.477745056152344 -0.30917552113533014
v 0.1539823859930039 4.456913709640503 -0.28827655315399164
v 0.1539823859930039 4.456913709640503 -0.28827655315399164
v 0.1539823859930039 4.456913709640503 -0.28827655315399164
v 0.15422753989696508 4.467329502105713 -0.30637559294700617
v 0.15404808521270758 4.459704875946045 -0.2987260222434997
v 0.15404808521270758 4.459704875946045 -0.2987260222434997
v 0.15404808521270758 4.459704875946045 -0.2987260222434997
v 0.15404808521270758 4.459704875946045 -0.2987260222434997
v 3.268446922302246 3.450435996055603 -0.30917540192603993
v 3.268446922302246 3.450435996055603 -0.30917540192603993
v 3.268446922302246 3.450435996055603 -0.30917540192603993
v 3.268446922302246 3.450435996055603 -0.30917540192603993
v 3.251436471939087 3.436026453971863 -0.28827640414237904
v 3.251436471939087 3.436026453971863 -0.28827640414237904
v 3.251436471939087 3.436026453971863 -0.28827640414237904
v 3.259941816329956 3.4432313442230225 -0.30637544393539357
v 3.259941816329956 3.4432313442230225 -0.30637544393539357
v 3.2537155151367188 3.4379571676254272 -0.2987258732318871
v 3.2537155151367188 3.4379571676254272 -0.2987258732318871
v 3.2537155151367188 3.4379571676254272 -0.2987258732318871
v 3.2537155151367188 3.4379571676254272 -0.2987258732318871
v 3.003831386566162 3.6442407369613647 -0.30917540192604
v 3.003831386566162 3.6442407369613647 -0.30917540192604
v 2.988436460494995 3.628772497177124 -0.2882764041423791
v 2.988436460494995 3.628772497177124 -0.2882764041423791
v 2.988436460494995 3.628772497177124 -0.2882764041423791
v 2.996133804321289 3.636506676673889 -0.3063754439353936
v 2.9904990196228027 3.630844831466675 -0.29872587323188715
v 2.9904990196228027 3.630844831466675 -0.29872587323188715
v 2.9904990196228027 3.630844831466675 -0.29872587323188715
v 2.9904990196228027 3.630844831466675 -0.29872587323188715
v 2.710552930831909 3.823343276977539 -0.3091754317283624
v 2.710552930831909 3.823343276977539 -0.3091754317283624
v 2.696682929992676 3.806868076324463 -0.28827643394470154
v 2.696682929992676 3.806868076324463 -0.28827643394470154
v 2.696682929992676 3.806868076324463 -0.28827643394470154
v 2.703617811203003 3.815105676651001 -0.30637547373771606
v 2.6985411643981934 3.809075355529785 -0.2987259030342096
v 2.6985411643981934 3.809075355529785 -0.2987259030342096
v 2.6985411643981934 3.809075355529785 -0.2987259030342096
v 2.6985411643981934 3.809075355529785 -0.2987259030342096
v 2.3969030380249023 3.9803855419158936 -0.3091754317283625
v 2.3969030380249023 3.9803855419158936 -0.3091754317283625
v 2.3846817016601562 3.9629210233688354 -0.2882764339447016
v 2.3846817016601562 3.9629210233688354 -0.2882764339447016
v 2.3846817016601562 3.9629210233688354 -0.2882764339447016
v 2.3907923698425293 3.9716532230377197 -0.3063754737377161
v 2.3863189220428467 3.965260624885559 -0.29872590303420965
v 2.3863189220428467 3.965260624885559 -0.29872590303420965
v 2.3863189220428467 3.965260624885559 -0.29872590303420965
v 2.3863189220428467 3.965260624885559 -0.29872590303420965
v 2.0719151496887207 4.113715052604675 -0.309175461530685
v 2.0719151496887207 4.113715052604675 -0.309175461530685
v 2.061396598815918 4.095374941825867 -0.2882764637470241
v 2.061396598815918 4.095374941825867 -0.2882764637470241
v 2.061396598815918 4.095374941825867 -0.2882764637470241
v 2.0666558742523193 4.104544997215271 -0.3063755035400386
v 2.062805652618408 4.097832083702087 -0.29872593283653215
v 2.062805652618408 4.097832083702087 -0.29872593283653215
v 2.062805652618408 4.097832083702087 -0.29872593283653215
v 2.062805652618408 4.097832083702087 -0.29872593283653215
v 1.742963433265686 4.225328803062439 -0.30917546153068504
v 1.742963433265686 4.225328803062439 -0.30917546153068504
v 1.7341926097869873 4.206233501434326 -0.28827646374702415
v 1.7341926097869873 4.206233501434326 -0.28827646374702415
v 1.7341926097869873 4.206233501434326 -0.28827646374702415
v 1.738577961921692 4.215780735015869 -0.3063755035400387
v 1.7353675365447998 4.208791494369507 -0.2987259328365322
v 1.7353675365447998 4.208791494369507 -0.2987259328365322
v 1.7353675365447998 4.208791494369507 -0.2987259328365322
v 1.7353675365447998 4.208791494369507 -0.2987259328365322
v 1.415377140045166 4.31515645980835 -0.3091754913330075
v 1.415377140045166 4.31515645980835 -0.3091754913330075
v 1.408349633216858 4.295446395874023 -0.2882764935493466
v 1.408349633216858 4.295446395874023 -0.2882764935493466
v 1.408349633216858 4.295446395874023 -0.2882764935493466
v 1.4118633270263672 4.305301308631897 -0.3063755333423611
v 1.4092910289764404 4.298086762428284 -0.29872596263885465
v 1.4092910289764404 4.298086762428284 -0.29872596263885465
v 1.4092910289764404 4.298086762428284 -0.29872596263885465
v 1.4092910289764404 4.298086762428284 -0.29872596263885465
v 1.0925389528274536 4.38386607170105 -0.3091754913330076
v 1.0925389528274536 4.38386607170105 -0.3091754913330076
v 1.0872553586959839 4.363678932189941 -0.2882764935493467
v 1.0872553586959839 4.363678932189941 -0.2882764935493467
v 1.0872553586959839 4.363678932189941 -0.2882764935493467
v 1.0898971557617188 4.373772621154785 -0.30637553334236123
v 1.0879632234573364 4.3663835525512695 -0.29872596263885476
v 1.0879632234573364 4.3663835525512695 -0.29872596263885476
v 1.0879632234573364 4.3663835525512695 -0.29872596263885476
v 1.0879632234573364 4.3663835525512695 -0.29872596263885476
v 0.7756522893905641 4.432392597198486 -0.30917552113533003
v 0.7756522893905641 4.432392597198486 -0.30917552113533003
v 0.7720983028411866 4.4118640422821045 -0.28827652335166914
v 0.7720983028411866 4.4118640422821045 -0.28827652335166914
v 0.7720983028411866 4.4118640422821045 -0.28827652335166914
v 0.7738752365112306 4.422128200531006 -0.30637556314468367
v 0.7725744247436525 4.414614200592041 -0.2987259924411772
v 0.7725744247436525 4.414614200592041 -0.2987259924411772
v 0.7725744247436525 4.414614200592041 -0.2987259924411772
v 0.7725744247436525 4.414614200592041 -0.2987259924411772
v 0.46383696794509893 4.462160587310791 -0.3091755211353301
v 0.46383696794509893 4.462160587310791 -0.3091755211353301
v 0.46200028061866766 4.4414215087890625 -0.2882765233516692
v 0.46200028061866766 4.4414215087890625 -0.2882765233516692
v 0.46200028061866766 4.4414215087890625 -0.2882765233516692
v 0.4629186391830445 4.451791048049927 -0.3063755631446837
v 0.46224632859230047 4.444200038909912 -0.29872599244117726
v 0.46224632859230047 4.444200038909912 -0.29872599244117726
v 0.46224632859230047 4.444200038909912 -0.29872599244117726
v 0.46224632859230047 4.444200038909912 -0.29872599244117726
v 3.6194331645965576 0.15327119827270508 -0.2518260180950157
v 3.598534345626831 0.15327119827270508 -0.2727249860763542
v 3.616633176803589 0.15327119827270508 -0.26227551698684615
v 3.6089835166931152 0.15327119827270508 -0.26992505788803023
v 3.598534345626831 0.000001430511474609375 -0.2518260180950157
v 3.598534345626831 0.020900249481201172 -0.2727249860763542
v 3.6194331645965576 0.020900249481201172 -0.2518260180950157
v 3.598534107208252 0.0027933120727539062 -0.2622617781162254
v 3.6089696884155273 0.0027933120727539062 -0.2518260180950157
v 3.6085281372070312 0.005505561828613281 -0.26182013750076216
v 3.6089696884155273 0.020900249481201172 -0.26993295550346297
v 3.598534107208252 0.010464668273925781 -0.26993295550346297
v 3.598534107208252 0.010464668273925781 -0.26993295550346297
v 3.6085281372070312 0.010906219482421875 -0.26722085475921553
v 3.6085281372070312 0.010906219482421875 -0.26722085475921553
v 3.61664080619812 0.010464668273925781 -0.2518260180950157
v 3.61664080619812 0.010464668273925781 -0.2518260180950157
v 3.61664080619812 0.020900249481201172 -0.2622617781162254
v 3.61392879486084 0.010906219482421875 -0.26182013750076216
v 3.61392879486084 0.010906219482421875 -0.26182013750076216
v 3.766639471054077 0.17416954040527344 -0.353689491748809
v 3.7875382900238037 0.17416954040527344 -0.3327904939651481
v 3.766639471054077 0.15327048301696777 -0.3327904939651481
v 3.7770750522613525 0.17416954040527344 -0.35089743137359536
v 3.766639471054077 0.16373372077941895 -0.35089743137359536
v 3.766639471054077 0.16373372077941895 -0.35089743137359536
v 3.7766335010528564 0.16417527198791504 -0.3481853306293479
v 3.7766335010528564 0.16417527198791504 -0.3481853306293479
v 3.7847464084625244 0.16373372077941895 -0.3327904641628257
v 3.7847464084625244 0.16373372077941895 -0.3327904641628257
v 3.7847464084625244 0.17416954040527344 -0.3432262539863578
v 3.782034397125244 0.16417527198791504 -0.34278461337089455
v 3.782034397125244 0.16417527198791504 -0.34278461337089455
v 3.766639471054077 0.15606260299682617 -0.3432262539863578
v 3.7770750522613525 0.15606260299682617 -0.3327904641628257
v 3.7766335010528564 0.15877485275268555 -0.34278461337089455
v 3.766639471054077 0.2323777675628662 -0.353689491748809
v 3.766639471054077 0.2532765865325928 -0.3327904939651481
v 3.7875382900238037 0.2323777675628662 -0.3327904939651481
v 3.766639471054077 0.2428133487701416 -0.35089743137359536
v 3.7770750522613525 0.2323777675628662 -0.35089743137359536
v 3.7766335010528564 0.2423717975616455 -0.3481853306293479
v 3.7770750522613525 0.2504847049713135 -0.3327904641628257
v 3.7770750522613525 0.2504847049713135 -0.3327904641628257
v 3.766639471054077 0.2504847049713135 -0.3432262539863578
v 3.766639471054077 0.2504847049713135 -0.3432262539863578
v 3.7766335010528564 0.2477724552154541 -0.34278461337089455
v 3.7766335010528564 0.2477724552154541 -0.34278461337089455
v 3.7766335010528564 0.2477724552154541 -0.34278461337089455
v 3.7847464084625244 0.2323777675628662 -0.3432262539863578
v 3.7847464084625244 0.2428133487701416 -0.3327904641628257
v 3.782034397125244 0.2423717975616455 -0.34278461337089455
v 3.782034397125244 0.2423717975616455 -0.34278461337089455
v -3.391446828842163 0.2532765865325928 -0.08660352975130156
v -3.391446828842163 0.2532765865325928 0.08661032468080446
v 3.785554111646801e-9 0.2532765865325928 -0.08660338073968887
v 3.785554111646801e-9 0.2532765865325928 -0.08660338073968887
v -3.7858636418276395e-9 0.2532765865325928 0.08661046624183655
v -3.7858636418276395e-9 0.2532765865325928 0.08661046624183655
v -3.391446828842163 0.36092913150787354 0.06888584792613908
v -3.391446828842163 0.36092913150787354 -0.06887905299663619
v -3.391446828842163 3.4122462272644043 0.06888584792613908
v -3.391446828842163 3.4122462272644043 -0.06887905299663619
v 2.5337512217150576e-9 4.461021423339844 -0.0579654723405838
v 2.5337512217150576e-9 4.461021423339844 -0.0579654723405838
v -2.534152012228983e-9 4.461021423339844 0.057974640280008316
v -2.534152012228983e-9 4.461021423339844 0.057974640280008316
v -3.1726186275482178 3.521611452102661 -0.05796561017632555
v -3.1726186275482178 3.521611452102661 0.057974502444266565
v -2.888598680496216 3.712653160095215 -0.05796559900045459
v -2.888598680496216 3.712653160095215 0.05797451362013753
v -2.579362630844116 3.8821916580200195 -0.05796558782458363
v -2.579362630844116 3.8821916580200195 0.05797452479600849
v -2.2549033164978027 4.028101205825806 -0.05796556919813206
v -2.2549033164978027 4.028101205825806 0.057974543422460056
v -1.9235912561416626 4.149851083755493 -0.057965558022261096
v -1.9235912561416626 4.149851083755493 0.05797455459833102
v -1.5914990901947021 4.25360107421875 -0.057965543121099826
v -1.5914990901947021 4.25360107421875 0.05797456949949229
v -1.2630339860916138 4.3316755294799805 -0.057965528219938556
v -1.2630339860916138 4.3316755294799805 0.05797458440065356
v -0.9404534697532654 4.391164302825928 -0.05796551331877729
v -0.9404534697532654 4.391164302825928 0.057974599301814825
v -0.6240055561065674 4.4289140701293945 -0.05796550214290633
v -0.6240055561065674 4.4289140701293945 0.05797461047768579
v -0.3121525049209595 4.451221942901611 -0.057965487241745065
v -0.3121525049209595 4.451221942901611 0.05797462537884705
v -1.7838886976242065 0.36092913150787354 0.0688859149813648
v -1.7838886976242065 0.36092913150787354 -0.06887897849082987
v -1.7838886976242065 4.190532207489014 0.0688859149813648
v -1.7838886976242065 4.190532207489014 -0.06887897849082987
v -1.5497336387634277 0.36092913150787354 0.06888592243194545
v -1.5497336387634277 0.36092913150787354 -0.06887897104024922
v -1.5497336387634277 4.287347912788391 0.06888592243194545
v -1.5497336387634277 4.287347912788391 -0.06887897104024922
v -0.1564169079065323 4.458413600921631 -0.05796547979116443
v -0.1564169079065323 4.458413600921631 0.057974632829427684
v -3.2975099086761475 3.4258768558502197 -0.05796561762690618
v -3.2975099086761475 3.4258768558502197 0.05797449499368594
v -3.0317821502685547 3.6205488443374634 -0.05796560645103522
v -3.0317821502685547 3.6205488443374634 0.0579745061695569
v -2.734987258911133 3.800893545150757 -0.05796559527516426
v -2.734987258911133 3.800893545150757 0.057974517345427856
v -2.418072462081909 3.9588639736175537 -0.05796558037400299
v -2.418072462081909 3.9588639736175537 0.057974532246589126
v -2.0899956226348877 4.092920780181885 -0.05796556174755143
v -2.0899956226348877 4.092920780181885 0.05797455087304069
v -1.758457899093628 4.204773664474487 -0.05796555057168046
v -1.758457899093628 4.204773664474487 0.05797456204891166
v -1.4277756214141846 4.2948620319366455 -0.057965535670519194
v -1.4277756214141846 4.2948620319366455 0.05797457695007292
v -1.1023961305618286 4.363628625869751 -0.057965520769357924
v -1.1023961305618286 4.363628625869751 0.05797459185123419
v -0.7823824882507324 4.412297487258911 -0.05796550959348696
v -0.7823824882507324 4.412297487258911 0.05797460302710516
v -0.46819552779197693 4.442321062088013 -0.057965494692325696
v -0.46819552779197693 4.442321062088013 0.05797461792826642
v -3.366652250289917 3.369446635246277 -0.05796562135219649
v -3.366652250289917 3.369446635246277 0.05797449126839563
v 3.391446828842163 0.2532765865325928 -0.08660323917865678
v 3.391446828842163 0.2532765865325928 0.08661061525344924
v 3.391446828842163 0.36092913150787354 0.06888613849878386
v 3.391446828842163 0.36092913150787354 -0.06887876242399141
v 3.391446828842163 3.4122462272644043 0.06888613849878386
v 3.391446828842163 3.4122462272644043 -0.06887876242399141
v 3.1726186275482178 3.521611452102661 -0.05796533450484205
v 3.1726186275482178 3.521611452102661 0.05797477811575007
v 2.888598680496216 3.712653160095215 -0.057965349406003314
v 2.888598680496216 3.712653160095215 0.057974763214588804
v 2.579362630844116 3.8821916580200195 -0.05796536058187427
v 2.579362630844116 3.8821916580200195 0.057974752038717846
v 2.2549033164978027 4.028101205825806 -0.05796537548303554
v 2.2549033164978027 4.028101205825806 0.057974737137556576
v 1.9235912561416626 4.149851083755493 -0.057965390384196805
v 1.9235912561416626 4.149851083755493 0.05797472223639531
v 1.5914990901947021 4.25360107421875 -0.057965405285358075
v 1.5914990901947021 4.25360107421875 0.05797470733523404
v 1.2630339860916138 4.3316755294799805 -0.05796541646122905
v 1.2630339860916138 4.3316755294799805 0.05797469615936307
v 0.9404534697532654 4.391164302825928 -0.05796543136239031
v 0.9404534697532654 4.391164302825928 0.05797468125820181
v 0.6240055561065674 4.4289140701293945 -0.05796544626355157
v 0.6240055561065674 4.4289140701293945 0.057974666357040544
v 0.3121525049209595 4.451221942901611 -0.057965461164712836
v 0.3121525049209595 4.451221942901611 0.05797465145587928
v 1.7838886976242065 0.36092913150787354 0.06888606399297754
v 1.7838886976242065 0.36092913150787354 -0.06887882947921713
v 1.7838886976242065 4.190532207489014 0.06888606399297754
v 1.7838886976242065 4.190532207489014 -0.06887882947921713
v 1.5497336387634277 0.36092913150787354 0.06888606399297749
v 1.5497336387634277 0.36092913150787354 -0.06887883692979778
v 1.5497336387634277 4.287347912788391 0.06888606399297749
v 1.5497336387634277 4.287347912788391 -0.06887883692979778
v 0.1564169079065323 4.458413600921631 -0.05796546489000317
v 0.1564169079065323 4.458413600921631 0.05797464773058895
v 3.2975099086761475 3.4258768558502197 -0.057965327054261426
v 3.2975099086761475 3.4258768558502197 0.05797478556633069
v 3.0317821502685547 3.6205488443374634 -0.05796534195542268
v 3.0317821502685547 3.6205488443374634 0.057974770665169435
v 2.734987258911133 3.800893545150757 -0.05796535313129364
v 2.734987258911133 3.800893545150757 0.05797475948929848
v 2.418072462081909 3.9588639736175537 -0.05796536430716461
v 2.418072462081909 3.9588639736175537 0.057974748313427506
v 2.0899956226348877 4.092920780181885 -0.05796538293361617
v 2.0899956226348877 4.092920780181885 0.057974729686975944
v 1.758457899093628 4.204773664474487 -0.05796539783477744
v 1.758457899093628 4.204773664474487 0.057974714785814674
v 1.4277756214141846 4.2948620319366455 -0.05796541273593871
v 1.4277756214141846 4.2948620319366455 0.05797469988465341
v 1.1023961305618286 4.363628625869751 -0.05796542391180968
v 1.1023961305618286 4.363628625869751 0.05797468870878244
v 0.7823824882507324 4.412297487258911 -0.05796543881297094
v 0.7823824882507324 4.412297487258911 0.057974673807621176
v 0.46819552779197693 4.442321062088013 -0.057965453714132205
v 0.46819552779197693 4.442321062088013 0.05797465890645991
v 3.366652250289917 3.369446635246277 -0.05796532332897111
v 3.366652250289917 3.369446635246277 0.057974789291621004
v -3.391446828842163 0.3400304317474365 0.08661032468080446
v -3.391446828842163 0.36092936992645264 0.06571135669946596
v -3.391446828842163 0.35047996044158936 0.08381038904189989
v -3.391446828842163 0.358129620552063 0.07616083323955461
v -3.391446828842163 0.36092936992645264 -0.06570456176996306
v -3.391446828842163 0.3400304317474365 -0.08660352975130156
v -3.391446828842163 0.358129620552063 -0.07615403831005171
v -3.391446828842163 0.35047996044158936 -0.08380358666181639
v -3.7858636418276395e-9 0.3400304317474365 0.08661046624183655
v -3.7858636418276395e-9 0.3400304317474365 0.08661046624183655
v -2.872340824236263e-9 0.36092936992645264 0.06571149826049805
v -2.872340824236263e-9 0.36092936992645264 0.06571149826049805
v -3.663474653372696e-9 0.35047996044158936 0.08381053060293198
v -3.663474653372696e-9 0.35047996044158936 0.08381053060293198
v -3.329102344054252e-9 0.358129620552063 0.0761609748005867
v -3.329102344054252e-9 0.358129620552063 0.0761609748005867
v 2.8720310720108195e-9 0.36092936992645264 -0.06570441275835037
v 2.8720310720108195e-9 0.36092936992645264 -0.06570441275835037
v 3.785554111646801e-9 0.3400304317474365 -0.08660338073968887
v 3.785554111646801e-9 0.3400304317474365 -0.08660338073968887
v 3.3287925918288084e-9 0.358129620552063 -0.07615388929843903
v 3.3287925918288084e-9 0.358129620552063 -0.07615388929843903
v 3.6631649011472523e-9 0.35047996044158936 -0.0838034451007843
v 3.6631649011472523e-9 0.35047996044158936 -0.0838034451007843
v -3.2804346084594727 0.36092913150787354 0.0479868873953812
v -3.3013336658477783 0.36092913150787354 0.0688858479261391
v -3.2832345962524414 0.36092913150787354 0.05843636766076015
v -3.290884256362915 0.36092913150787354 0.06608591973781512
v -3.3013336658477783 0.36092913150787354 -0.06887905299663617
v -3.2804346084594727 0.36092913150787354 -0.047980081290007366
v -3.290884256362915 0.36092913150787354 -0.0660791248083122
v -3.2832345962524414 0.36092913150787354 -0.058429572731257214
v -3.3013336658477783 3.4122458696365356 0.0688858479261391
v -3.2804346084594727 3.412245750427246 0.0479868873953812
v -3.290884256362915 3.412245750427246 0.06608591973781512
v -3.2832345962524414 3.412245750427246 0.05843636766076015
v -3.2804346084594727 3.412245750427246 -0.047980081290007366
v -3.3013336658477783 3.4122458696365356 -0.06887905299663617
v -3.2832345962524414 3.412245750427246 -0.058429572731257214
v -3.290884256362915 3.412245750427246 -0.0660791248083122
v -1.6206291946376066e-9 4.3459086418151855 0.037075672298669815
v -1.6206291946376066e-9 4.3459086418151855 0.037075672298669815
v -2.534152012228983e-9 4.366806507110596 0.057974640280008316
v -2.534152012228983e-9 4.366806507110596 0.057974640280008316
v -2.0773907144555973e-9 4.348708152770996 0.047525156289339066
v -2.0773907144555973e-9 4.348708152770996 0.047525156289339066
v -2.4117630237740394e-9 4.356357097625732 0.055174704641103745
v -2.4117630237740394e-9 4.356357097625732 0.055174704641103745
v 2.5337512217150576e-9 4.366806507110596 -0.0579654723405838
v 2.5337512217150576e-9 4.366806507110596 -0.0579654723405838
v 1.6202285151459846e-9 4.3459086418151855 -0.0370665080845356
v 1.6202285151459846e-9 4.3459086418151855 -0.0370665080845356
v 2.4113624553047206e-9 4.356357097625732 -0.05516554415225983
v 2.4113624553047206e-9 4.356357097625732 -0.05516554415225983
v 2.076989923941672e-9 4.348708152770996 -0.04751598834991455
v 2.076989923941672e-9 4.348708152770996 -0.04751598834991455
v -3.1030969619750977 3.4292149543762207 0.037075538188218383
v -3.115675449371338 3.4459317922592163 0.05797450616955688
v -3.1047821044921875 3.4314544200897217 0.047525022178887634
v -3.1093859672546387 3.4375733137130737 0.055174570530652306
v -3.115675449371338 3.4459317922592163 -0.05796560645103524
v -3.1030969619750977 3.4292149543762207 -0.03706664219498703
v -3.1093859672546387 3.4375733137130737 -0.055165678262711265
v -3.1047821044921875 3.4314544200897217 -0.04751612618565628
v -2.827501058578491 3.6146165132522583 0.03707554936408934
v -2.838561773300171 3.632364511489868 0.05797451362013754
v -2.8289830684661865 3.6169943809509277 0.047525029629468286
v -2.833031415939331 3.623490571975708 0.055174581706523264
v -2.838561773300171 3.632364511489868 -0.05796559900045458
v -2.827501058578491 3.6146165132522583 -0.03706663101911607
v -2.833031415939331 3.623490571975708 -0.05516566708684031
v -2.8289830684661865 3.6169943809509277 -0.04751611500978533
v -2.526859998703003 3.779409408569336 0.0370755605399603
v -2.5363686084747314 3.798023819923401 0.0579745285212988
v -2.5281338691711426 3.781903028488159 0.04752504453062955
v -2.531614065170288 3.788716435432434 0.05517459660768453
v -2.5363686084747314 3.798023819923401 -0.05796558409929332
v -2.526859998703003 3.779409408569336 -0.037066616117954816
v -2.531614065170288 3.788716435432434 -0.05516565591096934
v -2.5281338691711426 3.781903028488159 -0.04751610010862407
v -2.210376739501953 3.92170786857605 0.03707557544112156
v -2.2184441089630127 3.94098436832428 0.05797454342246006
v -2.2114577293395996 3.9242902994155884 0.04752505943179081
v -2.2144105434417725 3.93134605884552 0.05517460778355549
v -2.2184441089630127 3.94098436832428 -0.057965569198132054
v -2.210376739501953 3.92170786857605 -0.03706660494208385
v -2.2144105434417725 3.93134605884552 -0.05516564100980808
v -2.2114577293395996 3.9242902994155884 -0.0475160852074628
v -1.8859467506408691 4.0408947467803955 0.03707559034228283
v -1.8927698135375977 4.06064248085022 0.05797455459833103
v -1.886860966682434 4.043540358543396 0.04752507433295208
v -1.8893582820892334 4.050768494606018 0.05517462268471676
v -1.8927698135375977 4.06064248085022 -0.05796555802226109
v -1.8859467506408691 4.0408947467803955 -0.03706659004092258
v -1.8893582820892334 4.050768494606018 -0.05516562610864681
v -1.886860966682434 4.043540358543396 -0.04751607403159183
v -1.5605535507202148 4.142605543136597 0.037075605243444096
v -1.5661662817001343 4.162737488746643 0.0579745694994923
v -1.5613055229187012 4.1453025341033936 0.04752508550882305
v -1.5633599758148193 4.152671456336975 0.055174637585878025
v -1.5661662817001343 4.162737488746643 -0.05796554312109982
v -1.5605535507202148 4.142605543136597 -0.03706657513976132
v -1.5633599758148193 4.152671456336975 -0.055165611207485546
v -1.5613055229187012 4.1453025341033936 -0.04751605913043057
v -1.2386776208877563 4.2190892696380615 0.03707561641931506
v -1.243096113204956 4.239513516426086 0.05797458440065356
v -1.239269495010376 4.22182559967041 0.04752510040998431
v -1.240886926651001 4.229301452636719 0.05517465248703929
v -1.243096113204956 4.239513516426086 -0.057965528219938556
v -1.2386776208877563 4.2190892696380615 -0.037066560238600055
v -1.240886926651001 4.229301452636719 -0.05516560003161458
v -1.239269495010376 4.22182559967041 -0.047516044229269305
v -0.9227543473243713 4.277370929718018 0.037075631320476324
v -0.9259661436080933 4.298020839691162 0.057974599301814825
v -0.9231846332550049 4.280137300491333 0.047525115311145574
v -0.9243602156639099 4.287695527076721 0.05517466366291025
v -0.9259661436080933 4.298020839691162 -0.05796551331877729
v -0.9227543473243713 4.277370929718018 -0.03706654906272909
v -0.9243602156639099 4.287695527076721 -0.05516558513045332
v -0.9231846332550049 4.280137300491333 -0.04751603305339834
v -0.612796425819397 4.314318656921387 0.03707564622163759
v -0.6148306131362915 4.3351149559021 0.05797461047768579
v -0.6130689978599548 4.317104816436768 0.04752512648701654
v -0.6138135194778442 4.324716567993164 0.055174678564071516
v -0.6148306131362915 4.3351149559021 -0.05796550214290633
v -0.612796425819397 4.314318656921387 -0.03706653416156783
v -0.6138135194778442 4.324716567993164 -0.055165570229292055
v -0.6130689978599548 4.317104816436768 -0.04751601815223708
v -0.3060733675956726 4.336249351501465 0.03707565739750855
v -0.3071766197681427 4.3571155071258545 0.05797462537884705
v -0.3062211871147156 4.33904504776001 0.0475251413881778
v -0.30662500858306885 4.346682548522949 0.05517469346523278
v -0.3071766197681427 4.3571155071258545 -0.057965487241745065
v -0.3060733675956726 4.336249351501465 -0.037066519260406564
v -0.30662500858306885 4.346682548522949 -0.05516555905342109
v -0.3062211871147156 4.33904504776001 -0.047516003251075814
v -1.869089961051941 0.36092913150787354 0.06888590753078419
v -1.8899890184402466 0.36092913150787354 0.04798694327473599
v -1.8795394897460938 0.36092913150787354 0.06608598679304081
v -1.8871891498565674 0.36092913150787354 0.05843643099069554
v -1.8899890184402466 0.36092913150787354 -0.04798002541065258
v -1.869089961051941 0.36092913150787354 -0.06887898594141048
v -1.8871891498565674 0.36092913150787354 -0.05842950940132183
v -1.8795394897460938 0.36092913150787354 -0.0660790652036671
v -1.8899890184402466 4.1905317306518555 0.04798694327473599
v -1.869089961051941 4.190531849861145 0.06888590753078419
v -1.8871891498565674 4.1905317306518555 0.05843643099069554
v -1.8795394897460938 4.1905317306518555 0.06608598679304081
v -1.869089961051941 4.190531849861145 -0.06887898594141048
v -1.8899890184402466 4.1905317306518555 -0.04798002541065258
v -1.8795394897460938 4.1905317306518555 -0.0660790652036671
v -1.8871891498565674 4.1905317306518555 -0.05842950940132183
v -1.442860722541809 0.36092913150787354 0.047986965626477876
v -1.4637597799301147 0.36092913150787354 0.06888592988252608
v -1.4456607103347778 0.36092913150787354 0.058436453342437425
v -1.453310251235962 0.36092913150787354 0.0660860091447827
v -1.4637597799301147 0.36092913150787354 -0.0688789635896686
v -1.442860722541809 0.36092913150787354 -0.04798000305891069
v -1.453310251235962 0.36092913150787354 -0.06607904285192522
v -1.4456607103347778 0.36092913150787354 -0.05842949077487024
v -1.4637597799301147 4.287347435951233 0.06888592988252608
v -1.442860722541809 4.287347435951233 0.047986965626477876
v -1.453310251235962 4.287347435951233 0.0660860091447827
v -1.4456607103347778 4.287347435951233 0.058436453342437425
v -1.442860722541809 4.287347435951233 -0.04798000305891069
v -1.4637597799301147 4.287347435951233 -0.0688789635896686
v -1.4456607103347778 4.287347435951233 -0.05842949077487024
v -1.453310251235962 4.287347435951233 -0.06607904285192522
v -0.15338172018527985 4.364228963851929 0.057974632829427684
v -0.15270863473415375 4.343342542648315 0.03707566484808918
v -0.153045192360878 4.353785991668701 0.05517470091581341
v -0.1527988165616989 4.3461408615112305 0.047525148838758434
v -0.15270863473415375 4.343342542648315 -0.03706651180982593
v -0.15338172018527985 4.364228963851929 -0.05796547979116443
v -0.1527988165616989 4.3461408615112305 -0.04751599580049518
v -0.153045192360878 4.353785991668701 -0.05516555160284046
v -3.2374215126037598 3.3526055812835693 0.05797449871897625
v -3.2241506576538086 3.3364232778549194 0.03707553073763776
v -3.230786085128784 3.344514489173889 0.05517456308007169
v -3.225928783416748 3.338591456413269 0.04752501472830701
v -3.2241506576538086 3.3364232778549194 -0.037066649645567655
v -3.2374215126037598 3.3526055812835693 -0.057965613901615864
v -3.225928783416748 3.338591456413269 -0.047516133636236906
v -3.230786085128784 3.344514489173889 -0.05516568571329188
v -2.9781970977783203 3.5425177812576294 0.05797450616955691
v -2.966357469558716 3.5252768993377686 0.03707554563879901
v -2.9722771644592285 3.533897280693054 0.05517457425594264
v -2.9679436683654785 3.5275866985321045 0.04752502962946826
v -2.966357469558716 3.5252768993377686 -0.037066634744406406
v -2.9781970977783203 3.5425177812576294 -0.057965606451035205
v -2.9679436683654785 3.5275866985321045 -0.047516118735075656
v -2.9722771644592285 3.533897280693054 -0.05516567453742093
v -2.6886820793151855 3.7184520959854126 0.05797452107071817
v -2.6784446239471436 3.7002251148223877 0.037075556814669966
v -2.683563232421875 3.7093385457992554 0.055174589157103895
v -2.6798160076141357 3.702666997909546 0.04752503708004892
v -2.6784446239471436 3.7002251148223877 -0.03706662356853545
v -2.6886820793151855 3.7184520959854126 -0.05796559154987395
v -2.6798160076141357 3.702666997909546 -0.0475161075592047
v -2.683563232421875 3.7093385457992554 -0.055165659636259676
v -2.378541946411133 3.8730618953704834 0.05797453597187943
v -2.36979603767395 3.8540788888931274 0.03707556799054093
v -2.374168872833252 3.8635703325271606 0.05517460405826516
v -2.3709678649902344 3.856622099876404 0.04752505198121018
v -2.36979603767395 3.8540788888931274 -0.037066608667374185
v -2.378541946411133 3.8730618953704834 -0.057965576648712686
v -2.3709678649902344 3.856622099876404 -0.047516092658043435
v -2.374168872833252 3.8635703325271606 -0.05516564846038871
v -2.0567357540130615 4.004572153091431 0.057974550873040695
v -2.049372434616089 3.9850136041641235 0.037075582891702194
v -2.053054094314575 3.9947928190231323 0.05517461523413612
v -2.050359010696411 3.9876339435577393 0.047525066882371444
v -2.049372434616089 3.9850136041641235 -0.03706659749150322
v -2.0567357540130615 4.004572153091431 -0.05796556174755142
v -2.050359010696411 3.9876339435577393 -0.04751608148217247
v -2.053054094314575 3.9947928190231323 -0.05516563355922745
v -1.7301808595657349 4.114756226539612 0.05797456204891167
v -1.723917841911316 4.094818115234375 0.037075597792863464
v -1.7270493507385254 4.104786992073059 0.055174630135297394
v -1.7247569561004639 4.097489237785339 0.047525078058242416
v -1.723917841911316 4.094818115234375 -0.03706658259034195
v -1.7301808595657349 4.114756226539612 -0.05796555057168045
v -1.7247569561004639 4.097489237785339 -0.0475160665810112
v -1.7270493507385254 4.104786992073059 -0.05516561865806618
v -1.4054627418518066 4.203230142593384 0.05797457695007293
v -1.400518774986267 4.182926416397095 0.03707560896873443
v -1.402990698814392 4.193078279495239 0.05517464503645866
v -1.4011811017990112 4.185646653175354 0.04752509295940368
v -1.400518774986267 4.182926416397095 -0.037066567689180686
v -1.4054627418518066 4.203230142593384 -0.05796553567051919
v -1.4011811017990112 4.185646653175354 -0.04751605167984994
v -1.402990698814392 4.193078279495239 -0.05516560748219521
v -1.0848898887634277 4.270988941192627 0.05797459185123419
v -1.0810096263885498 4.250455021858215 0.03707562386989569
v -1.0829496383666992 4.260721921920776 0.05517465621232962
v -1.0815294981002808 4.2532057762146 0.04752510786056494
v -1.0810096263885498 4.250455021858215 -0.03706655651330972
v -1.0848898887634277 4.270988941192627 -0.057965520769357924
v -1.0815294981002808 4.2532057762146 -0.047516036778688674
v -1.0829496383666992 4.260721921920776 -0.05516559258103395
v -0.7709507942199707 4.318740248680115 0.05797460302710516
v -0.7684162855148315 4.297998070716858 0.037075638771056955
v -0.7696835398674011 4.308369159698486 0.055174671113490885
v -0.7687558531761169 4.300777077674866 0.047525122761726206
v -0.7684162855148315 4.297998070716858 -0.03706654161214846
v -0.7709507942199707 4.318740248680115 -0.05796550959348696
v -0.7687558531761169 4.300777077674866 -0.04751602560281771
v -0.7696835398674011 4.308369159698486 -0.055165577679872686
v -0.4613083004951477 4.3483335971832275 0.05797461792826642
v -0.45978111028671265 4.3274924755096436 0.03707565367221822
v -0.4605447053909302 4.3379130363464355 0.05517468601465215
v -0.4599857032299042 4.330284595489502 0.04752513393759717
v -0.45978111028671265 4.3274924755096436 -0.037066526710987195
v -0.4613083004951477 4.3483335971832275 -0.057965494692325696
v -0.4599857032299042 4.330284595489502 -0.047516010701656446
v -0.4605447053909302 4.3379130363464355 -0.05516556277871142
v -3.2923507690429688 3.2807586789131165 0.037075527012347446
v -3.305790901184082 3.296801209449768 0.05797449499368594
v -3.2941513061523438 3.282908082008362 0.0475250110030167
v -3.2990708351135254 3.2887800335884094 0.05517455935478137
v -3.305790901184082 3.296801209449768 -0.05796561762690618
v -3.2923507690429688 3.2807586789131165 -0.03706665337085797
v -3.2990708351135254 3.2887800335884094 -0.0551656894385822
v -3.2941513061523438 3.282908082008362 -0.04751613363623692
v 3.391446828842163 0.36092936992645264 0.06571164727211073
v 3.391446828842163 0.3400304317474365 0.08661061525344924
v 3.391446828842163 0.358129620552063 0.07616112381219939
v 3.391446828842163 0.35047996044158936 0.08381067961454466
v 3.391446828842163 0.3400304317474365 -0.08660323917865678
v 3.391446828842163 0.36092936992645264 -0.06570427119731828
v 3.391446828842163 0.35047996044158936 -0.08380329608917161
v 3.391446828842163 0.358129620552063 -0.07615374773740693
v 3.3013336658477783 0.36092913150787354 0.06888613849878385
v 3.2804346084594727 0.36092913150787354 0.04798717051744534
v 3.290884256362915 0.36092913150787354 0.06608621031045987
v 3.2832345962524414 0.36092913150787354 0.05843665823340489
v 3.2804346084594727 0.36092913150787354 -0.047979798167943226
v 3.3013336658477783 0.36092913150787354 -0.06887876242399142
v 3.2832345962524414 0.36092913150787354 -0.058429282158612476
v 3.290884256362915 0.36092913150787354 -0.06607883423566745
v 3.2804346084594727 3.412245750427246 0.04798717051744534
v 3.3013336658477783 3.4122458696365356 0.06888613849878385
v 3.2832345962524414 3.412245750427246 0.05843665823340489
v 3.290884256362915 3.412245750427246 0.06608621031045987
v 3.3013336658477783 3.4122458696365356 -0.06887876242399142
v 3.2804346084594727 3.412245750427246 -0.047979798167943226
v 3.290884256362915 3.412245750427246 -0.06607883423566745
v 3.2832345962524414 3.412245750427246 -0.058429282158612476
v 3.115675449371338 3.4459317922592163 0.057974774390459755
v 3.1030969619750977 3.4292149543762207 0.03707580640912125
v 3.1093859672546387 3.4375733137130737 0.05517484247684548
v 3.1047821044921875 3.4314544200897217 0.0475252903997905
v 3.1030969619750977 3.4292149543762207 -0.03706637024879387
v 3.115675449371338 3.4459317922592163 -0.05796533823013236
v 3.1047821044921875 3.4314544200897217 -0.04751585423946312
v 3.1093859672546387 3.4375733137130737 -0.05516541004180839
v 2.838561773300171 3.632364511489868 0.0579747632145888
v 2.827501058578491 3.6146165132522583 0.03707579895854059
v 2.833031415939331 3.623490571975708 0.055174831300974524
v 2.8289830684661865 3.6169943809509277 0.047525279223919546
v 2.827501058578491 3.6146165132522583 -0.03706638142466483
v 2.838561773300171 3.632364511489868 -0.05796534940600332
v 2.8289830684661865 3.6169943809509277 -0.04751586541533407
v 2.833031415939331 3.623490571975708 -0.05516541749238905
v 2.5363686084747314 3.798023819923401 0.057974748313427533
v 2.526859998703003 3.779409408569336 0.03707578405737933
v 2.531614065170288 3.788716435432434 0.05517481639981326
v 2.5281338691711426 3.781903028488159 0.04752526804804858
v 2.526859998703003 3.779409408569336 -0.03706639632582608
v 2.5363686084747314 3.798023819923401 -0.057965364307164584
v 2.5281338691711426 3.781903028488159 -0.04751588031649533
v 2.531614065170288 3.788716435432434 -0.05516543239355031
v 2.2184441089630127 3.94098436832428 0.05797473713755657
v 2.210376739501953 3.92170786857605 0.03707576915621807
v 2.2144105434417725 3.93134605884552 0.055174801498652
v 2.2114577293395996 3.9242902994155884 0.04752525314688732
v 2.210376739501953 3.92170786857605 -0.037066411226987346
v 2.2184441089630127 3.94098436832428 -0.05796537548303555
v 2.2114577293395996 3.9242902994155884 -0.0475158914923663
v 2.2144105434417725 3.93134605884552 -0.055165447294711574
v 1.8927698135375977 4.06064248085022 0.057974722236395305
v 1.8859467506408691 4.0408947467803955 0.0370757542550568
v 1.8893582820892334 4.050768494606018 0.055174790322781025
v 1.886860966682434 4.043540358543396 0.04752523824572605
v 1.8859467506408691 4.0408947467803955 -0.03706642240285832
v 1.8927698135375977 4.06064248085022 -0.05796539038419681
v 1.886860966682434 4.043540358543396 -0.04751590639352757
v 1.8893582820892334 4.050768494606018 -0.055165462195872844
v 1.5661662817001343 4.162737488746643 0.057974707335234035
v 1.5605535507202148 4.142605543136597 0.03707574307918583
v 1.5633599758148193 4.152671456336975 0.05517477542161976
v 1.5613055229187012 4.1453025341033936 0.047525223344564785
v 1.5605535507202148 4.142605543136597 -0.03706643730401958
v 1.5661662817001343 4.162737488746643 -0.05796540528535808
v 1.5613055229187012 4.1453025341033936 -0.04751592129468883
v 1.5633599758148193 4.152671456336975 -0.05516547337174381
v 1.243096113204956 4.239513516426086 0.05797469615936307
v 1.2386776208877563 4.2190892696380615 0.03707572817802457
v 1.240886926651001 4.229301452636719 0.0551747605204585
v 1.239269495010376 4.22182559967041 0.04752521216869382
v 1.2386776208877563 4.2190892696380615 -0.037066452205180844
v 1.243096113204956 4.239513516426086 -0.05796541646122905
v 1.239269495010376 4.22182559967041 -0.047515936195850095
v 1.240886926651001 4.229301452636719 -0.05516548827290507
v 0.9259661436080933 4.298020839691162 0.05797468125820181
v 0.9227543473243713 4.277370929718018 0.037075713276863306
v 0.9243602156639099 4.287695527076721 0.055174749344587534
v 0.9231846332550049 4.280137300491333 0.04752519726753256
v 0.9227543473243713 4.277370929718018 -0.03706646338105181
v 0.9259661436080933 4.298020839691162 -0.05796543136239031
v 0.9231846332550049 4.280137300491333 -0.04751594737172106
v 0.9243602156639099 4.287695527076721 -0.055165503174066335
v 0.6148306131362915 4.3351149559021 0.057974666357040544
v 0.612796425819397 4.314318656921387 0.03707570210099234
v 0.6138135194778442 4.324716567993164 0.05517473444342627
v 0.6130689978599548 4.317104816436768 0.047525182366371294
v 0.612796425819397 4.314318656921387 -0.03706647828221307
v 0.6148306131362915 4.3351149559021 -0.05796544626355157
v 0.6130689978599548 4.317104816436768 -0.04751596227288232
v 0.6138135194778442 4.324716567993164 -0.0551655143499373
v 0.3071766197681427 4.3571155071258545 0.05797465145587928
v 0.3060733675956726 4.336249351501465 0.03707568719983108
v 0.30662500858306885 4.346682548522949 0.05517471954226501
v 0.3062211871147156 4.33904504776001 0.04752517119050033
v 0.3060733675956726 4.336249351501465 -0.037066493183374336
v 0.3071766197681427 4.3571155071258545 -0.057965461164712836
v 0.3062211871147156 4.33904504776001 -0.047515977174043586
v 0.30662500858306885 4.346682548522949 -0.05516552925109856
v 1.8899890184402466 0.36092913150787354 0.04798711091280025
v 1.869089961051941 0.36092913150787354 0.06888607144355816
v 1.8871891498565674 0.36092913150787354 0.0584365986287598
v 1.8795394897460938 0.36092913150787354 0.06608615070581478
v 1.869089961051941 0.36092913150787354 -0.06887882202863652
v 1.8899890184402466 0.36092913150787354 -0.047979857772588314
v 1.8795394897460938 0.36092913150787354 -0.06607890129089314
v 1.8871891498565674 0.36092913150787354 -0.05842934548854786
v 1.869089961051941 4.190531849861145 0.06888607144355816
v 1.8899890184402466 4.1905317306518555 0.04798711091280025
v 1.8795394897460938 4.1905317306518555 0.06608615070581478
v 1.8871891498565674 4.1905317306518555 0.0584365986287598
v 1.8899890184402466 4.1905317306518555 -0.047979857772588314
v 1.869089961051941 4.190531849861145 -0.06887882202863652
v 1.8871891498565674 4.1905317306518555 -0.05842934548854786
v 1.8795394897460938 4.1905317306518555 -0.06607890129089314
v 1.4637597799301147 0.36092913150787354 0.06888605654239686
v 1.442860722541809 0.36092913150787354 0.047987088561058364
v 1.453310251235962 0.36092913150787354 0.06608612835407289
v 1.4456607103347778 0.36092913150787354 0.05843657627701791
v 1.442860722541809 0.36092913150787354 -0.0479798801243302
v 1.4637597799301147 0.36092913150787354 -0.0688788443803784
v 1.4456607103347778 0.36092913150787354 -0.05842936411499945
v 1.453310251235962 0.36092913150787354 -0.06607891619205443
v 1.442860722541809 4.287347435951233 0.047987088561058364
v 1.4637597799301147 4.287347435951233 0.06888605654239686
v 1.4456607103347778 4.287347435951233 0.05843657627701791
v 1.453310251235962 4.287347435951233 0.06608612835407289
v 1.4637597799301147 4.287347435951233 -0.0688788443803784
v 1.442860722541809 4.287347435951233 -0.0479798801243302
v 1.453310251235962 4.287347435951233 -0.06607891619205443
v 1.4456607103347778 4.287347435951233 -0.05842936411499945
v 0.15270863473415375 4.343342542648315 0.03707567974925045
v 0.15338172018527985 4.364228963851929 0.05797464773058895
v 0.1527988165616989 4.3461408615112305 0.0475251637399197
v 0.153045192360878 4.353785991668701 0.055174712091684376
v 0.15338172018527985 4.364228963851929 -0.05796546489000317
v 0.15270863473415375 4.343342542648315 -0.03706650063395497
v 0.153045192360878 4.353785991668701 -0.055165536701679195
v 0.1527988165616989 4.3461408615112305 -0.04751598462462422
v 3.2241506576538086 3.3364232778549194 0.03707581385970187
v 3.2374215126037598 3.3526055812835693 0.05797478184104038
v 3.225928783416748 3.338591456413269 0.04752529785037112
v 3.230786085128784 3.344514489173889 0.0551748499274261
v 3.2374215126037598 3.3526055812835693 -0.05796533077955174
v 3.2241506576538086 3.3364232778549194 -0.037066362798213244
v 3.230786085128784 3.344514489173889 -0.05516540259122777
v 3.225928783416748 3.338591456413269 -0.047515846788882495
v 2.966357469558716 3.5252768993377686 0.03707579895854062
v 2.9781970977783203 3.5425177812576294 0.05797477066516942
v 2.9679436683654785 3.5275866985321045 0.04752528294920987
v 2.9722771644592285 3.533897280693054 0.05517483875155515
v 2.9781970977783203 3.5425177812576294 -0.057965341955422696
v 2.966357469558716 3.5252768993377686 -0.03706637769937449
v 2.9722771644592285 3.533897280693054 -0.05516541376709872
v 2.9679436683654785 3.5275866985321045 -0.047515861690043744
v 2.6784446239471436 3.7002251148223877 0.03707579150795996
v 2.6886820793151855 3.7184520959854126 0.057974755764008165
v 2.6798160076141357 3.702666997909546 0.04752527549862921
v 2.683563232421875 3.7093385457992554 0.05517482385039389
v 2.6886820793151855 3.7184520959854126 -0.05796535685658395
v 2.6784446239471436 3.7002251148223877 -0.03706638887524545
v 2.683563232421875 3.7093385457992554 -0.05516542494296968
v 2.6798160076141357 3.702666997909546 -0.0475158728659147
v 2.36979603767395 3.8540788888931274 0.0370757766067987
v 2.378541946411133 3.8730618953704834 0.0579747445881372
v 2.3709678649902344 3.856622099876404 0.04752526059746795
v 2.374168872833252 3.8635703325271606 0.05517480894923263
v 2.378541946411133 3.8730618953704834 -0.05796536803245492
v 2.36979603767395 3.8540788888931274 -0.037066403776406714
v 2.374168872833252 3.8635703325271606 -0.05516543984413094
v 2.3709678649902344 3.856622099876404 -0.047515887767075965
v 2.049372434616089 3.9850136041641235 0.037075761705637436
v 2.0567357540130615 4.004572153091431 0.05797472968697594
v 2.050359010696411 3.9876339435577393 0.04752524569630669
v 2.053054094314575 3.9947928190231323 0.055174797773361664
v 2.0567357540130615 4.004572153091431 -0.05796538293361618
v 2.049372434616089 3.9850136041641235 -0.03706641495227768
v 2.053054094314575 3.9947928190231323 -0.055165454745292206
v 2.050359010696411 3.9876339435577393 -0.04751589894294693
v 1.723917841911316 4.094818115234375 0.037075750529766464
v 1.7301808595657349 4.114756226539612 0.05797471478581467
v 1.7247569561004639 4.097489237785339 0.047525230795145416
v 1.7270493507385254 4.104786992073059 0.055174782872200394
v 1.7301808595657349 4.114756226539612 -0.05796539783477745
v 1.723917841911316 4.094818115234375 -0.03706642985343895
v 1.7270493507385254 4.104786992073059 -0.05516546592116318
v 1.7247569561004639 4.097489237785339 -0.0475159138441082
v 1.400518774986267 4.182926416397095 0.0370757356286052
v 1.4054627418518066 4.203230142593384 0.057974699884653404
v 1.4011811017990112 4.185646653175354 0.04752521961927445
v 1.402990698814392 4.193078279495239 0.05517476797103913
v 1.4054627418518066 4.203230142593384 -0.057965412735938714
v 1.400518774986267 4.182926416397095 -0.03706644475460021
v 1.402990698814392 4.193078279495239 -0.05516548082232444
v 1.4011811017990112 4.1856465339660645 -0.04751592874526946
v 1.0810096263885498 4.250455021858215 0.03707572072744394
v 1.0848898887634277 4.270988941192627 0.05797468870878244
v 1.0815294981002808 4.2532057762146 0.04752520471811319
v 1.0829496383666992 4.260721921920776 0.05517475306987787
v 1.0848898887634277 4.270988941192627 -0.05796542391180968
v 1.0810096263885498 4.250455021858215 -0.037066459655761476
v 1.0829496383666992 4.260721921920776 -0.055165495723485704
v 1.0815294981002808 4.2532057762146 -0.04751593992114043
v 0.7684162855148315 4.297998070716858 0.037075705826282675
v 0.7709507942199707 4.318740248680115 0.057974673807621176
v 0.7687558531761169 4.300777077674866 0.047525189816951925
v 0.7696835398674011 4.308369159698486 0.0551747418940069
v 0.7709507942199707 4.318740248680115 -0.05796543881297094
v 0.7684162855148315 4.297998070716858 -0.03706647083163244
v 0.7696835398674011 4.308369159698486 -0.05516551062464697
v 0.7687558531761169 4.300777077674866 -0.04751595482230169
v 0.45978111028671265 4.3274924755096436 0.03707569465041171
v 0.4613083004951477 4.3483335971832275 0.05797465890645991
v 0.4599857032299042 4.330284595489502 0.04752517491579066
v 0.4605447053909302 4.3379130363464355 0.05517472699284564
v 0.4613083004951477 4.3483335971832275 -0.057965453714132205
v 0.45978111028671265 4.3274924755096436 -0.037066485732793704
v 0.4605447053909302 4.3379130363464355 -0.05516552180051793
v 0.4599857032299042 4.330284595489502 -0.047515969723462954
v 3.305790901184082 3.296801209449768 0.05797478556633069
v 3.2923507690429688 3.2807586789131165 0.037075817584992184
v 3.2990708351135254 3.2887800335884094 0.05517484992742612
v 3.2941513061523438 3.282908082008362 0.047525301575661434
v 3.2923507690429688 3.2807586789131165 -0.03706636279821323
v 3.305790901184082 3.296801209449768 -0.057965327054261426
v 3.2941513061523438 3.282908082008362 -0.04751584306359218
v 3.2990708351135254 3.2887800335884094 -0.055165391415356854
v -1.8899883031845093 2.819260060787201 -8.261401560405186e-8
v -1.8899883031845093 2.819260060787201 -8.261401560405186e-8
v -3.280432939529419 2.819260060787201 -1.4339228544112025e-7
v -3.280432939529419 2.819260060787201 -1.4339228544112025e-7
v -1.8899883031845093 2.9246338605880737 -8.261401560405186e-8
v -1.8899883031845093 2.9246338605880737 -8.261401560405186e-8
v -3.280432939529419 2.9246338605880737 -1.4339228544112025e-7
v -3.280432939529419 2.9246338605880737 -1.4339228544112025e-7
v -2.5394186973571777 3.773888945579529 -1.1100151965135889e-7
v -2.5394186973571777 3.773888945579529 -1.1100151965135889e-7
v -2.5394186973571777 0.36092913150787354 -1.1100151965135889e-7
v -2.5394186973571777 0.36092913150787354 -1.1100151965135889e-7
v -2.635913610458374 3.773888945579529 -1.1521945056623153e-7
v -2.635913610458374 3.773888945579529 -1.1521945056623153e-7
v -2.635913610458374 0.36092913150787354 -1.1521945056623153e-7
v -2.635913610458374 0.36092913150787354 -1.1521945056623153e-7
v -0.4327048063278198 4.329643487930298 -1.891412902581653e-8
v -0.4327048063278198 4.329643487930298 -1.891412902581653e-8
v -0.4327048659324646 0.36092913150787354 -1.8914132578530222e-8
v -0.4327048659324646 0.36092913150787354 -1.8914132578530222e-8
v -0.5291997194290161 4.329643487930298 -2.313205638797549e-8
v -0.5291997194290161 4.329643487930298 -2.313205638797549e-8
v -0.5291997790336609 0.36092913150787354 -2.3132058164332343e-8
v -0.5291997790336609 0.36092913150787354 -2.3132058164332343e-8
v 0 2.8192597925662994 0
v 0 2.8192597925662994 0
v 0 2.8192597925662994 0
v 0 2.8192597925662994 0
v -1.4428595304489136 2.819260060787201 -6.30693935838832e-8
v -1.4428595304489136 2.819260060787201 -6.30693935838832e-8
v 0 2.92463356256485 0
v 0 2.92463356256485 0
v 0 2.92463356256485 0
v 0 2.92463356256485 0
v -1.4428595304489136 2.9246338605880737 -6.30693935838832e-8
v -1.4428595304489136 2.9246338605880737 -6.30693935838832e-8
v -3.280432939529419 1.6152990460395813 -1.4339228544112025e-7
v -3.280432939529419 1.6152990460395813 -1.4339228544112025e-7
v -1.8899883031845093 1.6152990460395813 -8.261401560405186e-8
v -1.8899883031845093 1.6152990460395813 -8.261401560405186e-8
v -3.280432939529419 1.5099253058433533 -1.4339228544112025e-7
v -3.280432939529419 1.5099253058433533 -1.4339228544112025e-7
v -1.8899883031845093 1.5099253058433533 -8.261401560405186e-8
v -1.8899883031845093 1.5099253058433533 -8.261401560405186e-8
v -1.4428595304489136 1.6152990460395813 -6.30693935838832e-8
v -1.4428595304489136 1.6152990460395813 -6.30693935838832e-8
v 0 1.6152989864349365 0
v 0 1.6152989864349365 0
v 0 1.6152989864349365 0
v 0 1.6152989864349365 0
v -1.4428595304489136 1.5099253058433533 -6.30693935838832e-8
v -1.4428595304489136 1.5099253058433533 -6.30693935838832e-8
v 0 1.5099251866340637 0
v 0 1.5099251866340637 0
v 0 1.5099251866340637 0
v 0 1.5099251866340637 0
v 1.8899883031845093 2.819260060787201 8.261401560405186e-8
v 1.8899883031845093 2.819260060787201 8.261401560405186e-8
v 3.280432939529419 2.819260060787201 1.4339228544112025e-7
v 3.280432939529419 2.819260060787201 1.4339228544112025e-7
v 1.8899883031845093 2.9246338605880737 8.261401560405186e-8
v 1.8899883031845093 2.9246338605880737 8.261401560405186e-8
v 3.280432939529419 2.9246338605880737 1.4339228544112025e-7
v 3.280432939529419 2.9246338605880737 1.4339228544112025e-7
v 2.5394186973571777 3.773888945579529 1.1100151965135889e-7
v 2.5394186973571777 3.773888945579529 1.1100151965135889e-7
v 2.5394186973571777 0.36092913150787354 1.1100151965135889e-7
v 2.5394186973571777 0.36092913150787354 1.1100151965135889e-7
v 2.635913610458374 3.773888945579529 1.1521945056623153e-7
v 2.635913610458374 3.773888945579529 1.1521945056623153e-7
v 2.635913610458374 0.36092913150787354 1.1521945056623153e-7
v 2.635913610458374 0.36092913150787354 1.1521945056623153e-7
v 0.4327048063278198 4.329643487930298 1.891412902581653e-8
v 0.4327048063278198 4.329643487930298 1.891412902581653e-8
v 0.4327048659324646 0.36092913150787354 1.8914132578530222e-8
v 0.4327048659324646 0.36092913150787354 1.8914132578530222e-8
v 0.5291997194290161 4.329643487930298 2.313205638797549e-8
v 0.5291997194290161 4.329643487930298 2.313205638797549e-8
v 0.5291997790336609 0.36092913150787354 2.3132058164332343e-8
v 0.5291997790336609 0.36092913150787354 2.3132058164332343e-8
v 1.4428595304489136 2.819260060787201 6.30693935838832e-8
v 1.4428595304489136 2.819260060787201 6.30693935838832e-8
v 1.4428595304489136 2.9246338605880737 6.30693935838832e-8
v 1.4428595304489136 2.9246338605880737 6.30693935838832e-8
v 3.280432939529419 1.6152990460395813 1.4339228544112025e-7
v 3.280432939529419 1.6152990460395813 1.4339228544112025e-7
v 1.8899883031845093 1.6152990460395813 8.261401560405186e-8
v 1.8899883031845093 1.6152990460395813 8.261401560405186e-8
v 3.280432939529419 1.5099253058433533 1.4339228544112025e-7
v 3.280432939529419 1.5099253058433533 1.4339228544112025e-7
v 1.8899883031845093 1.5099253058433533 8.261401560405186e-8
v 1.8899883031845093 1.5099253058433533 8.261401560405186e-8
v 1.4428595304489136 1.6152990460395813 6.30693935838832e-8
v 1.4428595304489136 1.6152990460395813 6.30693935838832e-8
v 1.4428595304489136 1.5099253058433533 6.30693935838832e-8
v 1.4428595304489136 1.5099253058433533 6.30693935838832e-8
v -2.5394186973571777 0.36092913150787354 0.021491298452019126
v -2.5603175163269043 0.36092913150787354 0.042390264570712474
v -2.5422184467315674 0.36092913150787354 0.03194078058004323
v -2.549868106842041 0.36092913150787354 0.0395903326570982
v -2.6150145530700684 0.36092913150787354 0.04239026084542216
v -2.635913610458374 0.36092913150787354 0.021491292864083657
v -2.6254642009735107 0.36092913150787354 0.03959032893180789
v -2.6331138610839844 0.36092913150787354 0.03194077685475291
v -2.5603175163269043 3.773888945579529 0.042390264570712474
v -2.5394186973571777 3.773888945579529 0.021491298452019126
v -2.549868106842041 3.773888945579529 0.0395903326570982
v -2.5422184467315674 3.773888945579529 0.03194078058004323
v -2.635913610458374 3.773888945579529 0.021491292864083657
v -2.6150145530700684 3.773888945579529 0.04239026084542216
v -2.6331138610839844 3.773888945579529 0.03194077685475291
v -2.6254642009735107 3.773888945579529 0.03959032893180789
v -3.280432939529419 2.819260060787201 0.013343297876416908
v -3.280432939529419 2.840158998966217 0.034242264926432835
v -3.280432939529419 2.822060078382492 0.023792782798408733
v -3.280432939529419 2.8297095596790314 0.03144234046339916
v -3.280432939529419 2.9037349224090576 0.034242264926432835
v -3.280432939529419 2.9246338605880737 0.013343299739062058
v -3.280432939529419 2.9141843914985657 0.03144234046339916
v -3.280432939529419 2.9218339920043945 0.023792782798408733
v -1.8899883031845093 2.840158998966217 0.03424187749624211
v -1.8899883031845093 2.819260060787201 0.013342914171516475
v -1.8899883031845093 2.8297095596790314 0.03144194930791813
v -1.8899883031845093 2.822060078382492 0.02379239723086315
v -1.8899883031845093 2.9246338605880737 0.013342914171516475
v -1.8899883031845093 2.9037349224090576 0.03424187749624211
v -1.8899883031845093 2.9218339920043945 0.02379239723086315
v -1.8899883031845093 2.9141843914985657 0.03144194930791813
v -3.280432939529419 1.5099253058433533 0.013343297876416908
v -3.280432939529419 1.5308242440223694 0.034242264926432835
v -3.280432939529419 1.5127251744270325 0.023792782798408733
v -3.280432939529419 1.5203747153282166 0.03144234046339916
v -3.280432939529419 1.5944001078605652 0.034242264926432835
v -3.280432939529419 1.6152990460395813 0.013343299739062058
v -3.280432939529419 1.6048495769500732 0.03144234046339916
v -3.280432939529419 1.6124990582466125 0.023792782798408733
v -1.8899883031845093 1.5308242440223694 0.03424187749624211
v -1.8899883031845093 1.5099253058433533 0.013342914171516475
v -1.8899883031845093 1.5203747153282166 0.03144194930791813
v -1.8899883031845093 1.5127251744270325 0.02379239723086315
v -1.8899883031845093 1.6152990460395813 0.013342914171516475
v -1.8899883031845093 1.5944001078605652 0.03424187749624211
v -1.8899883031845093 1.6124990582466125 0.02379239723086315
v -1.8899883031845093 1.6048495769500732 0.03144194930791813
v -1.4428595304489136 2.819260060787201 0.014394044876098312
v -1.4428595304489136 2.840158998966217 0.035293009132146516
v -1.4428595304489136 2.822060078382492 0.024843527004122415
v -1.4428595304489136 2.8297095596790314 0.03249307721853224
v -1.4428595304489136 2.9037349224090576 0.035293009132146516
v -1.4428595304489136 2.9246338605880737 0.014394043013453163
v -1.4428595304489136 2.9141843914985657 0.03249307721853224
v -1.4428595304489136 2.9218339920043945 0.024843525141477266
v -6.291661668086689e-10 2.8192597925662994 0.014393644407391548
v -6.291661668086689e-10 2.8192597925662994 0.014393644407391548
v -1.5426889844000448e-9 2.840158760547638 0.0352926105260849
v -1.5426889844000448e-9 2.840158760547638 0.0352926105260849
v -1.085927575604357e-9 2.822059690952301 0.0248431283980608
v -1.085927575604357e-9 2.822059690952301 0.0248431283980608
v -1.4203002179897078e-9 2.829709231853485 0.032492682337760925
v -1.4203002179897078e-9 2.829709231853485 0.032492682337760925
v -1.5426889844000448e-9 2.9037346243858337 0.0352926105260849
v -1.5426889844000448e-9 2.9037346243858337 0.0352926105260849
v -6.291661668086689e-10 2.92463356256485 0.014393644407391548
v -6.291661668086689e-10 2.92463356256485 0.014393644407391548
v -1.4203002179897078e-9 2.914184093475342 0.032492682337760925
v -1.4203002179897078e-9 2.914184093475342 0.032492682337760925
v -1.085927575604357e-9 2.921833574771881 0.0248431283980608
v -1.085927575604357e-9 2.921833574771881 0.0248431283980608
v -1.4428595304489136 1.5099253058433533 0.014394044876098312
v -1.4428595304489136 1.5308242440223694 0.035293009132146516
v -1.4428595304489136 1.5127251744270325 0.024843527004122415
v -1.4428595304489136 1.5203747153282166 0.03249307721853224
v -1.4428595304489136 1.5944001078605652 0.035293009132146516
v -1.4428595304489136 1.6152990460395813 0.014394043013453163
v -1.4428595304489136 1.6048495769500732 0.03249307721853224
v -1.4428595304489136 1.6124990582466125 0.024843525141477266
v -6.291661668086689e-10 1.5099251866340637 0.014393644407391548
v -6.291661668086689e-10 1.5099251866340637 0.014393644407391548
v -1.5426889844000448e-9 1.5308241248130798 0.0352926105260849
v -1.5426889844000448e-9 1.5308241248130798 0.0352926105260849
v -1.085927575604357e-9 1.512725055217743 0.0248431283980608
v -1.085927575604357e-9 1.512725055217743 0.0248431283980608
v -1.4203002179897078e-9 1.520374596118927 0.032492682337760925
v -1.4203002179897078e-9 1.520374596118927 0.032492682337760925
v -1.5426889844000448e-9 1.5943999886512756 0.0352926105260849
v -1.5426889844000448e-9 1.5943999886512756 0.0352926105260849
v -6.291661668086689e-10 1.6152989864349365 0.014393644407391548
v -6.291661668086689e-10 1.6152989864349365 0.014393644407391548
v -1.4203002179897078e-9 1.6048494577407837 0.032492682337760925
v -1.4203002179897078e-9 1.6048494577407837 0.032492682337760925
v -1.085927575604357e-9 1.612498939037323 0.0248431283980608
v -1.085927575604357e-9 1.612498939037323 0.0248431283980608
v -0.4327048659324646 0.36092913150787354 0.021488556638359926
v -0.4536038041114807 0.36092913150787354 0.04238752275705327
v -0.4355047941207886 0.36092913150787354 0.03193803876638403
v -0.44315433502197266 0.36092913150787354 0.039587590843439005
v -0.5083009004592896 0.36092913150787354 0.042387522757053264
v -0.5291997790336609 0.36092913150787354 0.021488552913069607
v -0.5187503099441528 0.36092913150787354 0.039587587118148686
v -0.5263997912406921 0.36092913150787354 0.03193803504109371
v -0.45360374450683594 4.329643487930298 0.04238752275705327
v -0.4327048063278198 4.329643487930298 0.021488556638359926
v -0.4431542754173279 4.329643487930298 0.039587590843439005
v -0.4355047345161438 4.329643487930298 0.03193803876638403
v -0.5291997194290161 4.329643487930298 0.021488552913069607
v -0.5083008408546448 4.329643487930298 0.042387522757053264
v -0.5263998508453369 4.329643487930298 0.03193803504109371
v -0.5187503099441528 4.329643487930298 0.039587587118148686
v 2.5603175163269043 0.36092913150787354 0.04239048808813152
v 2.5394186973571777 0.36092913150787354 0.021491520106793015
v 2.549868106842041 0.36092913150787354 0.03959055244922695
v 2.5422184467315674 0.36092913150787354 0.03194100409746226
v 2.635913610458374 0.36092913150787354 0.021491525694728484
v 2.6150145530700684 0.36092913150787354 0.04239049181342183
v 2.6331138610839844 0.36092913150787354 0.03194100782275258
v 2.6254642009735107 0.36092913150787354 0.03959055617451726
v 2.5394186973571777 3.773888945579529 0.021491520106793015
v 2.5603175163269043 3.773888945579529 0.04239048808813152
v 2.5422184467315674 3.773888945579529 0.03194100409746226
v 2.549868106842041 3.773888945579529 0.03959055244922695
v 2.6150145530700684 3.773888945579529 0.04239049181342183
v 2.635913610458374 3.773888945579529 0.021491525694728484
v 2.6254642009735107 3.773888945579529 0.03959055617451726
v 2.6331138610839844 3.773888945579529 0.03194100782275258
v 3.280432939529419 2.840158998966217 0.034242548048496975
v 3.280432939529419 2.819260060787201 0.013343586586416496
v 3.280432939529419 2.8297095596790314 0.0314426235854633
v 3.280432939529419 2.822060078382492 0.023793069645763172
v 3.280432939529419 2.9246338605880737 0.013343584723771347
v 3.280432939529419 2.9037349224090576 0.034242548048496975
v 3.280432939529419 2.9218339920043945 0.023793069645763172
v 3.280432939529419 2.9141843914985657 0.0314426235854633
v 1.8899883031845093 2.819260060787201 0.013343079946935597
v 1.8899883031845093 2.840158998966217 0.03424204513430637
v 1.8899883031845093 2.822060078382492 0.023792563006282273
v 1.8899883031845093 2.8297095596790314 0.0314421132206921
v 1.8899883031845093 2.9037349224090576 0.03424204513430637
v 1.8899883031845093 2.9246338605880737 0.013343079946935597
v 1.8899883031845093 2.9141843914985657 0.0314421132206921
v 1.8899883031845093 2.9218339920043945 0.023792563006282273
v 3.280432939529419 1.5308242440223694 0.034242548048496975
v 3.280432939529419 1.5099253058433533 0.013343586586416496
v 3.280432939529419 1.5203747153282166 0.0314426235854633
v 3.280432939529419 1.5127251744270325 0.023793069645763172
v 3.280432939529419 1.6152990460395813 0.013343584723771347
v 3.280432939529419 1.5944001078605652 0.034242548048496975
v 3.280432939529419 1.6124990582466125 0.023793069645763172
v 3.280432939529419 1.6048495769500732 0.0314426235854633
v 1.8899883031845093 1.5099253058433533 0.013343079946935597
v 1.8899883031845093 1.5308242440223694 0.03424204513430637
v 1.8899883031845093 1.5127251744270325 0.023792563006282273
v 1.8899883031845093 1.5203747153282166 0.0314421132206921
v 1.8899883031845093 1.5944001078605652 0.03424204513430637
v 1.8899883031845093 1.6152990460395813 0.013343079946935597
v 1.8899883031845093 1.6048495769500732 0.0314421132206921
v 1.8899883031845093 1.6124990582466125 0.023792563006282273
v 1.4428595304489136 2.840158998966217 0.035293132066727004
v 1.4428595304489136 2.819260060787201 0.014394169673323952
v 1.4428595304489136 2.8297095596790314 0.03249320015311273
v 1.4428595304489136 2.822060078382492 0.024843649938702903
v 1.4428595304489136 2.9246338605880737 0.014394171535969101
v 1.4428595304489136 2.9037349224090576 0.035293132066727004
v 1.4428595304489136 2.9218339920043945 0.02484365180134805
v 1.4428595304489136 2.9141843914985657 0.03249320015311273
v 1.4428595304489136 1.5308242440223694 0.035293132066727004
v 1.4428595304489136 1.5099253058433533 0.014394169673323952
v 1.4428595304489136 1.5203747153282166 0.03249320015311273
v 1.4428595304489136 1.5127251744270325 0.024843649938702903
v 1.4428595304489136 1.6152990460395813 0.014394171535969101
v 1.4428595304489136 1.5944001078605652 0.035293132066727004
v 1.4428595304489136 1.6124990582466125 0.02484365180134805
v 1.4428595304489136 1.6048495769500732 0.03249320015311273
v 0.4536038041114807 0.36092913150787354 0.04238756373524676
v 0.4327048659324646 0.36092913150787354 0.021488593891263105
v 0.44315433502197266 0.36092913150787354 0.03958763182163248
v 0.4355047941207886 0.36092913150787354 0.031938079744577505
v 0.5291997790336609 0.36092913150787354 0.021488597616553425
v 0.5083009004592896 0.36092913150787354 0.04238756373524677
v 0.5263997912406921 0.36092913150787354 0.031938083469867824
v 0.5187503099441528 0.36092913150787354 0.0395876355469228
v 0.4327048063278198 4.329643487930298 0.021488593891263105
v 0.45360374450683594 4.329643487930298 0.04238756373524676
v 0.4355047345161438 4.329643487930298 0.031938079744577505
v 0.4431542754173279 4.329643487930298 0.03958763182163248
v 0.5083008408546448 4.329643487930298 0.04238756373524677
v 0.5291997194290161 4.329643487930298 0.021488597616553425
v 0.5187503099441528 4.329643487930298 0.0395876355469228
v 0.5263998508453369 4.329643487930298 0.031938083469867824
v -2.5603175163269043 0.36092913150787354 -0.04239048808813152
v -2.5394186973571777 0.36092913150787354 -0.021491520106793015
v -2.549868106842041 0.36092913150787354 -0.03959055244922695
v -2.5422184467315674 0.36092913150787354 -0.03194100409746226
v -2.635913610458374 0.36092913150787354 -0.021491525694728484
v -2.6150145530700684 0.36092913150787354 -0.04239049181342183
v -2.6331138610839844 0.36092913150787354 -0.03194100782275258
v -2.6254642009735107 0.36092913150787354 -0.03959055617451726
v -2.5394186973571777 3.773888945579529 -0.021491520106793015
v -2.5603175163269043 3.773888945579529 -0.04239048808813152
v -2.5422184467315674 3.773888945579529 -0.03194100409746226
v -2.549868106842041 3.773888945579529 -0.03959055244922695
v -2.6150145530700684 3.773888945579529 -0.04239049181342183
v -2.635913610458374 3.773888945579529 -0.021491525694728484
v -2.6254642009735107 3.773888945579529 -0.03959055617451726
v -2.6331138610839844 3.773888945579529 -0.03194100782275258
v -3.280432939529419 2.840158998966217 -0.034242548048496975
v -3.280432939529419 2.819260060787201 -0.013343586586416496
v -3.280432939529419 2.8297095596790314 -0.0314426235854633
v -3.280432939529419 2.822060078382492 -0.023793069645763172
v -3.280432939529419 2.9246338605880737 -0.013343584723771347
v -3.280432939529419 2.9037349224090576 -0.034242548048496975
v -3.280432939529419 2.9218339920043945 -0.023793069645763172
v -3.280432939529419 2.9141843914985657 -0.0314426235854633
v -1.8899883031845093 2.819260060787201 -0.013343079946935597
v -1.8899883031845093 2.840158998966217 -0.03424204513430637
v -1.8899883031845093 2.822060078382492 -0.023792563006282273
v -1.8899883031845093 2.8297095596790314 -0.0314421132206921
v -1.8899883031845093 2.9037349224090576 -0.03424204513430637
v -1.8899883031845093 2.9246338605880737 -0.013343079946935597
v -1.8899883031845093 2.9141843914985657 -0.0314421132206921
v -1.8899883031845093 2.9218339920043945 -0.023792563006282273
v -3.280432939529419 1.5308242440223694 -0.034242548048496975
v -3.280432939529419 1.5099253058433533 -0.013343586586416496
v -3.280432939529419 1.5203747153282166 -0.0314426235854633
v -3.280432939529419 1.5127251744270325 -0.023793069645763172
v -3.280432939529419 1.6152990460395813 -0.013343584723771347
v -3.280432939529419 1.5944001078605652 -0.034242548048496975
v -3.280432939529419 1.6124990582466125 -0.023793069645763172
v -3.280432939529419 1.6048495769500732 -0.0314426235854633
v -1.8899883031845093 1.5099253058433533 -0.013343079946935597
v -1.8899883031845093 1.5308242440223694 -0.03424204513430637
v -1.8899883031845093 1.5127251744270325 -0.023792563006282273
v -1.8899883031845093 1.5203747153282166 -0.0314421132206921
v -1.8899883031845093 1.5944001078605652 -0.03424204513430637
v -1.8899883031845093 1.6152990460395813 -0.013343079946935597
v -1.8899883031845093 1.6048495769500732 -0.0314421132206921
v -1.8899883031845093 1.6124990582466125 -0.023792563006282273
v -1.4428595304489136 2.840158998966217 -0.035293132066727004
v -1.4428595304489136 2.819260060787201 -0.014394169673323952
v -1.4428595304489136 2.8297095596790314 -0.03249320015311273
v -1.4428595304489136 2.822060078382492 -0.024843649938702903
v -1.4428595304489136 2.9246338605880737 -0.014394171535969101
v -1.4428595304489136 2.9037349224090576 -0.035293132066727004
v -1.4428595304489136 2.9218339920043945 -0.02484365180134805
v -1.4428595304489136 2.9141843914985657 -0.03249320015311273
v 1.5426889844000448e-9 2.840158760547638 -0.0352926105260849
v 1.5426889844000448e-9 2.840158760547638 -0.0352926105260849
v 6.291661668086689e-10 2.8192597925662994 -0.014393644407391548
v 6.291661668086689e-10 2.8192597925662994 -0.014393644407391548
v 1.4203002179897078e-9 2.829709231853485 -0.032492682337760925
v 1.4203002179897078e-9 2.829709231853485 -0.032492682337760925
v 1.085927575604357e-9 2.822059690952301 -0.0248431283980608
v 1.085927575604357e-9 2.822059690952301 -0.0248431283980608
v 6.291661668086689e-10 2.92463356256485 -0.014393644407391548
v 6.291661668086689e-10 2.92463356256485 -0.014393644407391548
v 1.5426889844000448e-9 2.9037346243858337 -0.0352926105260849
v 1.5426889844000448e-9 2.9037346243858337 -0.0352926105260849
v 1.085927575604357e-9 2.921833574771881 -0.0248431283980608
v 1.085927575604357e-9 2.921833574771881 -0.0248431283980608
v 1.4203002179897078e-9 2.914184093475342 -0.032492682337760925
v 1.4203002179897078e-9 2.914184093475342 -0.032492682337760925
v -1.4428595304489136 1.5308242440223694 -0.035293132066727004
v -1.4428595304489136 1.5099253058433533 -0.014394169673323952
v -1.4428595304489136 1.5203747153282166 -0.03249320015311273
v -1.4428595304489136 1.5127251744270325 -0.024843649938702903
v -1.4428595304489136 1.6152990460395813 -0.014394171535969101
v -1.4428595304489136 1.5944001078605652 -0.035293132066727004
v -1.4428595304489136 1.6124990582466125 -0.02484365180134805
v -1.4428595304489136 1.6048495769500732 -0.03249320015311273
v 1.5426889844000448e-9 1.5308241248130798 -0.0352926105260849
v 1.5426889844000448e-9 1.5308241248130798 -0.0352926105260849
v 6.291661668086689e-10 1.5099251866340637 -0.014393644407391548
v 6.291661668086689e-10 1.5099251866340637 -0.014393644407391548
v 1.4203002179897078e-9 1.520374596118927 -0.032492682337760925
v 1.4203002179897078e-9 1.520374596118927 -0.032492682337760925
v 1.085927575604357e-9 1.512725055217743 -0.0248431283980608
v 1.085927575604357e-9 1.512725055217743 -0.0248431283980608
v 6.291661668086689e-10 1.6152989864349365 -0.014393644407391548
v 6.291661668086689e-10 1.6152989864349365 -0.014393644407391548
v 1.5426889844000448e-9 1.5943999886512756 -0.0352926105260849
v 1.5426889844000448e-9 1.5943999886512756 -0.0352926105260849
v 1.085927575604357e-9 1.612498939037323 -0.0248431283980608
v 1.085927575604357e-9 1.612498939037323 -0.0248431283980608
v 1.4203002179897078e-9 1.6048494577407837 -0.032492682337760925
v 1.4203002179897078e-9 1.6048494577407837 -0.032492682337760925
v -0.4536038041114807 0.36092913150787354 -0.04238756373524676
v -0.4327048659324646 0.36092913150787354 -0.021488593891263105
v -0.44315433502197266 0.36092913150787354 -0.03958763182163248
v -0.4355047941207886 0.36092913150787354 -0.031938079744577505
v -0.5291997790336609 0.36092913150787354 -0.021488597616553425
v -0.5083009004592896 0.36092913150787354 -0.04238756373524677
v -0.5263997912406921 0.36092913150787354 -0.031938083469867824
v -0.5187503099441528 0.36092913150787354 -0.0395876355469228
v -0.4327048063278198 4.329643487930298 -0.021488593891263105
v -0.45360374450683594 4.329643487930298 -0.04238756373524676
v -0.4355047345161438 4.329643487930298 -0.031938079744577505
v -0.4431542754173279 4.329643487930298 -0.03958763182163248
v -0.5083008408546448 4.329643487930298 -0.04238756373524677
v -0.5291997194290161 4.329643487930298 -0.021488597616553425
v -0.5187503099441528 4.329643487930298 -0.0395876355469228
v -0.5263998508453369 4.329643487930298 -0.031938083469867824
v 2.5394186973571777 0.36092913150787354 -0.021491298452019126
v 2.5603175163269043 0.36092913150787354 -0.042390264570712474
v 2.5422184467315674 0.36092913150787354 -0.03194078058004323
v 2.549868106842041 0.36092913150787354 -0.0395903326570982
v 2.6150145530700684 0.36092913150787354 -0.04239026084542216
v 2.635913610458374 0.36092913150787354 -0.021491292864083657
v 2.6254642009735107 0.36092913150787354 -0.03959032893180789
v 2.6331138610839844 0.36092913150787354 -0.03194077685475291
v 2.5603175163269043 3.773888945579529 -0.042390264570712474
v 2.5394186973571777 3.773888945579529 -0.021491298452019126
v 2.549868106842041 3.773888945579529 -0.0395903326570982
v 2.5422184467315674 3.773888945579529 -0.03194078058004323
v 2.635913610458374 3.773888945579529 -0.021491292864083657
v 2.6150145530700684 3.773888945579529 -0.04239026084542216
v 2.6331138610839844 3.773888945579529 -0.03194077685475291
v 2.6254642009735107 3.773888945579529 -0.03959032893180789
v 3.280432939529419 2.819260060787201 -0.013343297876416908
v 3.280432939529419 2.840158998966217 -0.034242264926432835
v 3.280432939529419 2.822060078382492 -0.023792782798408733
v 3.280432939529419 2.8297095596790314 -0.03144234046339916
v 3.280432939529419 2.9037349224090576 -0.034242264926432835
v 3.280432939529419 2.9246338605880737 -0.013343299739062058
v 3.280432939529419 2.9141843914985657 -0.03144234046339916
v 3.280432939529419 2.9218339920043945 -0.023792782798408733
v 1.8899883031845093 2.840158998966217 -0.03424187749624211
v 1.8899883031845093 2.819260060787201 -0.013342914171516475
v 1.8899883031845093 2.8297095596790314 -0.03144194930791813
v 1.8899883031845093 2.822060078382492 -0.02379239723086315
v 1.8899883031845093 2.9246338605880737 -0.013342914171516475
v 1.8899883031845093 2.9037349224090576 -0.03424187749624211
v 1.8899883031845093 2.9218339920043945 -0.02379239723086315
v 1.8899883031845093 2.9141843914985657 -0.03144194930791813
v 3.280432939529419 1.5099253058433533 -0.013343297876416908
v 3.280432939529419 1.5308242440223694 -0.034242264926432835
v 3.280432939529419 1.5127251744270325 -0.023792782798408733
v 3.280432939529419 1.5203747153282166 -0.03144234046339916
v 3.280432939529419 1.5944001078605652 -0.034242264926432835
v 3.280432939529419 1.6152990460395813 -0.013343299739062058
v 3.280432939529419 1.6048495769500732 -0.03144234046339916
v 3.280432939529419 1.6124990582466125 -0.023792782798408733
v 1.8899883031845093 1.5308242440223694 -0.03424187749624211
v 1.8899883031845093 1.5099253058433533 -0.013342914171516475
v 1.8899883031845093 1.5203747153282166 -0.03144194930791813
v 1.8899883031845093 1.5127251744270325 -0.02379239723086315
v 1.8899883031845093 1.6152990460395813 -0.013342914171516475
v 1.8899883031845093 1.5944001078605652 -0.03424187749624211
v 1.8899883031845093 1.6124990582466125 -0.02379239723086315
v 1.8899883031845093 1.6048495769500732 -0.03144194930791813
v 1.4428595304489136 2.819260060787201 -0.014394044876098312
v 1.4428595304489136 2.840158998966217 -0.035293009132146516
v 1.4428595304489136 2.822060078382492 -0.024843527004122415
v 1.4428595304489136 2.8297095596790314 -0.03249307721853224
v 1.4428595304489136 2.9037349224090576 -0.035293009132146516
v 1.4428595304489136 2.9246338605880737 -0.014394043013453163
v 1.4428595304489136 2.9141843914985657 -0.03249307721853224
v 1.4428595304489136 2.9218339920043945 -0.024843525141477266
v 1.4428595304489136 1.5099253058433533 -0.014394044876098312
v 1.4428595304489136 1.5308242440223694 -0.035293009132146516
v 1.4428595304489136 1.5127251744270325 -0.024843527004122415
v 1.4428595304489136 1.5203747153282166 -0.03249307721853224
v 1.4428595304489136 1.5944001078605652 -0.035293009132146516
v 1.4428595304489136 1.6152990460395813 -0.014394043013453163
v 1.4428595304489136 1.6048495769500732 -0.03249307721853224
v 1.4428595304489136 1.6124990582466125 -0.024843525141477266
v 0.4327048659324646 0.36092913150787354 -0.021488556638359926
v 0.4536038041114807 0.36092913150787354 -0.04238752275705327
v 0.4355047941207886 0.36092913150787354 -0.03193803876638403
v 0.44315433502197266 0.36092913150787354 -0.039587590843439005
v 0.5083009004592896 0.36092913150787354 -0.042387522757053264
v 0.5291997790336609 0.36092913150787354 -0.021488552913069607
v 0.5187503099441528 0.36092913150787354 -0.039587587118148686
v 0.5263997912406921 0.36092913150787354 -0.03193803504109371
v 0.45360374450683594 4.329643487930298 -0.04238752275705327
v 0.4327048063278198 4.329643487930298 -0.021488556638359926
v 0.4431542754173279 4.329643487930298 -0.039587590843439005
v 0.4355047345161438 4.329643487930298 -0.03193803876638403
v 0.5291997194290161 4.329643487930298 -0.021488552913069607
v 0.5083008408546448 4.329643487930298 -0.042387522757053264
v 0.5263998508453369 4.329643487930298 -0.03193803504109371
v 0.5187503099441528 4.329643487930298 -0.039587587118148686
v -1.7529865503311157 4.260576844215393 0.1442498415708538
v -1.7529865503311157 0.2532765865325928 0.1442498415708538
v -1.5806361436843872 4.260576844215393 0.14424985647201502
v -1.5806361436843872 0.2532765865325928 0.14424985647201502
v 1.7529865503311157 4.260576844215393 0.1442500203847889
v 1.7529865503311157 0.2532765865325928 0.1442500203847889
v 1.5806361436843872 4.260576844215393 0.14425000548362768
v 1.5806361436843872 0.2532765865325928 0.14425000548362768
v -1.7529865503311157 4.260576844215393 -0.1442500203847889
v -1.7529865503311157 0.2532765865325928 -0.1442500203847889
v -1.5806361436843872 4.260576844215393 -0.14425000548362768
v -1.5806361436843872 0.2532765865325928 -0.14425000548362768
v 1.7529865503311157 4.260576844215393 -0.1442498415708538
v 1.7529865503311157 0.2532765865325928 -0.1442498415708538
v 1.5806361436843872 4.260576844215393 -0.14424985647201502
v 1.5806361436843872 0.2532765865325928 -0.14424985647201502
v -1.7529865503311157 4.260576844215393 0.15154339373111686
v -1.7413759231567383 4.260576844215393 0.16315394639968833
v -1.7514309883117676 4.260576844215393 0.1573486775159832
v -1.7471811771392822 4.260576844215393 0.16159842908382377
v -1.7413759231567383 0.2532765865325928 0.16315397620201072
v -1.7529865503311157 0.2532765865325928 0.15154342353343925
v -1.7471811771392822 0.2532765865325928 0.16159845888614616
v -1.7514309883117676 0.2532765865325928 0.15734870731830558
v -1.5806361436843872 0.2532765865325928 0.15154343843460047
v -1.592246651649475 0.2532765865325928 0.16315397620201075
v -1.5821917057037354 0.2532765865325928 0.1573487222194668
v -1.5864413976669312 0.2532765865325928 0.16159847378730738
v -1.592246651649475 4.260576844215393 0.16315394639968836
v -1.5806361436843872 4.260576844215393 0.15154340863227808
v -1.5864413976669312 4.260576844215393 0.161598443984985
v -1.5821917057037354 4.260576844215393 0.15734869241714441
v 1.7413759231567383 4.260576844215393 0.16315409541130105
v 1.7529865503311157 4.260576844215393 0.15154355764389077
v 1.7471811771392822 4.260576844215393 0.16159860789775887
v 1.7514309883117676 4.260576844215393 0.1573488414287571
v 1.7529865503311157 0.2532765865325928 0.15154358744621316
v 1.7413759231567383 0.2532765865325928 0.16315411031246224
v 1.7514309883117676 0.2532765865325928 0.1573488712310795
v 1.7471811771392822 0.2532765865325928 0.16159862279892007
v 1.592246651649475 0.2532765865325928 0.1631541103124622
v 1.5806361436843872 0.2532765865325928 0.15154357254505194
v 1.5864413976669312 0.2532765865325928 0.16159862279892004
v 1.5821917057037354 0.2532765865325928 0.15734885632991827
v 1.5806361436843872 4.260576844215393 0.15154354274272955
v 1.592246651649475 4.260576844215393 0.16315409541130102
v 1.5821917057037354 4.260576844215393 0.15734882652759588
v 1.5864413976669312 4.260576844215393 0.16159859299659765
v -1.7413759231567383 4.260576844215393 -0.16315409541130105
v -1.7529865503311157 4.260576844215393 -0.15154355764389077
v -1.7471811771392822 4.260576844215393 -0.16159860789775887
v -1.7514309883117676 4.260576844215393 -0.1573488414287571
v -1.7529865503311157 0.2532765865325928 -0.15154358744621316
v -1.7413759231567383 0.2532765865325928 -0.16315411031246224
v -1.7514309883117676 0.2532765865325928 -0.1573488712310795
v -1.7471811771392822 0.2532765865325928 -0.16159862279892007
v -1.592246651649475 0.2532765865325928 -0.1631541103124622
v -1.5806361436843872 0.2532765865325928 -0.15154357254505194
v -1.5864413976669312 0.2532765865325928 -0.16159862279892004
v -1.5821917057037354 0.2532765865325928 -0.15734885632991827
v -1.5806361436843872 4.260576844215393 -0.15154354274272955
v -1.592246651649475 4.260576844215393 -0.16315409541130102
v -1.5821917057037354 4.260576844215393 -0.15734882652759588
v -1.5864413976669312 4.260576844215393 -0.16159859299659765
v 1.7529865503311157 4.260576844215393 -0.15154339373111686
v 1.7413759231567383 4.260576844215393 -0.16315394639968833
v 1.7514309883117676 4.260576844215393 -0.1573486775159832
v 1.7471811771392822 4.260576844215393 -0.16159842908382377
v 1.7413759231567383 0.2532765865325928 -0.16315397620201072
v 1.7529865503311157 0.2532765865325928 -0.15154342353343925
v 1.7471811771392822 0.2532765865325928 -0.16159845888614616
v 1.7514309883117676 0.2532765865325928 -0.15734870731830558
v 1.5806361436843872 0.2532765865325928 -0.15154343843460047
v 1.592246651649475 0.2532765865325928 -0.16315397620201075
v 1.5821917057037354 0.2532765865325928 -0.1573487222194668
v 1.5864413976669312 0.2532765865325928 -0.16159847378730738
v 1.592246651649475 4.260576844215393 -0.16315394639968836
v 1.5806361436843872 4.260576844215393 -0.15154340863227808
v 1.5864413976669312 4.260576844215393 -0.161598443984985
v 1.5821917057037354 4.260576844215393 -0.15734869241714441
vt 0.33767369389533997 0.9971638973802328
vt 0.33767369389533997 0.9971638973802328
vt 0.33767369389533997 0.9971638973802328
vt 0.33767369389533997 0.9971638973802328
vt 0.27037227153778076 0.33719778060913086
vt 1.2703722715377808 0.33719778060913086
vt 0.27037227153778076 0.33719778060913086
vt 0.27037227153778076 0.33719778060913086
vt 1.1976518630981445 0.9971638582646847
vt 0.19765181839466095 0.9971638582646847
vt 0.005039617884904146 0.0030266642570495605
vt 0.005039617884904146 0.0030266642570495605
vt 0.5422540307044983 0.0030265450477600098
vt 0.5422540307044983 0.0030265450477600098
vt 0.5422540307044983 0.15342170000076294
vt 0.5422540307044983 0.15342170000076294
vt 0.005039617884904146 0.15342170000076294
vt 0.005039617884904146 0.15342170000076294
vt 0.19765184819698334 0.3189682364463806
vt 0.19765184819698334 0.3189682364463806
vt 0.4049750864505768 0.9971638754941523
vt 0.4049750864505768 0.9971638754941523
vt 0.4049750864505768 0.9971638754941523
vt 0.4049750864505768 0.9971638754941523
vt 0.7024260759353638 0.20204055309295654
vt 0.7024260759353638 0.20204055309295654
vt 0.004168049432337284 0.20204055309295654
vt 0.004168049432337284 0.20204055309295654
vt 0.7024260759353638 0.2933756709098816
vt 0.7024260759353638 0.2933756709098816
vt 0.004168049432337284 0.2933756709098816
vt 0.004168049432337284 0.2933756709098816
vt 0.04408077523112297 0.7204789221286774
vt 0.04408077523112297 0.7204789221286774
vt 0.04408077523112297 0.6607502102851868
vt 0.04408077523112297 0.6607502102851868
vt 0.8184982538223267 0.3755614161491394
vt 0.8184982538223267 0.3755614161491394
vt 0.8184982538223267 0.3121550679206848
vt 0.8184982538223267 0.3121550679206848
vt 0.8184983134269714 0.8609205186367035
vt 0.8184983134269714 0.8609205186367035
vt 0.8184983134269714 0.7891219258308411
vt 0.8184983134269714 0.7891219258308411
vt 0.04408076032996178 0.7785240113735199
vt 0.04408076032996178 0.7785240113735199
vt 0.04408072680234909 0.9971638380084187
vt 1.0440807342529297 0.9971638380084187
vt 0.04408072680234909 0.9971638380084187
vt 0.04408072680234909 0.9971638380084187
vt 0.04408072680234909 0.9434780031442642
vt 0.04408072680234909 0.9434780031442642
vt 0.8184983134269714 0.7171163260936737
vt 0.8184983134269714 0.7171163260936737
vt 0.04408076032996178 0.834900364279747
vt 0.04408076032996178 0.834900364279747
vt 0.04408080503344536 0.4197577238082886
vt 0.04408080503344536 0.4197577238082886
vt 0.8184983134269714 0.6453314423561096
vt 0.8184983134269714 0.6453314423561096
vt 0.04408072680234909 0.8896690383553505
vt 0.04408072680234909 0.8896690383553505
vt 0.044080790132284164 0.47842681407928467
vt 0.044080790132284164 0.47842681407928467
vt 0.8184982538223267 0.5749433934688568
vt 0.8184982538223267 0.5749433934688568
vt 0.044080790132284164 0.5389511585235596
vt 0.044080790132284164 0.5389511585235596
vt 0.8184982538223267 0.5065200924873352
vt 0.8184982538223267 0.5065200924873352
vt 1.8184982538223267 0.2529885172843933
vt 0.8184982538223267 0.2529885172843933
vt 0.8184982538223267 0.2529885172843933
vt 0.8184982538223267 0.2529885172843933
vt 0.04408080503344536 0.6000561416149139
vt 0.04408080503344536 0.6000561416149139
vt 0.8184982538223267 0.4400937557220459
vt 0.8184982538223267 0.4400937557220459
vt 0.8184983134269714 0.929946094751358
vt 0.8184983134269714 0.929946094751358
vt 0.8184983134269714 0.8950269594788551
vt 0.8184983134269714 0.8950269594788551
vt 0.8184982538223267 0.40779101848602295
vt 0.8184982538223267 0.40779101848602295
vt 0.8184983134269714 0.962755061686039
vt 0.8184983134269714 0.962755061686039
vt 0.8184982538223267 0.4732511043548584
vt 0.8184982538223267 0.4732511043548584
vt 0.8184982538223267 0.2825617790222168
vt 0.8184982538223267 0.2825617790222168
vt 0.8184982538223267 0.5406600534915924
vt 0.8184982538223267 0.5406600534915924
vt 0.8184983134269714 0.610047310590744
vt 0.8184983134269714 0.610047310590744
vt 0.8184982538223267 0.6811151504516602
vt 0.8184982538223267 0.6811151504516602
vt 0.8184983134269714 0.75299371778965
vt 0.8184983134269714 0.75299371778965
vt 0.8184983134269714 0.8248710036277771
vt 0.8184983134269714 0.8248710036277771
vt 0.8184982538223267 0.3438357710838318
vt 0.8184982538223267 0.3438357710838318
vt 0.04408076032996178 0.6304483115673065
vt 0.04408076032996178 0.6304483115673065
vt 0.044080790132284164 0.5695568323135376
vt 0.044080790132284164 0.5695568323135376
vt 0.044080790132284164 0.5087510645389557
vt 0.044080790132284164 0.5087510645389557
vt 0.04408072680234909 0.9165829792618752
vt 0.04408072680234909 0.9165829792618752
vt 0.04408081993460655 0.44916439056396484
vt 0.04408081993460655 0.44916439056396484
vt 0.04408076032996178 0.862300306558609
vt 0.04408076032996178 0.862300306558609
vt 0.04408080503344536 0.392330527305603
vt 0.04408080503344536 0.392330527305603
vt 0.04408076032996178 0.806736022233963
vt 0.04408076032996178 0.806736022233963
vt 0.0440807119011879 0.9703251644968987
vt 0.0440807119011879 0.9703251644968987
vt 0.04408077523112297 0.7495318055152893
vt 0.04408077523112297 0.7495318055152893
vt 0.04408076032996178 0.6906529664993286
vt 0.04408076032996178 0.6906529664993286
vt 0.005039617884904146 0.0030266642570495605
vt 0.005039617884904146 0.0030266642570495605
vt 0.5422540307044983 0.0030265450477600098
vt 0.5422540307044983 0.0030265450477600098
vt 0.5422540307044983 0.15342170000076294
vt 0.5422540307044983 0.15342170000076294
vt 0.005039617884904146 0.15342170000076294
vt 0.005039617884904146 0.15342170000076294
vt 0.19765184819698334 0.3189682364463806
vt 1.1976518630981445 0.3189682364463806
vt 0.7024260759353638 0.20204055309295654
vt 0.7024260759353638 0.20204055309295654
vt 0.004168049432337284 0.20204055309295654
vt 0.004168049432337284 0.20204055309295654
vt 0.7024260759353638 0.2933756709098816
vt 0.7024260759353638 0.2933756709098816
vt 0.004168049432337284 0.2933756709098816
vt 0.004168049432337284 0.2933756709098816
vt 1.0440807342529297 0.7204789221286774
vt 0.04408077523112297 0.7204789221286774
vt 1.0440807342529297 0.6607502102851868
vt 0.04408077523112297 0.6607502102851868
vt 1.8184982538223267 0.3755614161491394
vt 0.8184982538223267 0.3755614161491394
vt 1.8184982538223267 0.3121550679206848
vt 0.8184982538223267 0.3121550679206848
vt 1.8184983730316162 0.8609205186367035
vt 0.8184983134269714 0.8609205186367035
vt 1.8184983730316162 0.7891219258308411
vt 0.8184983134269714 0.7891219258308411
vt 1.0440807342529297 0.7785240113735199
vt 0.04408076032996178 0.7785240113735199
vt 1.0440807342529297 0.9434780031442642
vt 0.04408072680234909 0.9434780031442642
vt 1.8184983730316162 0.7171163260936737
vt 0.8184983134269714 0.7171163260936737
vt 1.0440807342529297 0.834900364279747
vt 0.04408076032996178 0.834900364279747
vt 1.0440808534622192 0.4197577238082886
vt 0.04408080503344536 0.4197577238082886
vt 1.8184983730316162 0.6453314423561096
vt 0.8184983134269714 0.6453314423561096
vt 1.0440807342529297 0.8896690383553505
vt 0.04408072680234909 0.8896690383553505
vt 1.0440807342529297 0.47842681407928467
vt 0.044080790132284164 0.47842681407928467
vt 1.8184982538223267 0.5749433934688568
vt 0.8184982538223267 0.5749433934688568
vt 1.0440807342529297 0.5389511585235596
vt 0.044080790132284164 0.5389511585235596
vt 1.8184982538223267 0.5065200924873352
vt 0.8184982538223267 0.5065200924873352
vt 1.0440808534622192 0.6000561416149139
vt 0.04408080503344536 0.6000561416149139
vt 1.8184982538223267 0.4400937557220459
vt 0.8184982538223267 0.4400937557220459
vt 1.8184983730316162 0.929946094751358
vt 0.8184983134269714 0.929946094751358
vt 1.8184983730316162 0.8950269594788551
vt 0.8184983134269714 0.8950269594788551
vt 1.8184982538223267 0.40779101848602295
vt 0.8184982538223267 0.40779101848602295
vt 1.8184983730316162 0.962755061686039
vt 0.8184983134269714 0.962755061686039
vt 1.8184982538223267 0.4732511043548584
vt 0.8184982538223267 0.4732511043548584
vt 1.8184982538223267 0.2825617790222168
vt 0.8184982538223267 0.2825617790222168
vt 1.8184982538223267 0.5406600534915924
vt 0.8184982538223267 0.5406600534915924
vt 1.8184983730316162 0.610047310590744
vt 0.8184983134269714 0.610047310590744
vt 1.8184982538223267 0.6811151504516602
vt 0.8184982538223267 0.6811151504516602
vt 1.8184983730316162 0.75299371778965
vt 0.8184983134269714 0.75299371778965
vt 1.8184983730316162 0.8248710036277771
vt 0.8184983134269714 0.8248710036277771
vt 1.8184982538223267 0.3438357710838318
vt 0.8184982538223267 0.3438357710838318
vt 1.0440807342529297 0.6304483115673065
vt 0.04408076032996178 0.6304483115673065
vt 1.0440807342529297 0.5695568323135376
vt 0.044080790132284164 0.5695568323135376
vt 1.0440807342529297 0.5087510645389557
vt 0.044080790132284164 0.5087510645389557
vt 1.0440807342529297 0.9165829792618752
vt 0.04408072680234909 0.9165829792618752
vt 1.0440808534622192 0.44916439056396484
vt 0.04408081993460655 0.44916439056396484
vt 1.0440807342529297 0.862300306558609
vt 0.04408076032996178 0.862300306558609
vt 1.0440808534622192 0.392330527305603
vt 0.04408080503344536 0.392330527305603
vt 1.0440807342529297 0.806736022233963
vt 0.04408076032996178 0.806736022233963
vt 1.0440807342529297 0.9703251644968987
vt 0.0440807119011879 0.9703251644968987
vt 1.0440807342529297 0.7495318055152893
vt 0.04408077523112297 0.7495318055152893
vt 1.0440807342529297 0.6906529664993286
vt 0.04408076032996178 0.6906529664993286
vt 0.19765181839466095 0.9971638582646847
vt 0.19765181839466095 0.9971638582646847
vt 0.005039617884904146 0.054189980030059814
vt 0.005039617884904146 0.046906888484954834
vt 0.005039617884904146 0.05236923694610596
vt 0.005039617884904146 0.04872769117355347
vt 0.5422540307044983 0.04690676927566528
vt 0.5422540307044983 0.054189860820770264
vt 0.5422540903091431 0.04872751235961914
vt 0.5422540307044983 0.052369117736816406
vt 0.5422540307044983 0.10225856304168701
vt 0.5422540307044983 0.10954159498214722
vt 0.5422540307044983 0.10407930612564087
vt 0.5422540307044983 0.10772085189819336
vt 0.005039617884904146 0.10954153537750244
vt 0.005039617884904146 0.10225850343704224
vt 0.0050396183505654335 0.10772079229354858
vt 0.005039617884904146 0.1040792465209961
vt 0.9175193905830383 0.24921274185180664
vt 0.9175193905830383 0.24921274185180664
vt 0.09431203454732895 0.3056122660636902
vt 0.09431203454732895 0.3056122660636902
vt 0.9149906635284424 0.2550245523452759
vt 0.9149906635284424 0.2550245523452759
vt 0.9156855344772339 0.2492128610610962
vt 0.9172073006629944 0.2509169578552246
vt 0.9154519438743591 0.25084495544433594
vt 0.09795360267162323 0.3055577278137207
vt 0.912075936794281 0.2542576193809509
vt 0.09431202709674835 0.3019707202911377
vt 0.9141000509262085 0.2492128610610962
vt 0.09605347365140915 0.3019707202911377
vt 0.9141000509262085 0.2526225447654724
vt 0.9141000509262085 0.25084495544433594
vt 0.9161665439605713 0.2539638876914978
vt 0.9134371876716614 0.2547321319580078
vt 0.9146226644515991 0.2538435459136963
vt 0.914979875087738 0.2517268657684326
vt 0.9924402832984924 0.25824350118637085
vt 0.9924402832984924 0.25824350118637085
vt 0.8687300682067871 0.9908139398321509
vt 0.8687300682067871 0.9908139398321509
vt 0.9925246238708496 0.24921131134033203
vt 0.9925246238708496 0.24921131134033203
vt 0.8723716735839844 0.991241610608995
vt 0.9959437847137451 0.25803446769714355
vt 0.9924650192260742 0.2553728222846985
vt 0.8723716735839844 0.9930351553484797
vt 0.9959437847137451 0.25501513481140137
vt 0.8687301278114319 0.9927850258536637
vt 0.8705484867095947 0.9909140598028898
vt 0.8704716563224792 0.9928046679124236
vt 0.9926185011863708 0.25091552734375
vt 0.8687301278114319 0.994455517269671
vt 0.9959437847137451 0.24921131134033203
vt 0.8704715371131897 0.9944554818794131
vt 0.9959437251091003 0.2508434057235718
vt 1.9922690391540527 0.9940658411942422
vt 0.992268979549408 0.9940658411942422
vt 1.9922690391540527 0.9940658411942422
vt 0.992268979549408 0.9940658411942422
vt 1.8687294721603394 0.2529885172843933
vt 0.8687294721603394 0.2529885172843933
vt 1.8687294721603394 0.2529885172843933
vt 0.8687294721603394 0.2529885172843933
vt 0.8723710775375366 0.2530233860015869
vt 1.8723710775375366 0.2530233860015869
vt 1.9959439039230347 0.9940310255624354
vt 0.9959439039230347 0.9940310255624354
vt 1.8705501556396484 0.25299787521362305
vt 0.8705502152442932 0.25299787521362305
vt 0.9924288988113403 0.3375529646873474
vt 0.9924288988113403 0.3375529646873474
vt 0.9924288988113403 0.3375529646873474
vt 0.8687294721603394 0.9299460276961327
vt 0.8687294721603394 0.9299460276961327
vt 0.8687294721603394 0.9299460276961327
vt 0.8723710775375366 0.9295570626854897
vt 0.8723710775375366 0.9299460202455521
vt 0.9959439039230347 0.33792799711227417
vt 0.9959439039230347 0.3375529646873474
vt 0.8705503344535828 0.9298418313264847
vt 0.8705503344535828 0.9298615157604218
vt 0.9924027919769287 0.4043859839439392
vt 0.9924027919769287 0.4043859839439392
vt 0.9924027919769287 0.4043859839439392
vt 0.8687294721603394 0.8609205186367035
vt 0.8687294721603394 0.8609205186367035
vt 0.8687294721603394 0.8609205186367035
vt 0.8723710775375366 0.8605264723300934
vt 0.8723710775375366 0.8609205186367035
vt 0.9959439039230347 0.40476566553115845
vt 0.9959439039230347 0.4043859839439392
vt 0.8705503344535828 0.8608149439096451
vt 0.870550274848938 0.860828623175621
vt 0.9923931956291199 0.47364187240600586
vt 0.9923931956291199 0.47364187240600586
vt 0.9923931956291199 0.47364187240600586
vt 0.8687295317649841 0.7891219258308411
vt 0.8687295317649841 0.7891219258308411
vt 0.8687295317649841 0.7891219258308411
vt 0.8723710775375366 0.788730800151825
vt 0.8723710775375366 0.7891219258308411
vt 0.9959439039230347 0.47401994466781616
vt 0.9959439039230347 0.47364187240600586
vt 0.870550274848938 0.7890171259641647
vt 0.8705502152442932 0.7890444695949554
vt 0.9923595190048218 0.5433095395565033
vt 0.9923595190048218 0.5433095395565033
vt 0.9923595190048218 0.5433095395565033
vt 0.8687294125556946 0.7171163260936737
vt 0.8687294125556946 0.7171163260936737
vt 0.8687294125556946 0.7171163260936737
vt 0.8723710179328918 0.7167738974094391
vt 0.8723709583282471 0.7171163260936737
vt 0.9959439039230347 0.5436401069164276
vt 0.9959439039230347 0.5433095693588257
vt 0.8705501556396484 0.7170245945453644
vt 0.8705501556396484 0.7170377969741821
vt 0.9923466444015503 0.6126468479633331
vt 0.9923466444015503 0.6126468479633331
vt 0.9923466444015503 0.6126468479633331
vt 0.8687294125556946 0.645331472158432
vt 0.8687294125556946 0.645331472158432
vt 0.8687294125556946 0.645331472158432
vt 0.8723709583282471 0.645041286945343
vt 0.8723709583282471 0.645331472158432
vt 0.9959439039230347 0.6129274368286133
vt 0.9959439039230347 0.6126468479633331
vt 0.8705502152442932 0.6452536880970001
vt 0.8705502152442932 0.6452691555023193
vt 0.99232017993927 0.680747777223587
vt 0.99232017993927 0.680747777223587
vt 0.99232017993927 0.680747777223587
vt 0.8687293529510498 0.5749433934688568
vt 0.8687293529510498 0.5749433934688568
vt 0.8687293529510498 0.5749433934688568
vt 0.8723710179328918 0.5746999680995941
vt 0.8723709583282471 0.5749433934688568
vt 0.9959439039230347 0.6809831857681274
vt 0.9959439039230347 0.6807478070259094
vt 0.8705501556396484 0.5748781859874725
vt 0.8705501556396484 0.5748928487300873
vt 0.9923014044761658 0.7469391822814941
vt 0.9923014044761658 0.7469391822814941
vt 0.9923014044761658 0.7469391822814941
vt 0.8687293529510498 0.5065200924873352
vt 0.8687293529510498 0.5065200924873352
vt 0.8687293529510498 0.5065200924873352
vt 0.8723710179328918 0.5063404738903046
vt 0.8723709583282471 0.5065200924873352
vt 0.9959439039230347 0.7471128702163696
vt 0.9959439039230347 0.7469391822814941
vt 0.8705501556396484 0.5064719617366791
vt 0.8705501556396484 0.5064817368984222
vt 0.9922847151756287 0.811212033033371
vt 0.9922847151756287 0.811212033033371
vt 0.9922847151756287 0.811212033033371
vt 0.8687294721603394 0.4400937557220459
vt 0.8687294721603394 0.4400937557220459
vt 0.8687294721603394 0.4400937557220459
vt 0.8723710775375366 0.43995338678359985
vt 0.8723710775375366 0.4400937557220459
vt 0.9959437847137451 0.8113478720188141
vt 0.9959437847137451 0.811212033033371
vt 0.8705502152442932 0.4400562047958374
vt 0.8705503344535828 0.4400709867477417
vt 0.9922734498977661 0.8736521452665329
vt 0.9922734498977661 0.8736521452665329
vt 0.9922734498977661 0.8736521452665329
vt 0.8687294721603394 0.3755614161491394
vt 0.8687294721603394 0.3755614161491394
vt 0.8687294721603394 0.3755614161491394
vt 0.8723710775375366 0.3754863142967224
vt 0.8723710775375366 0.3755614161491394
vt 0.9959437847137451 0.8737248480319977
vt 0.9959437847137451 0.8736521452665329
vt 0.8705503344535828 0.3755412697792053
vt 0.8705502152442932 0.3755483627319336
vt 0.9922694563865662 0.9350007995963097
vt 0.9922694563865662 0.9350007995963097
vt 0.9922694563865662 0.9350007995963097
vt 0.8687293529510498 0.3121550679206848
vt 0.8687293529510498 0.3121550679206848
vt 0.8687293529510498 0.3121550679206848
vt 0.8723709583282471 0.3121519684791565
vt 0.8723709583282471 0.31217414140701294
vt 0.9959439039230347 0.9349823743104935
vt 0.9959439039230347 0.9350039139389992
vt 0.8705502152442932 0.31215423345565796
vt 0.8705501556396484 0.3121601343154907
vt 0.09431200474500656 0.36166805028915405
vt 0.09431200474500656 0.36166805028915405
vt 0.09431201219558716 0.3689512610435486
vt 0.09431201219558716 0.3689512610435486
vt 0.8819688558578491 0.2822476625442505
vt 0.8819688558578491 0.2822507619857788
vt 0.8819688558578491 0.2822507619857788
vt 0.8819688558578491 0.2822476625442505
vt 0.09431200474500656 0.3638541102409363
vt 0.09795357286930084 0.3621216416358948
vt 0.8801574110984802 0.2800411581993103
vt 0.09795358031988144 0.3640003800392151
vt 0.8790973424911499 0.2808975577354431
vt 0.09795358777046204 0.36788082122802734
vt 0.8784500956535339 0.2838135361671448
vt 0.8783584833145142 0.2838171720504761
vt 0.09431201219558716 0.3667650818824768
vt 0.09795358777046204 0.3662383556365967
vt 0.8783918023109436 0.2823282480239868
vt 0.8810676336288452 0.2811465263366699
vt 0.880247175693512 0.28288865089416504
vt 0.8801969885826111 0.2829875946044922
vt 0.8798569440841675 0.2818538546562195
vt 0.09431194514036179 0.9971638584975153
vt 1.0943119525909424 0.9971638584975153
vt 0.09431194514036179 0.9971638584975153
vt 1.0943119525909424 0.9971638584975153
vt 0.8820338249206543 0.9940658411942422
vt 1.8820338249206543 0.9940658411942422
vt 0.8820338249206543 0.9940658411942422
vt 1.8820338249206543 0.9940658411942422
vt 1.8783583641052246 0.9940658411942422
vt 0.8783583641052246 0.9940658411942422
vt 1.0979535579681396 0.9971638598944992
vt 0.09795352071523666 0.9971638598944992
vt 0.8801961541175842 0.994065840728581
vt 1.8801960945129395 0.994065840728581
vt 0.09431203454732895 0.4197577238082886
vt 0.09431203454732895 0.4197577238082886
vt 0.09431203454732895 0.4197577238082886
vt 0.8819292187690735 0.3375529646873474
vt 0.8819292187690735 0.3375529646873474
vt 0.09795361012220383 0.41967153549194336
vt 0.09795361012220383 0.4197577238082886
vt 0.8783584833145142 0.3375529646873474
vt 0.8783584833145142 0.3374539613723755
vt 0.8801438212394714 0.3375529646873474
vt 0.09431200474500656 0.47842681407928467
vt 0.09431200474500656 0.47842681407928467
vt 0.09431200474500656 0.47842681407928467
vt 0.8819345831871033 0.4043859839439392
vt 0.8819345831871033 0.4043859839439392
vt 0.09795358031988144 0.4783424139022827
vt 0.09795358031988144 0.47842681407928467
vt 0.8783584833145142 0.4043859839439392
vt 0.8783584833145142 0.4042903184890747
vt 0.8801465034484863 0.4043859839439392
vt 0.09431197494268417 0.5389511585235596
vt 0.09431197494268417 0.5389511585235596
vt 0.09431197494268417 0.5389511585235596
vt 0.8819288611412048 0.4736417531967163
vt 0.8819288611412048 0.4736417531967163
vt 0.09795355051755905 0.5388686656951904
vt 0.09795355051755905 0.5389511585235596
vt 0.8783584833145142 0.4736417531967163
vt 0.8783584833145142 0.47354745864868164
vt 0.8801436424255371 0.4736417531967163
vt 0.09431198239326477 0.6000562012195587
vt 0.09431198239326477 0.6000562012195587
vt 0.09431198239326477 0.6000562012195587
vt 0.8819559812545776 0.5433096289634705
vt 0.8819559812545776 0.5433096289634705
vt 0.09795355051755905 0.5999792516231537
vt 0.09795355051755905 0.6000562310218811
vt 0.8783583641052246 0.5433096289634705
vt 0.8783583641052246 0.5432219207286835
vt 0.8801571726799011 0.5433096289634705
vt 0.09431197494268417 0.6607502400875092
vt 0.09431197494268417 0.6607502400875092
vt 0.09431197494268417 0.6607502400875092
vt 0.8819621205329895 0.6126469075679779
vt 0.8819621205329895 0.6126469075679779
vt 0.09795355051755905 0.6606848537921906
vt 0.09795355051755905 0.6607502400875092
vt 0.8783583641052246 0.6126469075679779
vt 0.8783583641052246 0.6125722229480743
vt 0.8801602125167847 0.6126469075679779
vt 0.09431197494268417 0.7204789221286774
vt 0.09431197494268417 0.7204789221286774
vt 0.09431197494268417 0.7204789221286774
vt 0.881986141204834 0.6807478070259094
vt 0.881986141204834 0.6807478070259094
vt 0.09795354306697845 0.7204303741455078
vt 0.09795355051755905 0.7204789221286774
vt 0.8783583641052246 0.6807478070259094
vt 0.8783583641052246 0.6806924939155579
vt 0.8801721930503845 0.6807478070259094
vt 0.09431197494268417 0.7785240113735199
vt 0.09431197494268417 0.7785240113735199
vt 0.09431197494268417 0.7785240113735199
vt 0.8820030689239502 0.7469391822814941
vt 0.8820030689239502 0.7469391822814941
vt 0.09795355051755905 0.7784868627786636
vt 0.09795355051755905 0.7785240113735199
vt 0.8783583641052246 0.7469391822814941
vt 0.8783583641052246 0.7468968331813812
vt 0.8801806569099426 0.7469391822814941
vt 0.09431197494268417 0.8349003791809082
vt 0.09431197494268417 0.8349003791809082
vt 0.09431197494268417 0.8349003791809082
vt 0.8820189237594604 0.8112120777368546
vt 0.8820189237594604 0.8112120777368546
vt 0.09795355051755905 0.8348799347877502
vt 0.09795355051755905 0.834900364279747
vt 0.8783583641052246 0.8112120926380157
vt 0.8783583641052246 0.8111888021230698
vt 0.8801887035369873 0.8112120926380157
vt 0.09431195259094238 0.8896690458059311
vt 0.09431195259094238 0.8896690458059311
vt 0.09431195259094238 0.8896690458059311
vt 0.8820298314094543 0.8736522048711777
vt 0.8820298314094543 0.8736522048711777
vt 0.09795352071523666 0.8896581903100014
vt 0.09795352071523666 0.8896690458059311
vt 0.8783583641052246 0.8736522048711777
vt 0.8783583641052246 0.8736398369073868
vt 0.8801941275596619 0.8736522048711777
vt 0.09431197494268417 0.9434780180454254
vt 0.09431197494268417 0.9434780180454254
vt 0.8820333480834961 0.9350007995963097
vt 0.8820333480834961 0.9350007995963097
vt 0.09795355051755905 0.9434780217707157
vt 0.8783583641052246 0.9350007995963097
vt 0.8801958560943604 0.9350007995963097
vt 0.8080275058746338 0.9944563694298267
vt 0.8080275058746338 0.9944563694298267
vt 0.33767375349998474 0.3408393859863281
vt 0.33767375349998474 0.3408393859863281
vt 0.33767375349998474 0.33719784021377563
vt 0.811669111251831 0.9944563368335366
vt 0.811669111251831 0.9944563368335366
vt 0.33767375349998474 0.33719784021377563
vt 0.33767375349998474 0.33901864290237427
vt 0.33767375349998474 0.33901864290237427
vt 0.270372211933136 0.993522266857326
vt 0.270372211933136 0.9935222370550036
vt 0.7978849411010742 0.9944564602337778
vt 0.7978849411010742 0.9944564602337778
vt 0.270372211933136 0.9971638147253543
vt 0.794243335723877 0.9944564928300679
vt 0.794243335723877 0.9944564928300679
vt 0.270372211933136 0.9971638147253543
vt 0.7960640788078308 0.9944564765319228
vt 0.7960640788078308 0.9944564765319228
vt 0.7024260759353638 0.223666250705719
vt 0.7024260759353638 0.23094946146011353
vt 0.7024260759353638 0.22548705339431763
vt 0.7024260759353638 0.2291286587715149
vt 0.004168033599853516 0.23094940185546875
vt 0.004168035928159952 0.223666250705719
vt 0.004168033599853516 0.22912871837615967
vt 0.00416803453117609 0.22548705339431763
vt 0.004168035928159952 0.27175015211105347
vt 0.004168033599853516 0.26446694135665894
vt 0.00416803453117609 0.26992934942245483
vt 0.004168033599853516 0.26628774404525757
vt 0.7024260759353638 0.2644670009613037
vt 0.7024260759353638 0.2717500925064087
vt 0.702426016330719 0.26628780364990234
vt 0.7024260759353638 0.26992934942245483
vt 0.8687293529510498 0.2825617790222168
vt 0.8687293529510498 0.2825617790222168
vt 0.8687293529510498 0.2825617790222168
vt 0.9922734498977661 0.9645408540964127
vt 0.9922734498977661 0.9645408540964127
vt 0.9922734498977661 0.9645408540964127
vt 0.8705501556396484 0.2825723886489868
vt 0.8705500960350037 0.28255975246429443
vt 0.8723709583282471 0.282601535320282
vt 0.8723709583282471 0.28255391120910645
vt 0.9959438443183899 0.9645011685788631
vt 0.9959439039230347 0.9645486958324909
vt 0.8687295317649841 0.9627338871359825
vt 0.8687295317649841 0.9627338871359825
vt 0.8687295317649841 0.9627338871359825
vt 0.992507815361023 0.30415111780166626
vt 0.9924311637878418 0.3039717674255371
vt 0.9925152659416199 0.30337047576904297
vt 0.9924311637878418 0.3039717674255371
vt 0.9925152659416199 0.30337047576904297
vt 0.8705503940582275 0.9629370234906673
vt 0.8705503940582275 0.9629080817103386
vt 0.8723711371421814 0.9634929746389389
vt 0.8723710775375366 0.9627323560416698
vt 0.9959439039230347 0.3060324788093567
vt 0.9959439039230347 0.30474841594696045
vt 0.8687294721603394 0.8950269594788551
vt 0.8687294721603394 0.8950269594788551
vt 0.8687294721603394 0.8950269594788551
vt 0.9924293756484985 0.3712199330329895
vt 0.9924293756484985 0.3712199330329895
vt 0.9924293756484985 0.3712199330329895
vt 0.870550274848938 0.894916370511055
vt 0.8705503344535828 0.8949448242783546
vt 0.8723710775375366 0.8946141079068184
vt 0.8723710775375366 0.8950269594788551
vt 0.9959439039230347 0.37162142992019653
vt 0.9959439039230347 0.3712199330329895
vt 0.8687295317649841 0.8248710036277771
vt 0.8687295317649841 0.8248710036277771
vt 0.8687295317649841 0.8248710036277771
vt 0.9924013614654541 0.4391249418258667
vt 0.9924013614654541 0.4391249418258667
vt 0.9924013614654541 0.4391249418258667
vt 0.8705503344535828 0.8247713297605515
vt 0.8705503940582275 0.8247884809970856
vt 0.8723710775375366 0.8244989216327667
vt 0.8723710775375366 0.8248710036277771
vt 0.9959439039230347 0.439484179019928
vt 0.9959439039230347 0.4391249418258667
vt 0.8687294721603394 0.7529936581850052
vt 0.8687294721603394 0.7529936581850052
vt 0.8687294721603394 0.7529936581850052
vt 0.9923798441886902 0.508569210767746
vt 0.9923798441886902 0.508569210767746
vt 0.9923798441886902 0.508569210767746
vt 0.8705503344535828 0.7528936564922333
vt 0.8705503344535828 0.7529108673334122
vt 0.8723711371421814 0.7526206523180008
vt 0.8723710775375366 0.752993643283844
vt 0.9959439039230347 0.5089303553104401
vt 0.9959439039230347 0.508569210767746
vt 0.8687293529510498 0.6811151206493378
vt 0.8687293529510498 0.6811151206493378
vt 0.8687293529510498 0.6811151206493378
vt 0.9923562407493591 0.5780588388442993
vt 0.9923562407493591 0.5780588388442993
vt 0.9923562407493591 0.5780588388442993
vt 0.8705501556396484 0.6810305416584015
vt 0.8705501556396484 0.681046187877655
vt 0.8723709583282471 0.6807995140552521
vt 0.8723709583282471 0.6811150908470154
vt 0.9959439039230347 0.5783638954162598
vt 0.9959439039230347 0.5780588388442993
vt 0.8687293529510498 0.6100472509860992
vt 0.8687293529510498 0.6100472509860992
vt 0.8687293529510498 0.6100472509860992
vt 0.9923370480537415 0.6467646360397339
vt 0.9923370480537415 0.6467646360397339
vt 0.9923370480537415 0.6467646360397339
vt 0.8705502152442932 0.6099752187728882
vt 0.8705500960350037 0.6099914014339447
vt 0.8723709583282471 0.6097786128520966
vt 0.8723709583282471 0.6100472509860992
vt 0.9959439039230347 0.6470246613025665
vt 0.9959439039230347 0.6467646360397339
vt 0.8687293529510498 0.5406600832939148
vt 0.8687293529510498 0.5406600832939148
vt 0.8687293529510498 0.5406600832939148
vt 0.9923139810562134 0.7138968706130981
vt 0.9923139810562134 0.7138968706130981
vt 0.9923139810562134 0.7138968706130981
vt 0.8705502152442932 0.5406005382537842
vt 0.8705501556396484 0.540616363286972
vt 0.8723709583282471 0.5404380857944489
vt 0.8723709583282471 0.5406600832939148
vt 0.9959439039230347 0.7141117453575134
vt 0.9959439039230347 0.7138968706130981
vt 0.8687293529510498 0.4732511043548584
vt 0.8687293529510498 0.4732511043548584
vt 0.8687293529510498 0.4732511043548584
vt 0.9922965168952942 0.7791172713041306
vt 0.9922965168952942 0.7791172713041306
vt 0.9922965168952942 0.7791172713041306
vt 0.8705501556396484 0.4732077717781067
vt 0.870550274848938 0.4732239246368408
vt 0.8723709583282471 0.47308915853500366
vt 0.8723709583282471 0.4732511043548584
vt 0.9959439039230347 0.7792740017175674
vt 0.9959439039230347 0.7791172713041306
vt 0.8687293529510498 0.4077910780906677
vt 0.8687293529510498 0.4077910780906677
vt 0.8687293529510498 0.4077910780906677
vt 0.9922824501991272 0.8424593955278397
vt 0.9922824501991272 0.8424593955278397
vt 0.9922824501991272 0.8424593955278397
vt 0.8705502152442932 0.4077577590942383
vt 0.8705500960350037 0.4077739119529724
vt 0.8723709583282471 0.4076666235923767
vt 0.8723709583282471 0.4077910780906677
vt 0.9959439039230347 0.8425798565149307
vt 0.9959439039230347 0.8424593955278397
vt 0.8687294721603394 0.3438357710838318
vt 0.8687294721603394 0.3438357710838318
vt 0.8687294721603394 0.3438357710838318
vt 0.9922749400138855 0.9043432101607323
vt 0.9922749400138855 0.9043432101607323
vt 0.9922749400138855 0.9043432101607323
vt 0.8705503344535828 0.34382081031799316
vt 0.870550274848938 0.34383583068847656
vt 0.8723710775375366 0.3437801003456116
vt 0.8723710775375366 0.3438357710838318
vt 0.9959439039230347 0.9043970480561256
vt 0.9959439039230347 0.9043432101607323
vt 0.8820288777351379 0.9645408540964127
vt 0.8820288777351379 0.9645408540964127
vt 0.09431195259094238 0.9703251849859953
vt 0.09431195259094238 0.9703251849859953
vt 0.09431195259094238 0.9703251849859953
vt 0.8801936507225037 0.9645408540964127
vt 0.09795352071523666 0.9703251868486404
vt 0.09795352071523666 0.9703254383057356
vt 0.8783583641052246 0.9645408540964127
vt 0.8783583641052246 0.9645411297678947
vt 0.8819431066513062 0.30588096380233765
vt 0.8819431066513062 0.3060324788093567
vt 0.8819431066513062 0.3060324788093567
vt 0.8819431066513062 0.30588096380233765
vt 0.09431203454732895 0.392330527305603
vt 0.09431203454732895 0.392330527305603
vt 0.09431203454732895 0.392330527305603
vt 0.8801508545875549 0.3060324788093567
vt 0.8801507949829102 0.30587852001190186
vt 0.09795361012220383 0.39224255084991455
vt 0.09795361012220383 0.392330527305603
vt 0.8783584833145142 0.3060324788093567
vt 0.8783584833145142 0.30579686164855957
vt 0.8819145560264587 0.3712199330329895
vt 0.8819145560264587 0.3712199330329895
vt 0.09431200474500656 0.4491644501686096
vt 0.09431200474500656 0.4491644501686096
vt 0.09431200474500656 0.4491644501686096
vt 0.8801364898681641 0.3712199330329895
vt 0.09795358031988144 0.44907593727111816
vt 0.09795358031988144 0.4491644501686096
vt 0.8783584833145142 0.3712199330329895
vt 0.8783584833145142 0.37111854553222656
vt 0.8819271922111511 0.4391249418258667
vt 0.8819271922111511 0.4391249418258667
vt 0.09431197494268417 0.5087510943412781
vt 0.09431197494268417 0.5087510943412781
vt 0.09431197494268417 0.5087510943412781
vt 0.8801428079605103 0.4391249418258667
vt 0.09795355051755905 0.5086606442928314
vt 0.09795355051755905 0.5087510943412781
vt 0.8783584833145142 0.4391249418258667
vt 0.8783584833145142 0.4390212893486023
vt 0.8819378018379211 0.5085691809654236
vt 0.8819378018379211 0.5085691809654236
vt 0.09431198239326477 0.56955686211586
vt 0.09431198239326477 0.56955686211586
vt 0.09431198239326477 0.56955686211586
vt 0.8801481127738953 0.508569210767746
vt 0.09795355051755905 0.5694717168807983
vt 0.09795355051755905 0.56955686211586
vt 0.8783584833145142 0.508569210767746
vt 0.8783584833145142 0.5084720253944397
vt 0.881955087184906 0.5780588984489441
vt 0.881955087184906 0.5780588984489441
vt 0.09431197494268417 0.6304482817649841
vt 0.09431197494268417 0.6304482817649841
vt 0.09431197494268417 0.6304482817649841
vt 0.8801566958427429 0.5780588984489441
vt 0.09795355051755905 0.6303724050521851
vt 0.09795355051755905 0.6304482817649841
vt 0.8783583641052246 0.5780588984489441
vt 0.8783583641052246 0.5779721140861511
vt 0.8819695115089417 0.6467646360397339
vt 0.8819695115089417 0.6467646360397339
vt 0.09431197494268417 0.690652996301651
vt 0.09431197494268417 0.690652996301651
vt 0.09431197494268417 0.690652996301651
vt 0.8801639080047607 0.6467646360397339
vt 0.09795355051755905 0.6905946135520935
vt 0.09795355051755905 0.690652996301651
vt 0.8783583641052246 0.6467646360397339
vt 0.8783583641052246 0.646697998046875
vt 0.8819906115531921 0.7138968706130981
vt 0.8819906115531921 0.7138968706130981
vt 0.09431197494268417 0.7495318353176117
vt 0.09431197494268417 0.7495318353176117
vt 0.09431197494268417 0.7495318353176117
vt 0.880174458026886 0.7138968706130981
vt 0.09795355051755905 0.7494851052761078
vt 0.09795355051755905 0.7495318353176117
vt 0.8783583641052246 0.7138968706130981
vt 0.8783583641052246 0.7138435542583466
vt 0.8820067644119263 0.7791172713041306
vt 0.8820067644119263 0.7791172713041306
vt 0.09431197494268417 0.806736022233963
vt 0.09431197494268417 0.806736022233963
vt 0.09431197494268417 0.806736022233963
vt 0.8801825642585754 0.7791172713041306
vt 0.09795355051755905 0.806706577539444
vt 0.09795355051755905 0.8067360073328018
vt 0.8783583641052246 0.7791172713041306
vt 0.8783583641052246 0.779083713889122
vt 0.8820204138755798 0.8424594402313232
vt 0.8820204138755798 0.8424594402313232
vt 0.09431197494268417 0.8623003214597702
vt 0.09431197494268417 0.8623003214597702
vt 0.09431197494268417 0.8623003214597702
vt 0.8801893591880798 0.8424594551324844
vt 0.09795355051755905 0.8622808903455734
vt 0.09795355051755905 0.8623003214597702
vt 0.8783583641052246 0.8424594551324844
vt 0.8783583641052246 0.842437282204628
vt 0.8820273876190186 0.9043432101607323
vt 0.8820273876190186 0.9043432101607323
vt 0.09431197494268417 0.9165830090641975
vt 0.09431197494268417 0.9165830090641975
vt 0.09431197494268417 0.9165830090641975
vt 0.8801928758621216 0.9043432101607323
vt 0.09795355051755905 0.9165801480412483
vt 0.09795355051755905 0.9165830090641975
vt 0.8783583641052246 0.9043432101607323
vt 0.8783583641052246 0.9043399468064308
vt 0.19765184819698334 0.36284810304641724
vt 0.19765183329582214 0.3701311945915222
vt 0.19765184819698334 0.3646688461303711
vt 0.19765184819698334 0.36831045150756836
vt 0.44885489344596863 0.370131254196167
vt 0.174586683511734 0.3701311945915222
vt 0.1745867133140564 0.3628479838371277
vt 0.45067331194877625 0.370131254196167
vt 0.44885489344596863 0.36831289529800415
vt 0.4505963623523712 0.3683897852897644
vt 0.174586683511734 0.36831289529800415
vt 0.4524964690208435 0.370131254196167
vt 0.17094510793685913 0.370131254196167
vt 0.4524964690208435 0.3683898448944092
vt 0.17094510793685913 0.3683898448944092
vt 0.44885489344596863 0.3664896488189697
vt 0.17094510793685913 0.36284804344177246
vt 0.17458666861057281 0.3646664619445801
vt 0.4505963623523712 0.3664896488189697
vt 0.17094510793685913 0.36458951234817505
vt 0.44885489344596863 0.9971638843417168
vt 0.44885489344596863 0.9971638843417168
vt 1.448854923248291 0.9971638843417168
vt 0.17458665370941162 0.9971638550050557
vt 1.1745866537094116 0.9971638550050557
vt 0.4506756663322449 0.997163884807378
vt 1.4506757259368896 0.997163884807378
vt 0.4524964690208435 0.9971638850402087
vt 0.17094507813453674 0.9971638545393944
vt 1.4524965286254883 0.9971638850402087
vt 1.1709450483322144 0.9971638545393944
vt 0.39566129446029663 0.997163905762136
vt 0.39566129446029663 0.997163905762136
vt 1.3956613540649414 0.997163905762136
vt 1.8080275058746338 0.27286118268966675
vt 0.8080275058746338 0.27286118268966675
vt 1.3974820375442505 0.9971639059949666
vt 0.3974820673465729 0.9971639059949666
vt 0.3993028700351715 0.9971639062277973
vt 1.3993028402328491 0.9971639062277973
vt 0.811669111251831 0.27286118268966675
vt 1.811669111251831 0.27286118268966675
vt 0.8080275058746338 0.9291855618357658
vt 0.8080275058746338 0.9364687129855156
vt 0.39566129446029663 0.3408395051956177
vt 0.8080275654792786 0.9310039505362511
vt 0.3993028700351715 0.3408393859863281
vt 0.811669111251831 0.9291855543851852
vt 0.3993028700351715 0.33909791707992554
vt 0.811669111251831 0.9309270083904266
vt 0.39566129446029663 0.33719784021377563
vt 0.811669111251831 0.936468705534935
vt 0.8080275058746338 0.9346503168344498
vt 0.39740270376205444 0.33719784021377563
vt 0.811669111251831 0.9347272589802742
vt 0.39747971296310425 0.3408393859863281
vt 0.39566129446029663 0.3390210270881653
vt 0.39740273356437683 0.3390979766845703
vt 0.7978849411010742 0.27286118268966675
vt 1.7978849411010742 0.27286118268966675
vt 0.3283598721027374 0.33719778060913086
vt 1.328359842300415 0.33719778060913086
vt 0.7960641384124756 0.27286118268966675
vt 1.7960641384124756 0.27286118268966675
vt 1.794243335723877 0.27286118268966675
vt 1.3320014476776123 0.33719778060913086
vt 0.794243335723877 0.27286118268966675
vt 0.3320014476776123 0.33719778060913086
vt 0.7978848814964294 0.9291855841875076
vt 0.32835981249809265 0.9935222342610359
vt 0.7978848814964294 0.936468742787838
vt 0.7960665225982666 0.929185576736927
vt 0.7978849411010742 0.9310039803385735
vt 0.7961434721946716 0.930927038192749
vt 0.7961434125900269 0.9337862432003021
vt 0.32835981249809265 0.9971638123970479
vt 0.794243335723877 0.9364687502384186
vt 0.33200138807296753 0.9935222342610359
vt 0.794243335723877 0.9291856214404106
vt 0.33010125160217285 0.9971638123970479
vt 0.794243335723877 0.9328271672129631
vt 0.794243335723877 0.9347273036837578
vt 0.7978848814964294 0.9346503466367722
vt 0.7960665822029114 0.936468742787838
vt 0.7961434721946716 0.9347273036837578
vt 0.174586683511734 0.3189682364463806
vt 0.174586683511734 0.3189682364463806
vt 0.40497511625289917 0.3701311945915222
vt 0.40497511625289917 0.3701311945915222
vt 0.4049750864505768 0.3664896488189697
vt 0.17094510793685913 0.3189682364463806
vt 0.17094510793685913 0.3189682364463806
vt 0.4049750864505768 0.3664896488189697
vt 0.4049750566482544 0.36831045150756836
vt 0.4049750566482544 0.36831045150756836
vt 0.044080790132284164 0.36166810989379883
vt 0.044080790132284164 0.36166810989379883
vt 0.044080790132284164 0.36166810989379883
vt 0.044080790132284164 0.36166810989379883
vt 0.044080790132284164 0.36895132064819336
vt 0.044080790132284164 0.36895132064819336
vt 0.044080790132284164 0.36895132064819336
vt 0.044080790132284164 0.36895132064819336
vt 0.044080790132284164 0.3638625741004944
vt 0.044080790132284164 0.3638625741004944
vt 0.04408079385757446 0.366756796836853
vt 0.04408079385757446 0.366756796836853
vt 0.9175192713737488 0.2021360993385315
vt 0.9175192713737488 0.2021360993385315
vt 0.9175192713737488 0.2021360993385315
vt 0.9175192713737488 0.2021360993385315
vt 0.044080786406993866 0.3056122660636902
vt 0.044080786406993866 0.3056122660636902
vt 0.044080786406993866 0.3056122660636902
vt 0.044080786406993866 0.3056122660636902
vt 0.9156147241592407 0.2021360993385315
vt 0.9156147241592407 0.2021360993385315
vt 0.044080790132284164 0.3019707202911377
vt 0.9141000509262085 0.2021360993385315
vt 0.9141000509262085 0.2021360993385315
vt 0.044080790132284164 0.3019707202911377
vt 0.8184988498687744 0.9908150043338537
vt 0.8184988498687744 0.9908150043338537
vt 0.8184988498687744 0.9908150043338537
vt 0.8184988498687744 0.9908150043338537
vt 0.9925246834754944 0.20213603973388672
vt 0.9925246834754944 0.20213603973388672
vt 0.9925246834754944 0.20213603973388672
vt 0.9925246834754944 0.20213603973388672
vt 0.8184989094734192 0.9927696492522955
vt 0.8184989094734192 0.9927696492522955
vt 0.8184989094734192 0.9944565342739224
vt 0.9959439039230347 0.2021360993385315
vt 0.9959439039230347 0.2021360993385315
vt 0.8184989094734192 0.9944565342739224
vt 0.005039617884904146 0.046906888484954834
vt 0.005039617884904146 0.054189980030059814
vt 0.0050396183505654335 0.04872763156890869
vt 0.005039617884904146 0.05236923694610596
vt 0.5422540307044983 0.05418992042541504
vt 0.5422540307044983 0.04690676927566528
vt 0.5422540307044983 0.052369117736816406
vt 0.5422540307044983 0.04872751235961914
vt 0.5422540307044983 0.10954159498214722
vt 0.5422540307044983 0.10225856304168701
vt 0.5422540903091431 0.10772085189819336
vt 0.5422540307044983 0.10407930612564087
vt 0.005039617884904146 0.10225850343704224
vt 0.005039617884904146 0.10954159498214722
vt 0.005039617884904146 0.1040792465209961
vt 0.005039617884904146 0.10772079229354858
vt 1.9175193309783936 0.24921274185180664
vt 1.9175193309783936 0.24921274185180664
vt 1.914990782737732 0.25502443313598633
vt 1.914990782737732 0.25502443313598633
vt 1.094312071800232 0.3056122660636902
vt 1.094312071800232 0.3056122660636902
vt 1.9169360399246216 0.25088655948638916
vt 1.9156336784362793 0.24921292066574097
vt 1.9153711795806885 0.25083476305007935
vt 1.913670539855957 0.2546132802963257
vt 1.91591215133667 0.25393205881118774
vt 1.9146111011505127 0.253780722618103
vt 1.914949655532837 0.25174480676651
vt 1.094312071800232 0.3019707202911377
vt 1.9141000509262085 0.24921292066574097
vt 1.0979535579681396 0.3052387237548828
vt 1.9122560024261475 0.254112184047699
vt 1.0960513353347778 0.3019707202911377
vt 1.9141000509262085 0.2526225447654724
vt 1.9141000509262085 0.2508429288864136
vt 1.9924402236938477 0.25824350118637085
vt 1.9924402236938477 0.25824350118637085
vt 1.9925246238708496 0.24921131134033203
vt 1.9925246238708496 0.24921131134033203
vt 1.868730068206787 0.9908139407634735
vt 1.868730068206787 0.9908139407634735
vt 1.9924650192260742 0.2553728222846985
vt 1.8723715543746948 0.9912416134029627
vt 1.9959437847137451 0.2580344080924988
vt 1.8723716735839844 0.9930351553484797
vt 1.9959437847137451 0.25501513481140137
vt 1.868730068206787 0.994455517269671
vt 1.9959437847137451 0.24921131134033203
vt 1.9926185607910156 0.25091552734375
vt 1.870471477508545 0.9944554823450744
vt 1.9959437847137451 0.250843346118927
vt 1.8705484867095947 0.9909140598028898
vt 1.868730068206787 0.9927850258536637
vt 1.870471715927124 0.9928046679124236
vt 1.8687294721603394 0.9299460276961327
vt 1.8687294721603394 0.9299460276961327
vt 1.8687294721603394 0.9299460276961327
vt 1.9924288988113403 0.3375529646873474
vt 1.9924288988113403 0.3375529646873474
vt 1.9924288988113403 0.3375529646873474
vt 1.870550274848938 0.9298418462276459
vt 1.8705503940582275 0.9298615157604218
vt 1.8723710775375366 0.9295570626854897
vt 1.8723710775375366 0.9299460202455521
vt 1.9959439039230347 0.33792799711227417
vt 1.9959439039230347 0.3375529646873474
vt 1.8687294721603394 0.8609205186367035
vt 1.8687294721603394 0.8609205186367035
vt 1.8687294721603394 0.8609205186367035
vt 1.9924027919769287 0.4043859839439392
vt 1.9924027919769287 0.4043859839439392
vt 1.9924027919769287 0.4043859839439392
vt 1.8705503940582275 0.8608149439096451
vt 1.870550274848938 0.860828623175621
vt 1.8723710775375366 0.8605264723300934
vt 1.8723710775375366 0.8609205186367035
vt 1.9959440231323242 0.40476566553115845
vt 1.9959439039230347 0.4043859839439392
vt 1.8687294721603394 0.7891219258308411
vt 1.8687294721603394 0.7891219258308411
vt 1.8687294721603394 0.7891219258308411
vt 1.9923932552337646 0.47364187240600586
vt 1.9923932552337646 0.47364187240600586
vt 1.9923932552337646 0.47364187240600586
vt 1.870550274848938 0.7890171259641647
vt 1.8705501556396484 0.7890444695949554
vt 1.8723710775375366 0.788730800151825
vt 1.8723710775375366 0.7891219258308411
vt 1.9959439039230347 0.47402000427246094
vt 1.9959439039230347 0.47364187240600586
vt 1.8687293529510498 0.7171163260936737
vt 1.8687293529510498 0.7171163260936737
vt 1.8687293529510498 0.7171163260936737
vt 1.9923595190048218 0.5433095693588257
vt 1.9923595190048218 0.5433095693588257
vt 1.9923595190048218 0.5433095693588257
vt 1.8705501556396484 0.717024564743042
vt 1.8705501556396484 0.7170377969741821
vt 1.872370958328247 0.7167738974094391
vt 1.872370958328247 0.7171163260936737
vt 1.9959439039230347 0.5436400771141052
vt 1.9959439039230347 0.5433095693588257
vt 1.8687293529510498 0.645331472158432
vt 1.8687293529510498 0.645331472158432
vt 1.8687293529510498 0.645331472158432
vt 1.9923465251922607 0.6126468479633331
vt 1.9923465251922607 0.6126468479633331
vt 1.9923465251922607 0.6126468479633331
vt 1.8705501556396484 0.6452537775039673
vt 1.8705501556396484 0.6452691555023193
vt 1.872370958328247 0.645041286945343
vt 1.872370958328247 0.645331472158432
vt 1.9959440231323242 0.6129274368286133
vt 1.9959439039230347 0.6126468479633331
vt 1.8687293529510498 0.5749433934688568
vt 1.8687293529510498 0.5749433934688568
vt 1.8687293529510498 0.5749433934688568
vt 1.99232017993927 0.6807478070259094
vt 1.99232017993927 0.6807478070259094
vt 1.99232017993927 0.6807478070259094
vt 1.8705501556396484 0.5748781859874725
vt 1.8705501556396484 0.5748928487300873
vt 1.872370958328247 0.5746999979019165
vt 1.872370958328247 0.5749433934688568
vt 1.9959437847137451 0.6809831857681274
vt 1.9959439039230347 0.6807478070259094
vt 1.8687293529510498 0.5065201222896576
vt 1.8687293529510498 0.5065201222896576
vt 1.8687293529510498 0.5065201222896576
vt 1.9923014640808105 0.7469391822814941
vt 1.9923014640808105 0.7469391822814941
vt 1.9923014640808105 0.7469391822814941
vt 1.8705501556396484 0.5064719319343567
vt 1.8705501556396484 0.5064817368984222
vt 1.872370958328247 0.506340503692627
vt 1.872370958328247 0.5065200924873352
vt 1.9959439039230347 0.7471128702163696
vt 1.9959439039230347 0.7469391822814941
vt 1.8687294721603394 0.4400937557220459
vt 1.8687294721603394 0.4400937557220459
vt 1.8687294721603394 0.4400937557220459
vt 1.9922846555709839 0.811212033033371
vt 1.9922846555709839 0.811212033033371
vt 1.9922846555709839 0.811212033033371
vt 1.8705503940582275 0.44005608558654785
vt 1.870550274848938 0.4400710463523865
vt 1.8723710775375366 0.43995338678359985
vt 1.8723710775375366 0.4400937557220459
vt 1.9959437847137451 0.8113478571176529
vt 1.9959437847137451 0.811212033033371
vt 1.8687294721603394 0.3755614161491394
vt 1.8687294721603394 0.3755614161491394
vt 1.8687294721603394 0.3755614161491394
vt 1.9922734498977661 0.8736521452665329
vt 1.9922734498977661 0.8736521452665329
vt 1.9922734498977661 0.8736521452665329
vt 1.8705501556396484 0.3755413293838501
vt 1.870550274848938 0.3755483627319336
vt 1.8723710775375366 0.37548625469207764
vt 1.8723710775375366 0.3755614161491394
vt 1.9959437847137451 0.8737248331308365
vt 1.9959437847137451 0.8736521452665329
vt 1.8687293529510498 0.3121550679206848
vt 1.8687293529510498 0.3121550679206848
vt 1.8687293529510498 0.3121550679206848
vt 1.992269515991211 0.9350007995963097
vt 1.992269515991211 0.9350007995963097
vt 1.992269515991211 0.9350007995963097
vt 1.8705501556396484 0.31215423345565796
vt 1.8705501556396484 0.3121601343154907
vt 1.872370958328247 0.3121519684791565
vt 1.872370958328247 0.31217414140701294
vt 1.9959439039230347 0.9349823743104935
vt 1.9959439039230347 0.9350039064884186
vt 1.8819688558578491 0.2822476625442505
vt 1.8819688558578491 0.2822507619857788
vt 1.8819688558578491 0.2822507619857788
vt 1.8819688558578491 0.2822476625442505
vt 1.0943119525909424 0.3689512014389038
vt 1.0943119525909424 0.3689512014389038
vt 1.0943119525909424 0.36166810989379883
vt 1.0943119525909424 0.36166810989379883
vt 1.8801970481872559 0.2829875349998474
vt 1.8811217546463013 0.2809872031211853
vt 1.8810677528381348 0.2811466455459595
vt 1.879854440689087 0.28186357021331787
vt 1.0943119525909424 0.3667650818824768
vt 1.0979535579681396 0.36788082122802734
vt 1.8783584833145142 0.28381723165512085
vt 1.0979535579681396 0.3662383556365967
vt 1.8783584833145142 0.2823352813720703
vt 1.0979535579681396 0.3621216416358948
vt 1.8802770376205444 0.279613733291626
vt 1.880157470703125 0.2800412178039551
vt 1.0943119525909424 0.36385416984558105
vt 1.0979535579681396 0.3640003800392151
vt 1.8791464567184448 0.28072381019592285
vt 1.8819291591644287 0.3375529646873474
vt 1.8819291591644287 0.3375529646873474
vt 1.094312071800232 0.4197577238082886
vt 1.094312071800232 0.4197577238082886
vt 1.094312071800232 0.4197577238082886
vt 1.8801438808441162 0.3375529646873474
vt 1.0979535579681396 0.41967153549194336
vt 1.0979535579681396 0.4197577238082886
vt 1.8783584833145142 0.3375529646873474
vt 1.8783586025238037 0.3374539613723755
vt 1.881934642791748 0.4043859839439392
vt 1.881934642791748 0.4043859839439392
vt 1.0943119525909424 0.47842681407928467
vt 1.0943119525909424 0.47842681407928467
vt 1.0943119525909424 0.47842681407928467
vt 1.8801465034484863 0.4043859839439392
vt 1.0979535579681396 0.47834235429763794
vt 1.0979535579681396 0.47842681407928467
vt 1.8783584833145142 0.4043859839439392
vt 1.8783584833145142 0.4042903184890747
vt 1.8819289207458496 0.4736417531967163
vt 1.8819289207458496 0.4736417531967163
vt 1.0943119525909424 0.5389511585235596
vt 1.0943119525909424 0.5389511585235596
vt 1.0943119525909424 0.5389511585235596
vt 1.880143642425537 0.4736417531967163
vt 1.0979535579681396 0.5388686954975128
vt 1.0979535579681396 0.5389511585235596
vt 1.8783584833145142 0.4736417531967163
vt 1.8783584833145142 0.47354745864868164
vt 1.881955862045288 0.5433096289634705
vt 1.881955862045288 0.5433096289634705
vt 1.0943119525909424 0.6000562310218811
vt 1.0943119525909424 0.6000562310218811
vt 1.0943119525909424 0.6000562310218811
vt 1.880157232284546 0.5433096289634705
vt 1.0979535579681396 0.5999792516231537
vt 1.0979535579681396 0.6000562310218811
vt 1.8783583641052246 0.5433096289634705
vt 1.8783583641052246 0.5432219207286835
vt 1.8819621801376343 0.6126469075679779
vt 1.8819621801376343 0.6126469075679779
vt 1.0943119525909424 0.6607502400875092
vt 1.0943119525909424 0.6607502400875092
vt 1.0943119525909424 0.6607502400875092
vt 1.8801602125167847 0.6126469075679779
vt 1.0979535579681396 0.6606848537921906
vt 1.0979535579681396 0.6607502400875092
vt 1.8783583641052246 0.6126469075679779
vt 1.8783583641052246 0.6125722527503967
vt 1.881986141204834 0.6807478368282318
vt 1.881986141204834 0.6807478368282318
vt 1.0943119525909424 0.7204789221286774
vt 1.0943119525909424 0.7204789221286774
vt 1.0943119525909424 0.7204789221286774
vt 1.8801722526550293 0.6807478070259094
vt 1.0979535579681396 0.7204304039478302
vt 1.0979535579681396 0.7204789221286774
vt 1.8783583641052246 0.6807478070259094
vt 1.8783583641052246 0.6806924939155579
vt 1.8820030689239502 0.7469391822814941
vt 1.8820030689239502 0.7469391822814941
vt 1.0943119525909424 0.7785240113735199
vt 1.0943119525909424 0.7785240113735199
vt 1.0943119525909424 0.7785240113735199
vt 1.8801805973052979 0.7469391822814941
vt 1.0979535579681396 0.7784868627786636
vt 1.0979535579681396 0.7785240113735199
vt 1.8783583641052246 0.7469391822814941
vt 1.8783583641052246 0.7468968331813812
vt 1.88201904296875 0.8112120926380157
vt 1.88201904296875 0.8112120926380157
vt 1.0943119525909424 0.834900364279747
vt 1.0943119525909424 0.834900364279747
vt 1.0943119525909424 0.834900364279747
vt 1.8801887035369873 0.8112120926380157
vt 1.0979535579681396 0.834879919886589
vt 1.0979535579681396 0.834900364279747
vt 1.8783583641052246 0.8112120926380157
vt 1.8783583641052246 0.8111887872219086
vt 1.8820297718048096 0.8736522048711777
vt 1.8820297718048096 0.8736522048711777
vt 1.0943119525909424 0.8896690458059311
vt 1.0943119525909424 0.8896690458059311
vt 1.0943119525909424 0.8896690458059311
vt 1.8801941871643066 0.8736522048711777
vt 1.0979535579681396 0.8896581903100014
vt 1.0979535579681396 0.8896690458059311
vt 1.8783583641052246 0.8736522048711777
vt 1.8783583641052246 0.8736398220062256
vt 1.882033348083496 0.9350007995963097
vt 1.882033348083496 0.9350007995963097
vt 1.0943119525909424 0.9434780217707157
vt 1.0943119525909424 0.9434780217707157
vt 1.8801958560943604 0.9350007995963097
vt 1.0979535579681396 0.9434780217707157
vt 1.8783583641052246 0.9350007995963097
vt 1.3376737833023071 0.3408393859863281
vt 0.33767375349998474 0.3408393859863281
vt 0.33767375349998474 0.3408393859863281
vt 0.8080275058746338 0.9944563694298267
vt 1.8080275058746338 0.9944563694298267
vt 1.3376737833023071 0.3390185832977295
vt 0.33767375349998474 0.3390185832977295
vt 1.3376737833023071 0.33719784021377563
vt 0.811669111251831 0.9944563368335366
vt 1.811669111251831 0.9944563368335366
vt 0.33767375349998474 0.33719784021377563
vt 0.7978849411010742 0.9944564602337778
vt 1.7978849411010742 0.9944564602337778
vt 1.2703721523284912 0.9935222370550036
vt 0.270372211933136 0.993522266857326
vt 0.7960641384124756 0.9944564765319228
vt 1.7960641384124756 0.9944564765319228
vt 1.2703721523284912 0.9971638147253543
vt 0.794243335723877 0.9944564928300679
vt 1.794243335723877 0.9944564928300679
vt 0.270372211933136 0.9971638147253543
vt 0.7024260759353638 0.23094940185546875
vt 0.7024260759353638 0.223666250705719
vt 0.702426016330719 0.22912871837615967
vt 0.7024260759353638 0.22548705339431763
vt 0.004168035928159952 0.223666250705719
vt 0.004168033599853516 0.23094946146011353
vt 0.00416803453117609 0.22548705339431763
vt 0.004168033599853516 0.2291286587715149
vt 0.004168033599853516 0.2644670009613037
vt 0.004168035928159952 0.2717500925064087
vt 0.004168033599853516 0.26628780364990234
vt 0.00416803453117609 0.26992928981781006
vt 0.7024260759353638 0.2717500925064087
vt 0.7024260759353638 0.26446694135665894
vt 0.7024260759353638 0.26992934942245483
vt 0.7024260759353638 0.26628774404525757
vt 1.9922734498977661 0.9645408540964127
vt 1.9922734498977661 0.9645408540964127
vt 1.9922734498977661 0.9645408540964127
vt 1.8687293529510498 0.2825617790222168
vt 1.8687293529510498 0.2825617790222168
vt 1.8687293529510498 0.2825617790222168
vt 1.872370958328247 0.2826014757156372
vt 1.872370958328247 0.28255391120910645
vt 1.9959439039230347 0.9645011685788631
vt 1.9959439039230347 0.9645486958324909
vt 1.8705501556396484 0.2825723886489868
vt 1.8705501556396484 0.28255969285964966
vt 1.992507815361023 0.30415111780166626
vt 1.9924311637878418 0.30397170782089233
vt 1.992515206336975 0.30337047576904297
vt 1.9924311637878418 0.30397170782089233
vt 1.992515206336975 0.30337047576904297
vt 1.868729591369629 0.9627338908612728
vt 1.868729591369629 0.9627338908612728
vt 1.868729591369629 0.9627338908612728
vt 1.8723710775375366 0.9634929709136486
vt 1.8723710775375366 0.9627323560416698
vt 1.9959439039230347 0.3060324788093567
vt 1.9959439039230347 0.3047483563423157
vt 1.8705503940582275 0.9629370234906673
vt 1.8705503940582275 0.9629080817103386
vt 1.9924293756484985 0.3712199330329895
vt 1.9924293756484985 0.3712199330329895
vt 1.9924293756484985 0.3712199330329895
vt 1.8687294721603394 0.8950269594788551
vt 1.8687294721603394 0.8950269594788551
vt 1.8687294721603394 0.8950269594788551
vt 1.8723710775375366 0.894614115357399
vt 1.8723710775375366 0.8950269594788551
vt 1.9959439039230347 0.37162142992019653
vt 1.9959439039230347 0.3712199330329895
vt 1.870550274848938 0.894916370511055
vt 1.8705503940582275 0.8949448242783546
vt 1.992401361465454 0.4391249418258667
vt 1.992401361465454 0.4391249418258667
vt 1.992401361465454 0.4391249418258667
vt 1.8687294721603394 0.8248710036277771
vt 1.8687294721603394 0.8248710036277771
vt 1.8687294721603394 0.8248710036277771
vt 1.8723710775375366 0.8244989216327667
vt 1.8723710775375366 0.8248710036277771
vt 1.9959439039230347 0.439484179019928
vt 1.9959439039230347 0.4391249418258667
vt 1.8705503940582275 0.8247713446617126
vt 1.8705503940582275 0.8247884809970856
vt 1.992379903793335 0.508569210767746
vt 1.992379903793335 0.508569210767746
vt 1.992379903793335 0.508569210767746
vt 1.868729591369629 0.752993643283844
vt 1.868729591369629 0.752993643283844
vt 1.868729591369629 0.752993643283844
vt 1.8723710775375366 0.7526206523180008
vt 1.8723710775375366 0.752993643283844
vt 1.9959437847137451 0.5089303553104401
vt 1.9959439039230347 0.508569210767746
vt 1.8705501556396484 0.7528936713933945
vt 1.8705503940582275 0.7529108673334122
vt 1.9923561811447144 0.5780588388442993
vt 1.9923561811447144 0.5780588388442993
vt 1.9923561811447144 0.5780588388442993
vt 1.8687293529510498 0.6811150908470154
vt 1.8687293529510498 0.6811150908470154
vt 1.8687293529510498 0.6811150908470154
vt 1.872370958328247 0.6807995140552521
vt 1.872370958328247 0.6811150908470154
vt 1.9959437847137451 0.5783638656139374
vt 1.9959439039230347 0.5780588388442993
vt 1.8705501556396484 0.6810305416584015
vt 1.8705501556396484 0.681046187877655
vt 1.9923369884490967 0.6467646360397339
vt 1.9923369884490967 0.6467646360397339
vt 1.9923369884490967 0.6467646360397339
vt 1.8687293529510498 0.6100472807884216
vt 1.8687293529510498 0.6100472807884216
vt 1.8687293529510498 0.6100472807884216
vt 1.872370958328247 0.6097786128520966
vt 1.872370958328247 0.6100472509860992
vt 1.9959439039230347 0.6470246911048889
vt 1.9959439039230347 0.6467646360397339
vt 1.8705501556396484 0.6099752187728882
vt 1.8705501556396484 0.6099914014339447
vt 1.9923139810562134 0.7138969004154205
vt 1.9923139810562134 0.7138969004154205
vt 1.9923139810562134 0.7138969004154205
vt 1.8687293529510498 0.5406600832939148
vt 1.8687293529510498 0.5406600832939148
vt 1.8687293529510498 0.5406600832939148
vt 1.872370958328247 0.5404381155967712
vt 1.872370958328247 0.5406600832939148
vt 1.9959439039230347 0.7141117453575134
vt 1.9959439039230347 0.7138968706130981
vt 1.8705501556396484 0.5406006276607513
vt 1.8705501556396484 0.540616363286972
vt 1.9922964572906494 0.7791172713041306
vt 1.9922964572906494 0.7791172713041306
vt 1.9922964572906494 0.7791172713041306
vt 1.8687293529510498 0.4732511043548584
vt 1.8687293529510498 0.4732511043548584
vt 1.8687293529510498 0.4732511043548584
vt 1.872370958328247 0.47308921813964844
vt 1.872370958328247 0.4732511043548584
vt 1.9959437847137451 0.7792740017175674
vt 1.9959439039230347 0.7791172713041306
vt 1.8705501556396484 0.4732077121734619
vt 1.870550274848938 0.4732239246368408
vt 1.9922823905944824 0.8424593955278397
vt 1.9922823905944824 0.8424593955278397
vt 1.9922823905944824 0.8424593955278397
vt 1.8687293529510498 0.4077910780906677
vt 1.8687293529510498 0.4077910780906677
vt 1.8687293529510498 0.4077910780906677
vt 1.872370958328247 0.4076666235923767
vt 1.872370958328247 0.4077910780906677
vt 1.9959439039230347 0.8425798565149307
vt 1.9959439039230347 0.8424593955278397
vt 1.8705501556396484 0.4077577590942383
vt 1.8705501556396484 0.4077739119529724
vt 1.9922749996185303 0.9043432101607323
vt 1.9922749996185303 0.9043432101607323
vt 1.9922749996185303 0.9043432101607323
vt 1.8687294721603394 0.3438357710838318
vt 1.8687294721603394 0.3438357710838318
vt 1.8687294721603394 0.3438357710838318
vt 1.8723710775375366 0.3437801003456116
vt 1.8723710775375366 0.3438357710838318
vt 1.9959439039230347 0.9043970480561256
vt 1.9959439039230347 0.9043432101607323
vt 1.8705503940582275 0.34382081031799316
vt 1.870550274848938 0.3438357710838318
vt 1.0943119525909424 0.9703251849859953
vt 1.0943119525909424 0.9703251849859953
vt 1.0943119525909424 0.9703251849859953
vt 1.8820288181304932 0.9645408540964127
vt 1.8820288181304932 0.9645408540964127
vt 1.0979535579681396 0.9703251868486404
vt 1.0979535579681396 0.9703254383057356
vt 1.8783583641052246 0.9645408540964127
vt 1.8783583641052246 0.9645411297678947
vt 1.8801937103271484 0.9645408540964127
vt 1.094312071800232 0.392330527305603
vt 1.094312071800232 0.392330527305603
vt 1.094312071800232 0.392330527305603
vt 1.8819431066513062 0.30588096380233765
vt 1.8819431066513062 0.3060324788093567
vt 1.8819431066513062 0.3060324788093567
vt 1.8819431066513062 0.30588096380233765
vt 1.0979535579681396 0.39224255084991455
vt 1.0979535579681396 0.392330527305603
vt 1.8783584833145142 0.3060324788093567
vt 1.8783583641052246 0.30579686164855957
vt 1.8801507949829102 0.3060324192047119
vt 1.8801507949829102 0.30587857961654663
vt 1.0943119525909424 0.4491644501686096
vt 1.0943119525909424 0.4491644501686096
vt 1.0943119525909424 0.4491644501686096
vt 1.8819146156311035 0.3712199330329895
vt 1.8819146156311035 0.3712199330329895
vt 1.0979535579681396 0.4490758776664734
vt 1.0979535579681396 0.4491644501686096
vt 1.8783584833145142 0.3712199330329895
vt 1.8783584833145142 0.37111854553222656
vt 1.880136489868164 0.3712199330329895
vt 1.0943119525909424 0.5087510943412781
vt 1.0943119525909424 0.5087510943412781
vt 1.0943119525909424 0.5087510943412781
vt 1.881927251815796 0.4391249418258667
vt 1.881927251815796 0.4391249418258667
vt 1.0979535579681396 0.508660614490509
vt 1.0979535579681396 0.5087510943412781
vt 1.8783584833145142 0.4391249418258667
vt 1.8783584833145142 0.4390212893486023
vt 1.8801428079605103 0.4391249418258667
vt 1.0943119525909424 0.56955686211586
vt 1.0943119525909424 0.56955686211586
vt 1.0943119525909424 0.56955686211586
vt 1.8819377422332764 0.508569210767746
vt 1.8819377422332764 0.508569210767746
vt 1.0979535579681396 0.569471687078476
vt 1.0979535579681396 0.56955686211586
vt 1.8783584833145142 0.508569210767746
vt 1.8783584833145142 0.5084720253944397
vt 1.88014817237854 0.508569210767746
vt 1.0943119525909424 0.6304482817649841
vt 1.0943119525909424 0.6304482817649841
vt 1.0943119525909424 0.6304482817649841
vt 1.8819550275802612 0.5780588984489441
vt 1.8819550275802612 0.5780588984489441
vt 1.0979535579681396 0.6303724050521851
vt 1.0979535579681396 0.6304482817649841
vt 1.8783583641052246 0.5780588984489441
vt 1.8783583641052246 0.5779721438884735
vt 1.8801567554473877 0.5780588984489441
vt 1.0943119525909424 0.690652996301651
vt 1.0943119525909424 0.690652996301651
vt 1.0943119525909424 0.690652996301651
vt 1.8819694519042969 0.6467646360397339
vt 1.8819694519042969 0.6467646360397339
vt 1.0979535579681396 0.6905945837497711
vt 1.0979535579681396 0.690652996301651
vt 1.8783583641052246 0.6467646360397339
vt 1.8783583641052246 0.646697998046875
vt 1.8801639080047607 0.6467646360397339
vt 1.0943119525909424 0.7495318353176117
vt 1.0943119525909424 0.7495318353176117
vt 1.0943119525909424 0.7495318353176117
vt 1.881990671157837 0.7138968706130981
vt 1.881990671157837 0.7138968706130981
vt 1.0979535579681396 0.7494850754737854
vt 1.0979535579681396 0.7495318353176117
vt 1.8783583641052246 0.7138968706130981
vt 1.8783583641052246 0.7138435542583466
vt 1.8801743984222412 0.7138968706130981
vt 1.0943119525909424 0.8067360073328018
vt 1.0943119525909424 0.8067360073328018
vt 1.0943119525909424 0.8067360073328018
vt 1.8820068836212158 0.7791172713041306
vt 1.8820068836212158 0.7791172713041306
vt 1.0979535579681396 0.806706577539444
vt 1.0979535579681396 0.8067360073328018
vt 1.8783583641052246 0.7791172713041306
vt 1.8783583641052246 0.7790836989879608
vt 1.8801826238632202 0.7791172564029694
vt 1.0943119525909424 0.8623003214597702
vt 1.0943119525909424 0.8623003214597702
vt 1.0943119525909424 0.8623003214597702
vt 1.8820204734802246 0.8424594551324844
vt 1.8820204734802246 0.8424594551324844
vt 1.0979535579681396 0.8622808903455734
vt 1.0979535579681396 0.8623003214597702
vt 1.8783583641052246 0.8424594551324844
vt 1.8783583641052246 0.8424372673034668
vt 1.8801894187927246 0.8424594551324844
vt 1.0943119525909424 0.9165830090641975
vt 1.0943119525909424 0.9165830090641975
vt 1.0943119525909424 0.9165830090641975
vt 1.8820273876190186 0.9043432101607323
vt 1.8820273876190186 0.9043432101607323
vt 1.0979535579681396 0.9165801480412483
vt 1.0979535579681396 0.9165830090641975
vt 1.8783583641052246 0.9043432101607323
vt 1.8783583641052246 0.9043399468064308
vt 1.8801929950714111 0.9043432101607323
vt 1.1976518630981445 0.3701311945915222
vt 1.1976518630981445 0.36284804344177246
vt 1.1976518630981445 0.36831045150756836
vt 1.1976518630981445 0.3646688461303711
vt 0.44885489344596863 0.370131254196167
vt 1.448854923248291 0.370131254196167
vt 1.1745866537094116 0.36284804344177246
vt 1.1745866537094116 0.3701311945915222
vt 1.448854923248291 0.3683128356933594
vt 1.4506733417510986 0.370131254196167
vt 1.4505963325500488 0.3683897852897644
vt 1.1745866537094116 0.3646664619445801
vt 1.448854923248291 0.3664896488189697
vt 1.170945167541504 0.36284810304641724
vt 1.4505963325500488 0.3664896488189697
vt 1.170945167541504 0.36458951234817505
vt 1.4524965286254883 0.370131254196167
vt 1.170945167541504 0.370131254196167
vt 1.1745866537094116 0.36831289529800415
vt 1.4524965286254883 0.3683898448944092
vt 1.170945167541504 0.3683898448944092
vt 1.8080275058746338 0.9291855692863464
vt 0.395661324262619 0.3408393859863281
vt 1.3956613540649414 0.3408393859863281
vt 1.8080275058746338 0.9364687204360962
vt 1.3993028402328491 0.3408393859863281
vt 1.811669111251831 0.9291855841875076
vt 1.8080275058746338 0.9310039579868317
vt 1.3993028402328491 0.3390979766845703
vt 1.811669111251831 0.9309270307421684
vt 1.3956613540649414 0.3390210270881653
vt 1.397479772567749 0.3408393859863281
vt 1.3974027633666992 0.3390979766845703
vt 1.8080275058746338 0.9346503168344498
vt 1.3956613540649414 0.33719784021377563
vt 1.811669111251831 0.936468705534935
vt 1.3974027633666992 0.33719784021377563
vt 1.811669111251831 0.9347272664308548
vt 1.7978849411010742 0.9291855841875076
vt 1.7978849411010742 0.936468742787838
vt 1.328359842300415 0.9935222351923585
vt 1.7978849411010742 0.9310039803385735
vt 1.7960665225982666 0.929185576736927
vt 1.7961435317993164 0.9309270307421684
vt 1.7960665225982666 0.936468742787838
vt 1.7978849411010742 0.9346503391861916
vt 1.7961434125900269 0.9318681135773659
vt 1.7961435317993164 0.9347273036837578
vt 1.3320014476776123 0.9935222645290196
vt 1.794243335723877 0.9291855916380882
vt 1.328359842300415 0.9971638126298785
vt 1.794243335723877 0.9364687502384186
vt 1.3320014476776123 0.995263715274632
vt 1.794243335723877 0.9309270456433296
vt 1.794243335723877 0.9328271672129631
vt 1.4049750566482544 0.3701311945915222
vt 0.4049750864505768 0.3701311945915222
vt 0.4049750864505768 0.3701311945915222
vt 1.1745866537094116 0.31896817684173584
vt 0.1745866984128952 0.31896817684173584
vt 1.4049750566482544 0.36831045150756836
vt 0.4049750864505768 0.36831045150756836
vt 1.4049750566482544 0.3664896488189697
vt 1.170945167541504 0.3189682364463806
vt 0.17094510793685913 0.3189682364463806
vt 0.4049750864505768 0.3664896488189697
vt 1.0440807342529297 0.3689512610435486
vt 0.04408079385757446 0.3689512610435486
vt 1.0440807342529297 0.3689512610435486
vt 0.04408079385757446 0.3689512610435486
vt 1.0440807342529297 0.3616681694984436
vt 0.044080786406993866 0.3616681694984436
vt 1.0440807342529297 0.3616681694984436
vt 0.044080786406993866 0.3616681694984436
vt 1.0440807342529297 0.366756796836853
vt 0.04408079385757446 0.366756796836853
vt 1.0440807342529297 0.3638625741004944
vt 0.044080790132284164 0.3638625741004944
vt 1.0440807342529297 0.3056122660636902
vt 0.044080790132284164 0.3056122660636902
vt 1.0440807342529297 0.3056122660636902
vt 0.044080790132284164 0.3056122660636902
vt 1.9175193309783936 0.20213603973388672
vt 0.9175193309783936 0.20213603973388672
vt 1.9175193309783936 0.20213603973388672
vt 0.9175193309783936 0.20213603973388672
vt 1.0440807342529297 0.3019707202911377
vt 0.9141000509262085 0.2021360993385315
vt 1.9141000509262085 0.2021360993385315
vt 0.044080790132284164 0.3019707202911377
vt 1.9156146049499512 0.20213615894317627
vt 0.915614664554596 0.20213615894317627
vt 0.9925246834754944 0.2021360993385315
vt 1.9925246238708496 0.2021360993385315
vt 0.9925246834754944 0.2021360993385315
vt 1.9925246238708496 0.2021360993385315
vt 1.8184988498687744 0.9908150034025311
vt 0.8184988498687744 0.9908150034025311
vt 1.8184988498687744 0.9908150034025311
vt 0.8184988498687744 0.9908150034025311
vt 1.8184988498687744 0.9944565342739224
vt 0.9959439039230347 0.2021360993385315
vt 1.9959439039230347 0.2021360993385315
vt 0.8184989094734192 0.9944565342739224
vt 1.8184988498687744 0.9927696483209729
vt 0.8184988498687744 0.9927696483209729
vt 0.005039617884904146 0.046906888484954834
vt 0.005039617884904146 0.054189980030059814
vt 0.0050396183505654335 0.04872763156890869
vt 0.005039617884904146 0.05236923694610596
vt 0.5422540307044983 0.05418992042541504
vt 0.5422540307044983 0.04690676927566528
vt 0.5422540307044983 0.052369117736816406
vt 0.5422540307044983 0.04872751235961914
vt 0.5422540307044983 0.10954159498214722
vt 0.5422540307044983 0.10225856304168701
vt 0.5422540903091431 0.10772085189819336
vt 0.5422540307044983 0.10407930612564087
vt 0.005039617884904146 0.10225850343704224
vt 0.005039617884904146 0.10954159498214722
vt 0.005039617884904146 0.1040792465209961
vt 0.005039617884904146 0.10772079229354858
vt 0.9175193905830383 0.24921274185180664
vt 0.9175193905830383 0.24921274185180664
vt 0.9149907827377319 0.25502443313598633
vt 0.9149907827377319 0.25502443313598633
vt 0.09431203454732895 0.3056122660636902
vt 0.09431203454732895 0.3056122660636902
vt 0.9169360399246216 0.25088655948638916
vt 0.9156336188316345 0.24921292066574097
vt 0.9153712391853333 0.25083476305007935
vt 0.9136705994606018 0.2546132802963257
vt 0.9159121513366699 0.25393205881118774
vt 0.9149496555328369 0.25174480676651
vt 0.9146111011505127 0.253780722618103
vt 0.9141000509262085 0.24921292066574097
vt 0.09431203454732895 0.3019707202911377
vt 0.9122560024261475 0.254112184047699
vt 0.09795361012220383 0.3052387237548828
vt 0.9141000509262085 0.2508429288864136
vt 0.9141000509262085 0.2526225447654724
vt 0.09605132043361664 0.3019707202911377
vt 0.9924402832984924 0.25824350118637085
vt 0.9924402832984924 0.25824350118637085
vt 0.9925246834754944 0.24921131134033203
vt 0.9925246834754944 0.24921131134033203
vt 0.8687300682067871 0.9908139407634735
vt 0.8687300682067871 0.9908139407634735
vt 0.9924650192260742 0.2553728222846985
vt 0.9959437847137451 0.2580344080924988
vt 0.8723715543746948 0.9912416134029627
vt 0.9959437847137451 0.25501513481140137
vt 0.8723716735839844 0.9930351553484797
vt 0.9959437847137451 0.24921131134033203
vt 0.8687301278114319 0.994455517269671
vt 0.9926185011863708 0.25091552734375
vt 0.9959437847137451 0.250843346118927
vt 0.8704715371131897 0.9944554823450744
vt 0.8705485463142395 0.9909140598028898
vt 0.8687301278114319 0.9927850258536637
vt 0.8704716563224792 0.9928046679124236
vt 0.8687294721603394 0.2529885172843933
vt 0.8687294721603394 0.2529885172843933
vt 0.8687294721603394 0.2529885172843933
vt 0.8687294721603394 0.2529885172843933
vt 0.9922689199447632 0.9940658416599035
vt 0.9922689199447632 0.9940658416599035
vt 0.9922689199447632 0.9940658416599035
vt 0.9922689199447632 0.9940658416599035
vt 0.8705502152442932 0.25299787521362305
vt 0.8705502152442932 0.25299787521362305
vt 0.9959439039230347 0.9940310255624354
vt 0.9959439039230347 0.9940310255624354
vt 0.8723710775375366 0.2530233860015869
vt 0.8723710775375366 0.2530233860015869
vt 0.8687294721603394 0.9299460276961327
vt 0.8687294721603394 0.9299460276961327
vt 0.8687294721603394 0.9299460276961327
vt 0.9924288988113403 0.3375529646873474
vt 0.9924288988113403 0.3375529646873474
vt 0.9924288988113403 0.3375529646873474
vt 0.8705503344535828 0.9298615157604218
vt 0.870550274848938 0.9298418462276459
vt 0.9959439039230347 0.3375529646873474
vt 0.9959439039230347 0.33792799711227417
vt 0.8723710775375366 0.9299460202455521
vt 0.8723710775375366 0.9295570626854897
vt 0.8687294721603394 0.8609205186367035
vt 0.8687294721603394 0.8609205186367035
vt 0.8687294721603394 0.8609205186367035
vt 0.9924027919769287 0.4043859839439392
vt 0.9924027919769287 0.4043859839439392
vt 0.9924027919769287 0.4043859839439392
vt 0.870550274848938 0.860828623175621
vt 0.8705503344535828 0.8608149439096451
vt 0.9959439039230347 0.4043859839439392
vt 0.9959439635276794 0.40476566553115845
vt 0.8723710775375366 0.8609205186367035
vt 0.8723710775375366 0.8605264723300934
vt 0.8687294721603394 0.7891219258308411
vt 0.8687294721603394 0.7891219258308411
vt 0.8687294721603394 0.7891219258308411
vt 0.9923932552337646 0.47364187240600586
vt 0.9923932552337646 0.47364187240600586
vt 0.9923932552337646 0.47364187240600586
vt 0.8705502152442932 0.7890444695949554
vt 0.870550274848938 0.7890171259641647
vt 0.9959439039230347 0.47364187240600586
vt 0.9959439039230347 0.47402000427246094
vt 0.8723710775375366 0.7891219258308411
vt 0.8723710775375366 0.788730800151825
vt 0.8687293529510498 0.7171163260936737
vt 0.8687293529510498 0.7171163260936737
vt 0.8687293529510498 0.7171163260936737
vt 0.9923595190048218 0.5433095693588257
vt 0.9923595190048218 0.5433095693588257
vt 0.9923595190048218 0.5433095693588257
vt 0.8705501556396484 0.7170377969741821
vt 0.8705501556396484 0.717024564743042
vt 0.9959439039230347 0.5433095693588257
vt 0.9959439039230347 0.5436400771141052
vt 0.8723709583282471 0.7171163260936737
vt 0.8723709583282471 0.7167738974094391
vt 0.8687293529510498 0.645331472158432
vt 0.8687293529510498 0.645331472158432
vt 0.8687293529510498 0.645331472158432
vt 0.9923465847969055 0.6126468479633331
vt 0.9923465847969055 0.6126468479633331
vt 0.9923465847969055 0.6126468479633331
vt 0.8705502152442932 0.6452691555023193
vt 0.8705500960350037 0.6452537775039673
vt 0.9959439039230347 0.6126468479633331
vt 0.9959439635276794 0.6129274368286133
vt 0.8723709583282471 0.645331472158432
vt 0.8723709583282471 0.645041286945343
vt 0.8687293529510498 0.5749433934688568
vt 0.8687293529510498 0.5749433934688568
vt 0.8687293529510498 0.5749433934688568
vt 0.99232017993927 0.6807478070259094
vt 0.99232017993927 0.6807478070259094
vt 0.99232017993927 0.6807478070259094
vt 0.8705501556396484 0.5748928487300873
vt 0.8705501556396484 0.5748781859874725
vt 0.9959439039230347 0.6807478070259094
vt 0.9959438443183899 0.6809831857681274
vt 0.8723709583282471 0.5749433934688568
vt 0.8723709583282471 0.5746999979019165
vt 0.8687293529510498 0.5065201222896576
vt 0.8687293529510498 0.5065201222896576
vt 0.8687293529510498 0.5065201222896576
vt 0.9923014044761658 0.7469391822814941
vt 0.9923014044761658 0.7469391822814941
vt 0.9923014044761658 0.7469391822814941
vt 0.8705501556396484 0.5064817368984222
vt 0.8705500960350037 0.5064719319343567
vt 0.9959439039230347 0.7469391822814941
vt 0.9959439039230347 0.7471128702163696
vt 0.8723709583282471 0.5065200924873352
vt 0.8723709583282471 0.506340503692627
vt 0.8687294721603394 0.4400937557220459
vt 0.8687294721603394 0.4400937557220459
vt 0.8687294721603394 0.4400937557220459
vt 0.9922846555709839 0.811212033033371
vt 0.9922846555709839 0.811212033033371
vt 0.9922846555709839 0.811212033033371
vt 0.870550274848938 0.4400710463523865
vt 0.8705503344535828 0.44005608558654785
vt 0.9959437847137451 0.811212033033371
vt 0.9959438443183899 0.8113478571176529
vt 0.8723710775375366 0.4400937557220459
vt 0.8723710775375366 0.43995338678359985
vt 0.8687294721603394 0.3755614161491394
vt 0.8687294721603394 0.3755614161491394
vt 0.8687294721603394 0.3755614161491394
vt 0.9922734498977661 0.8736521452665329
vt 0.9922734498977661 0.8736521452665329
vt 0.9922734498977661 0.8736521452665329
vt 0.870550274848938 0.3755483627319336
vt 0.8705502152442932 0.3755413293838501
vt 0.9959437847137451 0.8736521452665329
vt 0.9959437251091003 0.8737248331308365
vt 0.8723710775375366 0.3755614161491394
vt 0.8723710775375366 0.37548625469207764
vt 0.8687293529510498 0.3121550679206848
vt 0.8687293529510498 0.3121550679206848
vt 0.8687293529510498 0.3121550679206848
vt 0.9922695159912109 0.9350007995963097
vt 0.9922695159912109 0.9350007995963097
vt 0.9922695159912109 0.9350007995963097
vt 0.8705501556396484 0.3121601343154907
vt 0.8705502152442932 0.31215423345565796
vt 0.9959439039230347 0.9350039064884186
vt 0.9959439039230347 0.9349823743104935
vt 0.8723709583282471 0.31217414140701294
vt 0.8723709583282471 0.3121519684791565
vt 0.8819688558578491 0.2822476625442505
vt 0.8819688558578491 0.2822507619857788
vt 0.8819688558578491 0.2822507619857788
vt 0.8819688558578491 0.2822476625442505
vt 0.09431201219558716 0.3689512014389038
vt 0.09431201219558716 0.3689512014389038
vt 0.09431201219558716 0.36166810989379883
vt 0.09431201219558716 0.36166810989379883
vt 0.8801969885826111 0.2829875349998474
vt 0.8810677528381348 0.2811466455459595
vt 0.8811217546463013 0.2809872031211853
vt 0.8798543810844421 0.28186357021331787
vt 0.8798570036888123 0.28185391426086426
vt 0.09431201219558716 0.3667650818824768
vt 0.8783584833145142 0.28381723165512085
vt 0.09795358777046204 0.36788082122802734
vt 0.8790779113769531 0.2824552059173584
vt 0.8791135549545288 0.2823968529701233
vt 0.09603798389434814 0.3662383556365967
vt 0.8801574110984802 0.2800412178039551
vt 0.8802770376205444 0.279613733291626
vt 0.09795358031988144 0.3621216416358948
vt 0.09431199729442596 0.36385416984558105
vt 0.8796242475509644 0.2811899185180664
vt 0.8795956969261169 0.2812749743461609
vt 0.0960516631603241 0.36400049924850464
vt 0.8820338249206543 0.9940658411942422
vt 0.8820338249206543 0.9940658411942422
vt 0.8820338249206543 0.9940658411942422
vt 0.8820338249206543 0.9940658411942422
vt 0.09431195259094238 0.9971638584975153
vt 0.09431195259094238 0.9971638584975153
vt 0.09431195259094238 0.9971638584975153
vt 0.09431195259094238 0.9971638584975153
vt 0.8801960945129395 0.9940658411942422
vt 0.8801960945129395 0.9940658411942422
vt 0.09795352071523666 0.9971638598944992
vt 0.8783583641052246 0.9940658411942422
vt 0.09795352071523666 0.9971638598944992
vt 0.8783583641052246 0.9940658411942422
vt 0.8819292187690735 0.3375529646873474
vt 0.8819292187690735 0.3375529646873474
vt 0.09431203454732895 0.4197577238082886
vt 0.09431203454732895 0.4197577238082886
vt 0.09431203454732895 0.4197577238082886
vt 0.8801438808441162 0.3375529646873474
vt 0.8783585429191589 0.3374539613723755
vt 0.8783584833145142 0.3375529646873474
vt 0.09795361012220383 0.4197577238082886
vt 0.09795361012220383 0.41967153549194336
vt 0.8819345831871033 0.4043859839439392
vt 0.8819345831871033 0.4043859839439392
vt 0.09431199729442596 0.47842681407928467
vt 0.09431199729442596 0.47842681407928467
vt 0.09431199729442596 0.47842681407928467
vt 0.8801465034484863 0.4043859839439392
vt 0.8783584833145142 0.4042903184890747
vt 0.8783584833145142 0.4043859839439392
vt 0.09795358031988144 0.47842681407928467
vt 0.09795358031988144 0.47834235429763794
vt 0.8819288611412048 0.4736417531967163
vt 0.8819288611412048 0.4736417531967163
vt 0.09431197494268417 0.5389511585235596
vt 0.09431197494268417 0.5389511585235596
vt 0.09431197494268417 0.5389511585235596
vt 0.8801437020301819 0.4736417531967163
vt 0.8783584833145142 0.47354745864868164
vt 0.8783584833145142 0.4736417531967163
vt 0.09795355051755905 0.5389511585235596
vt 0.09795355051755905 0.5388686954975128
vt 0.8819559216499329 0.5433096289634705
vt 0.8819559216499329 0.5433096289634705
vt 0.09431198239326477 0.6000562310218811
vt 0.09431198239326477 0.6000562310218811
vt 0.09431198239326477 0.6000562310218811
vt 0.8801571726799011 0.5433096289634705
vt 0.8783583641052246 0.5432219207286835
vt 0.8783583641052246 0.5433096289634705
vt 0.09795355051755905 0.6000562310218811
vt 0.09795355051755905 0.5999792516231537
vt 0.8819621801376343 0.6126469075679779
vt 0.8819621801376343 0.6126469075679779
vt 0.09431197494268417 0.6607502400875092
vt 0.09431197494268417 0.6607502400875092
vt 0.09431197494268417 0.6607502400875092
vt 0.8801602125167847 0.6126469075679779
vt 0.8783583045005798 0.6125722527503967
vt 0.8783583641052246 0.6126469075679779
vt 0.09795355051755905 0.6607502400875092
vt 0.09795355051755905 0.6606848537921906
vt 0.8819860816001892 0.6807478368282318
vt 0.8819860816001892 0.6807478368282318
vt 0.09431197494268417 0.7204789221286774
vt 0.09431197494268417 0.7204789221286774
vt 0.09431197494268417 0.7204789221286774
vt 0.8801721930503845 0.6807478070259094
vt 0.8783583641052246 0.6806924939155579
vt 0.8783583641052246 0.6807478070259094
vt 0.09795355051755905 0.7204789221286774
vt 0.09795355051755905 0.7204304039478302
vt 0.8820030689239502 0.7469391822814941
vt 0.8820030689239502 0.7469391822814941
vt 0.09431197494268417 0.7785240113735199
vt 0.09431197494268417 0.7785240113735199
vt 0.09431197494268417 0.7785240113735199
vt 0.8801806569099426 0.7469391822814941
vt 0.8783583641052246 0.7468968331813812
vt 0.8783583641052246 0.7469391822814941
vt 0.09795355051755905 0.7785240113735199
vt 0.09795355051755905 0.7784868627786636
vt 0.8820189833641052 0.8112120926380157
vt 0.8820189833641052 0.8112120926380157
vt 0.09431197494268417 0.834900364279747
vt 0.09431197494268417 0.834900364279747
vt 0.09431197494268417 0.834900364279747
vt 0.8801886439323425 0.8112120926380157
vt 0.8783584237098694 0.8111887872219086
vt 0.8783583641052246 0.8112120926380157
vt 0.09795355051755905 0.834900364279747
vt 0.09795355051755905 0.834879919886589
vt 0.8820298314094543 0.8736522048711777
vt 0.8820298314094543 0.8736522048711777
vt 0.09431194514036179 0.8896690458059311
vt 0.09431194514036179 0.8896690458059311
vt 0.09431194514036179 0.8896690458059311
vt 0.8801941275596619 0.8736522048711777
vt 0.8783584237098694 0.8736398220062256
vt 0.8783583641052246 0.8736522048711777
vt 0.09795352071523666 0.8896690458059311
vt 0.09795352071523666 0.8896581903100014
vt 0.8820334076881409 0.9350007995963097
vt 0.8820334076881409 0.9350007995963097
vt 0.09431197494268417 0.9434780217707157
vt 0.09431197494268417 0.9434780217707157
vt 0.8801958560943604 0.9350007995963097
vt 0.8783583641052246 0.9350007995963097
vt 0.09795355051755905 0.9434780217707157
vt 0.7024260759353638 0.23094940185546875
vt 0.7024260759353638 0.223666250705719
vt 0.702426016330719 0.22912871837615967
vt 0.7024260759353638 0.22548705339431763
vt 0.004168035928159952 0.223666250705719
vt 0.004168033599853516 0.23094946146011353
vt 0.00416803453117609 0.22548705339431763
vt 0.004168033599853516 0.2291286587715149
vt 0.004168033599853516 0.2644670009613037
vt 0.004168035928159952 0.2717500925064087
vt 0.004168033599853516 0.26628780364990234
vt 0.00416803453117609 0.26992928981781006
vt 0.7024260759353638 0.2717500925064087
vt 0.7024260759353638 0.26446694135665894
vt 0.7024260759353638 0.26992934942245483
vt 0.7024260759353638 0.26628774404525757
vt 0.9922734498977661 0.9645408540964127
vt 0.9922734498977661 0.9645408540964127
vt 0.9922734498977661 0.9645408540964127
vt 0.8687293529510498 0.2825617790222168
vt 0.8687293529510498 0.2825617790222168
vt 0.8687293529510498 0.2825617790222168
vt 0.9959439039230347 0.9645486958324909
vt 0.9959439039230347 0.9645011685788631
vt 0.8723709583282471 0.28255391120910645
vt 0.8723710179328918 0.2826014757156372
vt 0.8705500960350037 0.28255969285964966
vt 0.8705501556396484 0.2825723886489868
vt 0.9925152063369751 0.30337047576904297
vt 0.9924311637878418 0.30397170782089233
vt 0.9925152063369751 0.30337047576904297
vt 0.9924311637878418 0.30397170782089233
vt 0.992507815361023 0.30415111780166626
vt 0.8687295317649841 0.9627338908612728
vt 0.8687295317649841 0.9627338908612728
vt 0.8687295317649841 0.9627338908612728
vt 0.9959439039230347 0.3047483563423157
vt 0.9959439039230347 0.3060324788093567
vt 0.8723710775375366 0.9627323560416698
vt 0.8723710775375366 0.9634929709136486
vt 0.8705503940582275 0.9629080817103386
vt 0.8705503940582275 0.9629370234906673
vt 0.9924293756484985 0.3712199330329895
vt 0.9924293756484985 0.3712199330329895
vt 0.9924293756484985 0.3712199330329895
vt 0.8687294721603394 0.8950269594788551
vt 0.8687294721603394 0.8950269594788551
vt 0.8687294721603394 0.8950269594788551
vt 0.9959439039230347 0.3712199330329895
vt 0.9959439039230347 0.37162142992019653
vt 0.8723710775375366 0.8950269594788551
vt 0.8723710775375366 0.894614115357399
vt 0.8705503344535828 0.8949448242783546
vt 0.870550274848938 0.894916370511055
vt 0.9924013614654541 0.4391249418258667
vt 0.9924013614654541 0.4391249418258667
vt 0.9924013614654541 0.4391249418258667
vt 0.8687294721603394 0.8248710036277771
vt 0.8687294721603394 0.8248710036277771
vt 0.8687294721603394 0.8248710036277771
vt 0.9959439039230347 0.4391249418258667
vt 0.9959439039230347 0.439484179019928
vt 0.8723710775375366 0.8248710036277771
vt 0.8723710775375366 0.8244989216327667
vt 0.8705503940582275 0.8247884809970856
vt 0.8705503344535828 0.8247713446617126
vt 0.9923798441886902 0.508569210767746
vt 0.9923798441886902 0.508569210767746
vt 0.9923798441886902 0.508569210767746
vt 0.8687295317649841 0.752993643283844
vt 0.8687295317649841 0.752993643283844
vt 0.8687295317649841 0.752993643283844
vt 0.9959439039230347 0.508569210767746
vt 0.9959438443183899 0.5089303553104401
vt 0.8723710775375366 0.752993643283844
vt 0.8723710775375366 0.7526206523180008
vt 0.8705503344535828 0.7529108673334122
vt 0.8705502152442932 0.7528936713933945
vt 0.9923561811447144 0.5780588388442993
vt 0.9923561811447144 0.5780588388442993
vt 0.9923561811447144 0.5780588388442993
vt 0.8687293529510498 0.6811150908470154
vt 0.8687293529510498 0.6811150908470154
vt 0.8687293529510498 0.6811150908470154
vt 0.9959439039230347 0.5780588388442993
vt 0.9959438443183899 0.5783638656139374
vt 0.8723709583282471 0.6811150908470154
vt 0.8723709583282471 0.6807995140552521
vt 0.8705501556396484 0.681046187877655
vt 0.8705502152442932 0.6810305416584015
vt 0.9923370480537415 0.6467646360397339
vt 0.9923370480537415 0.6467646360397339
vt 0.9923370480537415 0.6467646360397339
vt 0.8687294125556946 0.6100472807884216
vt 0.8687294125556946 0.6100472807884216
vt 0.8687294125556946 0.6100472807884216
vt 0.9959439039230347 0.6467646360397339
vt 0.9959439039230347 0.6470246911048889
vt 0.8723709583282471 0.6100472509860992
vt 0.8723709583282471 0.6097786128520966
vt 0.8705500960350037 0.6099914014339447
vt 0.8705502152442932 0.6099752187728882
vt 0.9923139810562134 0.7138969004154205
vt 0.9923139810562134 0.7138969004154205
vt 0.9923139810562134 0.7138969004154205
vt 0.8687293529510498 0.5406600832939148
vt 0.8687293529510498 0.5406600832939148
vt 0.8687293529510498 0.5406600832939148
vt 0.9959439039230347 0.7138968706130981
vt 0.9959439039230347 0.7141117453575134
vt 0.8723709583282471 0.5406600832939148
vt 0.8723709583282471 0.5404381155967712
vt 0.8705501556396484 0.540616363286972
vt 0.8705502152442932 0.5406006276607513
vt 0.9922965168952942 0.7791172713041306
vt 0.9922965168952942 0.7791172713041306
vt 0.9922965168952942 0.7791172713041306
vt 0.8687293529510498 0.4732511043548584
vt 0.8687293529510498 0.4732511043548584
vt 0.8687293529510498 0.4732511043548584
vt 0.9959439039230347 0.7791172713041306
vt 0.9959438443183899 0.7792740017175674
vt 0.8723709583282471 0.4732511043548584
vt 0.8723709583282471 0.47308921813964844
vt 0.870550274848938 0.4732239246368408
vt 0.8705501556396484 0.4732077121734619
vt 0.9922824501991272 0.8424593955278397
vt 0.9922824501991272 0.8424593955278397
vt 0.9922824501991272 0.8424593955278397
vt 0.8687293529510498 0.4077910780906677
vt 0.8687293529510498 0.4077910780906677
vt 0.8687293529510498 0.4077910780906677
vt 0.9959439039230347 0.8424593955278397
vt 0.9959439039230347 0.8425798565149307
vt 0.8723709583282471 0.4077910780906677
vt 0.8723709583282471 0.4076666235923767
vt 0.8705500960350037 0.4077739119529724
vt 0.8705502152442932 0.4077577590942383
vt 0.9922749400138855 0.9043432101607323
vt 0.9922749400138855 0.9043432101607323
vt 0.9922749400138855 0.9043432101607323
vt 0.8687294721603394 0.3438357710838318
vt 0.8687294721603394 0.3438357710838318
vt 0.8687294721603394 0.3438357710838318
vt 0.9959439039230347 0.9043432101607323
vt 0.9959439039230347 0.9043970480561256
vt 0.8723710775375366 0.3438357710838318
vt 0.8723710775375366 0.3437801003456116
vt 0.870550274848938 0.3438357710838318
vt 0.8705503344535828 0.34382081031799316
vt 0.09431194514036179 0.9703251868486404
vt 0.09431194514036179 0.9703251868486404
vt 0.09431194514036179 0.9703251868486404
vt 0.8820288777351379 0.9645408540964127
vt 0.8820288777351379 0.9645408540964127
vt 0.8783583641052246 0.9645411297678947
vt 0.8783583641052246 0.9645408540964127
vt 0.09795352071523666 0.9703254383057356
vt 0.09795352071523666 0.9703251868486404
vt 0.8801936507225037 0.9645408540964127
vt 0.09431203454732895 0.392330527305603
vt 0.09431203454732895 0.392330527305603
vt 0.09431203454732895 0.392330527305603
vt 0.8819431066513062 0.30588096380233765
vt 0.8819431066513062 0.3060324788093567
vt 0.8819431066513062 0.3060324788093567
vt 0.8819431066513062 0.30588096380233765
vt 0.8783584237098694 0.30579686164855957
vt 0.8783584833145142 0.3060324788093567
vt 0.09795361012220383 0.392330527305603
vt 0.09795361012220383 0.39224255084991455
vt 0.8801508545875549 0.30587857961654663
vt 0.8801507949829102 0.3060324192047119
vt 0.09431201219558716 0.4491644501686096
vt 0.09431201219558716 0.4491644501686096
vt 0.09431201219558716 0.4491644501686096
vt 0.8819145560264587 0.3712199330329895
vt 0.8819145560264587 0.3712199330329895
vt 0.8783584833145142 0.37111854553222656
vt 0.8783584833145142 0.3712199330329895
vt 0.09795358031988144 0.4491644501686096
vt 0.09795358031988144 0.4490758776664734
vt 0.8801364898681641 0.3712199330329895
vt 0.09431197494268417 0.5087510943412781
vt 0.09431197494268417 0.5087510943412781
vt 0.09431197494268417 0.5087510943412781
vt 0.8819271922111511 0.4391249418258667
vt 0.8819271922111511 0.4391249418258667
vt 0.8783584833145142 0.4390212893486023
vt 0.8783584833145142 0.4391249418258667
vt 0.09795355051755905 0.5087510943412781
vt 0.09795355051755905 0.508660614490509
vt 0.8801428079605103 0.4391249418258667
vt 0.09431198239326477 0.56955686211586
vt 0.09431198239326477 0.56955686211586
vt 0.09431198239326477 0.56955686211586
vt 0.8819378018379211 0.508569210767746
vt 0.8819378018379211 0.508569210767746
vt 0.8783584833145142 0.5084720253944397
vt 0.8783584833145142 0.508569210767746
vt 0.09795355051755905 0.56955686211586
vt 0.09795355051755905 0.569471687078476
vt 0.8801481127738953 0.508569210767746
vt 0.09431197494268417 0.6304482817649841
vt 0.09431197494268417 0.6304482817649841
vt 0.09431197494268417 0.6304482817649841
vt 0.8819550275802612 0.5780588984489441
vt 0.8819550275802612 0.5780588984489441
vt 0.8783583641052246 0.5779721438884735
vt 0.8783583641052246 0.5780588984489441
vt 0.09795355051755905 0.6304482817649841
vt 0.09795355051755905 0.6303724050521851
vt 0.8801566958427429 0.5780588984489441
vt 0.09431197494268417 0.690652996301651
vt 0.09431197494268417 0.690652996301651
vt 0.09431197494268417 0.690652996301651
vt 0.8819695115089417 0.6467646360397339
vt 0.8819695115089417 0.6467646360397339
vt 0.8783583641052246 0.646697998046875
vt 0.8783583641052246 0.6467646360397339
vt 0.09795355051755905 0.690652996301651
vt 0.09795355051755905 0.6905945837497711
vt 0.8801639080047607 0.6467646360397339
vt 0.09431197494268417 0.7495318353176117
vt 0.09431197494268417 0.7495318353176117
vt 0.09431197494268417 0.7495318353176117
vt 0.8819906115531921 0.7138968706130981
vt 0.8819906115531921 0.7138968706130981
vt 0.8783583641052246 0.7138435542583466
vt 0.8783583641052246 0.7138968706130981
vt 0.09795355051755905 0.7495318353176117
vt 0.09795355051755905 0.7494850754737854
vt 0.880174458026886 0.7138968706130981
vt 0.09431197494268417 0.8067360073328018
vt 0.09431197494268417 0.8067360073328018
vt 0.09431197494268417 0.8067360073328018
vt 0.882006824016571 0.7791172713041306
vt 0.882006824016571 0.7791172713041306
vt 0.8783583641052246 0.7790836989879608
vt 0.8783583641052246 0.7791172713041306
vt 0.09795355051755905 0.8067360073328018
vt 0.09795355051755905 0.806706577539444
vt 0.8801826238632202 0.7791172564029694
vt 0.09431197494268417 0.8623003214597702
vt 0.09431197494268417 0.8623003214597702
vt 0.09431197494268417 0.8623003214597702
vt 0.8820204138755798 0.8424594551324844
vt 0.8820204138755798 0.8424594551324844
vt 0.8783583641052246 0.8424372673034668
vt 0.8783583641052246 0.8424594551324844
vt 0.09795355051755905 0.8623003214597702
vt 0.09795355051755905 0.8622808903455734
vt 0.8801893591880798 0.8424594551324844
vt 0.09431197494268417 0.9165830090641975
vt 0.09431197494268417 0.9165830090641975
vt 0.09431197494268417 0.9165830090641975
vt 0.8820274472236633 0.9043432101607323
vt 0.8820274472236633 0.9043432101607323
vt 0.8783583641052246 0.9043399468064308
vt 0.8783583641052246 0.9043432101607323
vt 0.09795355051755905 0.9165830090641975
vt 0.09795355051755905 0.9165801480412483
vt 0.8801929354667664 0.9043432101607323
vt 0.19765184819698334 0.3701311945915222
vt 0.19765186309814453 0.36284804344177246
vt 0.19765183329582214 0.36831045150756836
vt 0.19765184819698334 0.3646688461303711
vt 0.44885489344596863 0.370131254196167
vt 0.174586683511734 0.36284804344177246
vt 0.174586683511734 0.3701311945915222
vt 0.44885489344596863 0.3683128356933594
vt 0.45067331194877625 0.370131254196167
vt 0.45059633255004883 0.3683897852897644
vt 0.17458666861057281 0.3646664619445801
vt 0.17094510793685913 0.36284810304641724
vt 0.44885489344596863 0.3664896488189697
vt 0.17094510793685913 0.36458951234817505
vt 0.45059633255004883 0.3664896488189697
vt 0.17094510793685913 0.370131254196167
vt 0.4524964988231659 0.370131254196167
vt 0.174586683511734 0.36831289529800415
vt 0.17094510793685913 0.3683898448944092
vt 0.4524964690208435 0.3683898448944092
vt 0.17458665370941162 0.9971638550050557
vt 0.17458665370941162 0.9971638550050557
vt 0.44885489344596863 0.9971638843417168
vt 0.44885489344596863 0.9971638843417168
vt 0.17094507813453674 0.9971638545393944
vt 0.4524964690208435 0.9971638850402087
vt 0.17094507813453674 0.9971638545393944
vt 0.4524964690208435 0.9971638850402087
vt 0.4506756663322449 0.997163884807378
vt 0.4506756663322449 0.997163884807378
vt 0.8080275058746338 0.27286118268966675
vt 0.8080275058746338 0.27286118268966675
vt 0.39566129446029663 0.997163905762136
vt 0.39566129446029663 0.997163905762136
vt 0.811669111251831 0.27286118268966675
vt 0.811669111251831 0.27286118268966675
vt 0.3993028700351715 0.9971639062277973
vt 0.3993028700351715 0.9971639062277973
vt 0.39748209714889526 0.997163905762136
vt 0.39748209714889526 0.997163905762136
vt 0.8080275058746338 0.9291855692863464
vt 0.395661324262619 0.3408393859863281
vt 0.8080275654792786 0.9364687204360962
vt 0.811669111251831 0.9291855841875076
vt 0.3993028700351715 0.3408393859863281
vt 0.8080275058746338 0.9310039579868317
vt 0.811669111251831 0.9309270307421684
vt 0.3993028700351715 0.3390979766845703
vt 0.39566129446029663 0.3390210270881653
vt 0.39747971296310425 0.3408393859863281
vt 0.39740273356437683 0.3390979766845703
vt 0.8080275058746338 0.9346503168344498
vt 0.811669111251831 0.936468705534935
vt 0.39566129446029663 0.33719784021377563
vt 0.811669111251831 0.9347272664308548
vt 0.39740273356437683 0.33719784021377563
vt 0.3283598721027374 0.33719778060913086
vt 0.3283598721027374 0.33719778060913086
vt 0.7978849411010742 0.27286118268966675
vt 0.7978849411010742 0.27286118268966675
vt 0.3320014476776123 0.33719778060913086
vt 0.794243335723877 0.27286118268966675
vt 0.794243335723877 0.27286118268966675
vt 0.3320014476776123 0.33719778060913086
vt 0.7960640788078308 0.2728612422943115
vt 0.7960640788078308 0.2728612422943115
vt 0.7978849411010742 0.9291855841875076
vt 0.7978848814964294 0.936468742787838
vt 0.32835978269577026 0.9935222351923585
vt 0.7978849411010742 0.9310039803385735
vt 0.7960665225982666 0.929185576736927
vt 0.7961434721946716 0.9337862432003021
vt 0.7961434721946716 0.9309270307421684
vt 0.7960665822029114 0.936468742787838
vt 0.7978849411010742 0.9346503391861916
vt 0.7961434721946716 0.9347273036837578
vt 0.794243335723877 0.9291855916380882
vt 0.33200138807296753 0.9935222645290196
vt 0.794243335723877 0.9364687502384186
vt 0.32835978269577026 0.9971638126298785
vt 0.794243335723877 0.9347273036837578
vt 0.794243335723877 0.9328271672129631
vt 0.33010125160217285 0.9971638126298785
vt 0.005039617884904146 0.054189980030059814
vt 0.005039617884904146 0.046906888484954834
vt 0.005039617884904146 0.05236923694610596
vt 0.005039617884904146 0.04872769117355347
vt 0.5422540307044983 0.04690676927566528
vt 0.5422540307044983 0.054189860820770264
vt 0.5422540903091431 0.04872751235961914
vt 0.5422540307044983 0.052369117736816406
vt 0.5422540307044983 0.10225856304168701
vt 0.5422540307044983 0.10954159498214722
vt 0.5422540307044983 0.10407930612564087
vt 0.5422540307044983 0.10772085189819336
vt 0.005039617884904146 0.10954153537750244
vt 0.005039617884904146 0.10225850343704224
vt 0.0050396183505654335 0.10772079229354858
vt 0.005039617884904146 0.1040792465209961
vt 0.9175193905830383 0.24921274185180664
vt 0.9175193905830383 0.24921274185180664
vt 0.09431203454732895 0.3056122660636902
vt 0.09431203454732895 0.3056122660636902
vt 0.9149906635284424 0.2550245523452759
vt 0.9149906635284424 0.2550245523452759
vt 0.9156855344772339 0.2492128610610962
vt 0.9172073006629944 0.2509169578552246
vt 0.9154519438743591 0.25084495544433594
vt 0.912075936794281 0.2542576193809509
vt 0.09795360267162323 0.3055577278137207
vt 0.9141000509262085 0.2492128610610962
vt 0.09431202709674835 0.3019707202911377
vt 0.9141000509262085 0.25084495544433594
vt 0.9141000509262085 0.2526225447654724
vt 0.09605347365140915 0.3019707202911377
vt 0.9161665439605713 0.2539638876914978
vt 0.9134371876716614 0.2547321319580078
vt 0.914979875087738 0.2517268657684326
vt 0.9146226644515991 0.2538435459136963
vt 0.9924402832984924 0.25824350118637085
vt 0.9924402832984924 0.25824350118637085
vt 0.8687300682067871 0.9908139398321509
vt 0.8687300682067871 0.9908139398321509
vt 0.9925246238708496 0.24921131134033203
vt 0.9925246238708496 0.24921131134033203
vt 0.9959437847137451 0.25803446769714355
vt 0.8723716735839844 0.991241610608995
vt 0.9924650192260742 0.2553728222846985
vt 0.9959437847137451 0.25501513481140137
vt 0.8723716735839844 0.9930351553484797
vt 0.8687301278114319 0.9927850258536637
vt 0.8705484867095947 0.9909140598028898
vt 0.8704716563224792 0.9928046679124236
vt 0.9926185011863708 0.25091552734375
vt 0.9959437847137451 0.24921131134033203
vt 0.8687301278114319 0.994455517269671
vt 0.9959437251091003 0.2508434057235718
vt 0.8704715371131897 0.9944554818794131
vt 0.9924288988113403 0.3375529646873474
vt 0.9924288988113403 0.3375529646873474
vt 0.9924288988113403 0.3375529646873474
vt 0.8687294721603394 0.9299460276961327
vt 0.8687294721603394 0.9299460276961327
vt 0.8687294721603394 0.9299460276961327
vt 0.9959439039230347 0.3375529646873474
vt 0.9959439039230347 0.33792799711227417
vt 0.8723710775375366 0.9299460202455521
vt 0.8723710775375366 0.9295570626854897
vt 0.8705503344535828 0.9298615157604218
vt 0.8705503344535828 0.9298418313264847
vt 0.9924027919769287 0.4043859839439392
vt 0.9924027919769287 0.4043859839439392
vt 0.9924027919769287 0.4043859839439392
vt 0.8687294721603394 0.8609205186367035
vt 0.8687294721603394 0.8609205186367035
vt 0.8687294721603394 0.8609205186367035
vt 0.9959439039230347 0.4043859839439392
vt 0.9959439039230347 0.40476566553115845
vt 0.8723710775375366 0.8609205186367035
vt 0.8723710775375366 0.8605264723300934
vt 0.870550274848938 0.860828623175621
vt 0.8705503344535828 0.8608149439096451
vt 0.9923931956291199 0.47364187240600586
vt 0.9923931956291199 0.47364187240600586
vt 0.9923931956291199 0.47364187240600586
vt 0.8687295317649841 0.7891219258308411
vt 0.8687295317649841 0.7891219258308411
vt 0.8687295317649841 0.7891219258308411
vt 0.9959439039230347 0.47364187240600586
vt 0.9959439039230347 0.47401994466781616
vt 0.8723710775375366 0.7891219258308411
vt 0.8723710775375366 0.788730800151825
vt 0.8705502152442932 0.7890444695949554
vt 0.870550274848938 0.7890171259641647
vt 0.9923595190048218 0.5433095395565033
vt 0.9923595190048218 0.5433095395565033
vt 0.9923595190048218 0.5433095395565033
vt 0.8687294125556946 0.7171163260936737
vt 0.8687294125556946 0.7171163260936737
vt 0.8687294125556946 0.7171163260936737
vt 0.9959439039230347 0.5433095693588257
vt 0.9959439039230347 0.5436401069164276
vt 0.8723709583282471 0.7171163260936737
vt 0.8723710179328918 0.7167738974094391
vt 0.8705501556396484 0.7170377969741821
vt 0.8705501556396484 0.7170245945453644
vt 0.9923466444015503 0.6126468479633331
vt 0.9923466444015503 0.6126468479633331
vt 0.9923466444015503 0.6126468479633331
vt 0.8687294125556946 0.645331472158432
vt 0.8687294125556946 0.645331472158432
vt 0.8687294125556946 0.645331472158432
vt 0.9959439039230347 0.6126468479633331
vt 0.9959439039230347 0.6129274368286133
vt 0.8723709583282471 0.645331472158432
vt 0.8723709583282471 0.645041286945343
vt 0.8705502152442932 0.6452691555023193
vt 0.8705502152442932 0.6452536880970001
vt 0.99232017993927 0.680747777223587
vt 0.99232017993927 0.680747777223587
vt 0.99232017993927 0.680747777223587
vt 0.8687293529510498 0.5749433934688568
vt 0.8687293529510498 0.5749433934688568
vt 0.8687293529510498 0.5749433934688568
vt 0.9959439039230347 0.6807478070259094
vt 0.9959439039230347 0.6809831857681274
vt 0.8723709583282471 0.5749433934688568
vt 0.8723710179328918 0.5746999680995941
vt 0.8705501556396484 0.5748928487300873
vt 0.8705501556396484 0.5748781859874725
vt 0.9923014044761658 0.7469391822814941
vt 0.9923014044761658 0.7469391822814941
vt 0.9923014044761658 0.7469391822814941
vt 0.8687293529510498 0.5065200924873352
vt 0.8687293529510498 0.5065200924873352
vt 0.8687293529510498 0.5065200924873352
vt 0.9959439039230347 0.7469391822814941
vt 0.9959439039230347 0.7471128702163696
vt 0.8723709583282471 0.5065200924873352
vt 0.8723710179328918 0.5063404738903046
vt 0.8705501556396484 0.5064817368984222
vt 0.8705501556396484 0.5064719617366791
vt 0.9922847151756287 0.811212033033371
vt 0.9922847151756287 0.811212033033371
vt 0.9922847151756287 0.811212033033371
vt 0.8687294721603394 0.4400937557220459
vt 0.8687294721603394 0.4400937557220459
vt 0.8687294721603394 0.4400937557220459
vt 0.9959437847137451 0.811212033033371
vt 0.9959437847137451 0.8113478720188141
vt 0.8723710775375366 0.4400937557220459
vt 0.8723710775375366 0.43995338678359985
vt 0.8705503344535828 0.4400709867477417
vt 0.8705502152442932 0.4400562047958374
vt 0.9922734498977661 0.8736521452665329
vt 0.9922734498977661 0.8736521452665329
vt 0.9922734498977661 0.8736521452665329
vt 0.8687294721603394 0.3755614161491394
vt 0.8687294721603394 0.3755614161491394
vt 0.8687294721603394 0.3755614161491394
vt 0.9959437847137451 0.8736521452665329
vt 0.9959437847137451 0.8737248480319977
vt 0.8723710775375366 0.3755614161491394
vt 0.8723710775375366 0.3754863142967224
vt 0.8705502152442932 0.3755483627319336
vt 0.8705503344535828 0.3755412697792053
vt 0.9922694563865662 0.9350007995963097
vt 0.9922694563865662 0.9350007995963097
vt 0.9922694563865662 0.9350007995963097
vt 0.8687293529510498 0.3121550679206848
vt 0.8687293529510498 0.3121550679206848
vt 0.8687293529510498 0.3121550679206848
vt 0.9959439039230347 0.9350039139389992
vt 0.9959439039230347 0.9349823743104935
vt 0.8723709583282471 0.31217414140701294
vt 0.8723709583282471 0.3121519684791565
vt 0.8705501556396484 0.3121601343154907
vt 0.8705502152442932 0.31215423345565796
vt 0.09431200474500656 0.36166805028915405
vt 0.09431200474500656 0.36166805028915405
vt 0.09431201219558716 0.3689512610435486
vt 0.09431201219558716 0.3689512610435486
vt 0.8819688558578491 0.2822476625442505
vt 0.8819688558578491 0.2822507619857788
vt 0.8819688558578491 0.2822507619857788
vt 0.8819688558578491 0.2822476625442505
vt 0.09431200474500656 0.3638541102409363
vt 0.8801574110984802 0.2800411581993103
vt 0.09795357286930084 0.3621216416358948
vt 0.8795958161354065 0.2812749743461609
vt 0.8796244263648987 0.28118979930877686
vt 0.09605167806148529 0.36400026082992554
vt 0.8783584833145142 0.2838171720504761
vt 0.8784500956535339 0.2838135361671448
vt 0.09795358777046204 0.36788082122802734
vt 0.09431201219558716 0.3667650818824768
vt 0.8791135549545288 0.28239691257476807
vt 0.8790779709815979 0.2824551463127136
vt 0.09603796154260635 0.3662383556365967
vt 0.8810676336288452 0.2811465263366699
vt 0.8801969885826111 0.2829875946044922
vt 0.880247175693512 0.28288865089416504
vt 0.8798569440841675 0.2818538546562195
vt 0.8798542618751526 0.28186362981796265
vt 0.09431203454732895 0.4197577238082886
vt 0.09431203454732895 0.4197577238082886
vt 0.09431203454732895 0.4197577238082886
vt 0.8819292187690735 0.3375529646873474
vt 0.8819292187690735 0.3375529646873474
vt 0.8783584833145142 0.3374539613723755
vt 0.8783584833145142 0.3375529646873474
vt 0.09795361012220383 0.4197577238082886
vt 0.09795361012220383 0.41967153549194336
vt 0.8801438212394714 0.3375529646873474
vt 0.09431200474500656 0.47842681407928467
vt 0.09431200474500656 0.47842681407928467
vt 0.09431200474500656 0.47842681407928467
vt 0.8819345831871033 0.4043859839439392
vt 0.8819345831871033 0.4043859839439392
vt 0.8783584833145142 0.4042903184890747
vt 0.8783584833145142 0.4043859839439392
vt 0.09795358031988144 0.47842681407928467
vt 0.09795358031988144 0.4783424139022827
vt 0.8801465034484863 0.4043859839439392
vt 0.09431197494268417 0.5389511585235596
vt 0.09431197494268417 0.5389511585235596
vt 0.09431197494268417 0.5389511585235596
vt 0.8819288611412048 0.4736417531967163
vt 0.8819288611412048 0.4736417531967163
vt 0.8783584833145142 0.47354745864868164
vt 0.8783584833145142 0.4736417531967163
vt 0.09795355051755905 0.5389511585235596
vt 0.09795355051755905 0.5388686656951904
vt 0.8801436424255371 0.4736417531967163
vt 0.09431198239326477 0.6000562012195587
vt 0.09431198239326477 0.6000562012195587
vt 0.09431198239326477 0.6000562012195587
vt 0.8819559812545776 0.5433096289634705
vt 0.8819559812545776 0.5433096289634705
vt 0.8783583641052246 0.5432219207286835
vt 0.8783583641052246 0.5433096289634705
vt 0.09795355051755905 0.6000562310218811
vt 0.09795355051755905 0.5999792516231537
vt 0.8801571726799011 0.5433096289634705
vt 0.09431197494268417 0.6607502400875092
vt 0.09431197494268417 0.6607502400875092
vt 0.09431197494268417 0.6607502400875092
vt 0.8819621205329895 0.6126469075679779
vt 0.8819621205329895 0.6126469075679779
vt 0.8783583641052246 0.6125722229480743
vt 0.8783583641052246 0.6126469075679779
vt 0.09795355051755905 0.6607502400875092
vt 0.09795355051755905 0.6606848537921906
vt 0.8801602125167847 0.6126469075679779
vt 0.09431197494268417 0.7204789221286774
vt 0.09431197494268417 0.7204789221286774
vt 0.09431197494268417 0.7204789221286774
vt 0.881986141204834 0.6807478070259094
vt 0.881986141204834 0.6807478070259094
vt 0.8783583641052246 0.6806924939155579
vt 0.8783583641052246 0.6807478070259094
vt 0.09795355051755905 0.7204789221286774
vt 0.09795354306697845 0.7204303741455078
vt 0.8801721930503845 0.6807478070259094
vt 0.09431197494268417 0.7785240113735199
vt 0.09431197494268417 0.7785240113735199
vt 0.09431197494268417 0.7785240113735199
vt 0.8820030689239502 0.7469391822814941
vt 0.8820030689239502 0.7469391822814941
vt 0.8783583641052246 0.7468968331813812
vt 0.8783583641052246 0.7469391822814941
vt 0.09795355051755905 0.7785240113735199
vt 0.09795355051755905 0.7784868627786636
vt 0.8801806569099426 0.7469391822814941
vt 0.09431197494268417 0.8349003791809082
vt 0.09431197494268417 0.8349003791809082
vt 0.09431197494268417 0.8349003791809082
vt 0.8820189237594604 0.8112120777368546
vt 0.8820189237594604 0.8112120777368546
vt 0.8783583641052246 0.8111888021230698
vt 0.8783583641052246 0.8112120926380157
vt 0.09795355051755905 0.834900364279747
vt 0.09795355051755905 0.8348799347877502
vt 0.8801887035369873 0.8112120926380157
vt 0.09431195259094238 0.8896690458059311
vt 0.09431195259094238 0.8896690458059311
vt 0.09431195259094238 0.8896690458059311
vt 0.8820298314094543 0.8736522048711777
vt 0.8820298314094543 0.8736522048711777
vt 0.8783583641052246 0.8736398369073868
vt 0.8783583641052246 0.8736522048711777
vt 0.09795352071523666 0.8896690458059311
vt 0.09795352071523666 0.8896581903100014
vt 0.8801941275596619 0.8736522048711777
vt 0.09431197494268417 0.9434780180454254
vt 0.09431197494268417 0.9434780180454254
vt 0.8820333480834961 0.9350007995963097
vt 0.8820333480834961 0.9350007995963097
vt 0.8783583641052246 0.9350007995963097
vt 0.09795355051755905 0.9434780217707157
vt 0.8801958560943604 0.9350007995963097
vt 0.7024260759353638 0.223666250705719
vt 0.7024260759353638 0.23094946146011353
vt 0.7024260759353638 0.22548705339431763
vt 0.7024260759353638 0.2291286587715149
vt 0.004168033599853516 0.23094940185546875
vt 0.004168035928159952 0.223666250705719
vt 0.004168033599853516 0.22912871837615967
vt 0.00416803453117609 0.22548705339431763
vt 0.004168035928159952 0.27175015211105347
vt 0.004168033599853516 0.26446694135665894
vt 0.00416803453117609 0.26992934942245483
vt 0.004168033599853516 0.26628774404525757
vt 0.7024260759353638 0.2644670009613037
vt 0.7024260759353638 0.2717500925064087
vt 0.702426016330719 0.26628780364990234
vt 0.7024260759353638 0.26992934942245483
vt 0.8687293529510498 0.2825617790222168
vt 0.8687293529510498 0.2825617790222168
vt 0.8687293529510498 0.2825617790222168
vt 0.9922734498977661 0.9645408540964127
vt 0.9922734498977661 0.9645408540964127
vt 0.9922734498977661 0.9645408540964127
vt 0.8705500960350037 0.28255975246429443
vt 0.8705501556396484 0.2825723886489868
vt 0.9959439039230347 0.9645486958324909
vt 0.9959438443183899 0.9645011685788631
vt 0.8723709583282471 0.28255391120910645
vt 0.8723709583282471 0.282601535320282
vt 0.8687295317649841 0.9627338871359825
vt 0.8687295317649841 0.9627338871359825
vt 0.8687295317649841 0.9627338871359825
vt 0.9925152659416199 0.30337047576904297
vt 0.9924311637878418 0.3039717674255371
vt 0.9925152659416199 0.30337047576904297
vt 0.9924311637878418 0.3039717674255371
vt 0.992507815361023 0.30415111780166626
vt 0.8705503940582275 0.9629080817103386
vt 0.8705503940582275 0.9629370234906673
vt 0.9959439039230347 0.30474841594696045
vt 0.9959439039230347 0.3060324788093567
vt 0.8723710775375366 0.9627323560416698
vt 0.8723711371421814 0.9634929746389389
vt 0.8687294721603394 0.8950269594788551
vt 0.8687294721603394 0.8950269594788551
vt 0.8687294721603394 0.8950269594788551
vt 0.9924293756484985 0.3712199330329895
vt 0.9924293756484985 0.3712199330329895
vt 0.9924293756484985 0.3712199330329895
vt 0.8705503344535828 0.8949448242783546
vt 0.870550274848938 0.894916370511055
vt 0.9959439039230347 0.3712199330329895
vt 0.9959439039230347 0.37162142992019653
vt 0.8723710775375366 0.8950269594788551
vt 0.8723710775375366 0.8946141079068184
vt 0.8687295317649841 0.8248710036277771
vt 0.8687295317649841 0.8248710036277771
vt 0.8687295317649841 0.8248710036277771
vt 0.9924013614654541 0.4391249418258667
vt 0.9924013614654541 0.4391249418258667
vt 0.9924013614654541 0.4391249418258667
vt 0.8705503940582275 0.8247884809970856
vt 0.8705503344535828 0.8247713297605515
vt 0.9959439039230347 0.4391249418258667
vt 0.9959439039230347 0.439484179019928
vt 0.8723710775375366 0.8248710036277771
vt 0.8723710775375366 0.8244989216327667
vt 0.8687294721603394 0.7529936581850052
vt 0.8687294721603394 0.7529936581850052
vt 0.8687294721603394 0.7529936581850052
vt 0.9923798441886902 0.508569210767746
vt 0.9923798441886902 0.508569210767746
vt 0.9923798441886902 0.508569210767746
vt 0.8705503344535828 0.7529108673334122
vt 0.8705503344535828 0.7528936564922333
vt 0.9959439039230347 0.508569210767746
vt 0.9959439039230347 0.5089303553104401
vt 0.8723710775375366 0.752993643283844
vt 0.8723711371421814 0.7526206523180008
vt 0.8687293529510498 0.6811151206493378
vt 0.8687293529510498 0.6811151206493378
vt 0.8687293529510498 0.6811151206493378
vt 0.9923562407493591 0.5780588388442993
vt 0.9923562407493591 0.5780588388442993
vt 0.9923562407493591 0.5780588388442993
vt 0.8705501556396484 0.681046187877655
vt 0.8705501556396484 0.6810305416584015
vt 0.9959439039230347 0.5780588388442993
vt 0.9959439039230347 0.5783638954162598
vt 0.8723709583282471 0.6811150908470154
vt 0.8723709583282471 0.6807995140552521
vt 0.8687293529510498 0.6100472509860992
vt 0.8687293529510498 0.6100472509860992
vt 0.8687293529510498 0.6100472509860992
vt 0.9923370480537415 0.6467646360397339
vt 0.9923370480537415 0.6467646360397339
vt 0.9923370480537415 0.6467646360397339
vt 0.8705500960350037 0.6099914014339447
vt 0.8705502152442932 0.6099752187728882
vt 0.9959439039230347 0.6467646360397339
vt 0.9959439039230347 0.6470246613025665
vt 0.8723709583282471 0.6100472509860992
vt 0.8723709583282471 0.6097786128520966
vt 0.8687293529510498 0.5406600832939148
vt 0.8687293529510498 0.5406600832939148
vt 0.8687293529510498 0.5406600832939148
vt 0.9923139810562134 0.7138968706130981
vt 0.9923139810562134 0.7138968706130981
vt 0.9923139810562134 0.7138968706130981
vt 0.8705501556396484 0.540616363286972
vt 0.8705502152442932 0.5406005382537842
vt 0.9959439039230347 0.7138968706130981
vt 0.9959439039230347 0.7141117453575134
vt 0.8723709583282471 0.5406600832939148
vt 0.8723709583282471 0.5404380857944489
vt 0.8687293529510498 0.4732511043548584
vt 0.8687293529510498 0.4732511043548584
vt 0.8687293529510498 0.4732511043548584
vt 0.9922965168952942 0.7791172713041306
vt 0.9922965168952942 0.7791172713041306
vt 0.9922965168952942 0.7791172713041306
vt 0.870550274848938 0.4732239246368408
vt 0.8705501556396484 0.4732077717781067
vt 0.9959439039230347 0.7791172713041306
vt 0.9959439039230347 0.7792740017175674
vt 0.8723709583282471 0.4732511043548584
vt 0.8723709583282471 0.47308915853500366
vt 0.8687293529510498 0.4077910780906677
vt 0.8687293529510498 0.4077910780906677
vt 0.8687293529510498 0.4077910780906677
vt 0.9922824501991272 0.8424593955278397
vt 0.9922824501991272 0.8424593955278397
vt 0.9922824501991272 0.8424593955278397
vt 0.8705500960350037 0.4077739119529724
vt 0.8705502152442932 0.4077577590942383
vt 0.9959439039230347 0.8424593955278397
vt 0.9959439039230347 0.8425798565149307
vt 0.8723709583282471 0.4077910780906677
vt 0.8723709583282471 0.4076666235923767
vt 0.8687294721603394 0.3438357710838318
vt 0.8687294721603394 0.3438357710838318
vt 0.8687294721603394 0.3438357710838318
vt 0.9922749400138855 0.9043432101607323
vt 0.9922749400138855 0.9043432101607323
vt 0.9922749400138855 0.9043432101607323
vt 0.870550274848938 0.34383583068847656
vt 0.8705503344535828 0.34382081031799316
vt 0.9959439039230347 0.9043432101607323
vt 0.9959439039230347 0.9043970480561256
vt 0.8723710775375366 0.3438357710838318
vt 0.8723710775375366 0.3437801003456116
vt 0.8820288777351379 0.9645408540964127
vt 0.8820288777351379 0.9645408540964127
vt 0.09431194514036179 0.9703251868486404
vt 0.09431194514036179 0.9703251868486404
vt 0.09431194514036179 0.9703251868486404
vt 0.8801936507225037 0.9645408540964127
vt 0.8783583641052246 0.9645411297678947
vt 0.8783583641052246 0.9645408540964127
vt 0.09795352071523666 0.9703254383057356
vt 0.09795352071523666 0.9703251868486404
vt 0.8819431066513062 0.30588096380233765
vt 0.8819431066513062 0.3060324788093567
vt 0.8819431066513062 0.3060324788093567
vt 0.8819431066513062 0.30588096380233765
vt 0.09431203454732895 0.392330527305603
vt 0.09431203454732895 0.392330527305603
vt 0.09431203454732895 0.392330527305603
vt 0.8801507949829102 0.30587852001190186
vt 0.8801508545875549 0.3060324788093567
vt 0.8783584833145142 0.30579686164855957
vt 0.8783584833145142 0.3060324788093567
vt 0.09795361012220383 0.392330527305603
vt 0.09795361012220383 0.39224255084991455
vt 0.8819145560264587 0.3712199330329895
vt 0.8819145560264587 0.3712199330329895
vt 0.09431200474500656 0.4491644501686096
vt 0.09431200474500656 0.4491644501686096
vt 0.09431200474500656 0.4491644501686096
vt 0.8801364898681641 0.3712199330329895
vt 0.8783584833145142 0.37111854553222656
vt 0.8783584833145142 0.3712199330329895
vt 0.09795358031988144 0.4491644501686096
vt 0.09795358031988144 0.44907593727111816
vt 0.8819271922111511 0.4391249418258667
vt 0.8819271922111511 0.4391249418258667
vt 0.09431197494268417 0.5087510943412781
vt 0.09431197494268417 0.5087510943412781
vt 0.09431197494268417 0.5087510943412781
vt 0.8801428079605103 0.4391249418258667
vt 0.8783584833145142 0.4390212893486023
vt 0.8783584833145142 0.4391249418258667
vt 0.09795355051755905 0.5087510943412781
vt 0.09795355051755905 0.5086606442928314
vt 0.8819378018379211 0.5085691809654236
vt 0.8819378018379211 0.5085691809654236
vt 0.09431198239326477 0.56955686211586
vt 0.09431198239326477 0.56955686211586
vt 0.09431198239326477 0.56955686211586
vt 0.8801481127738953 0.508569210767746
vt 0.8783584833145142 0.5084720253944397
vt 0.8783584833145142 0.508569210767746
vt 0.09795355051755905 0.56955686211586
vt 0.09795355051755905 0.5694717168807983
vt 0.881955087184906 0.5780588984489441
vt 0.881955087184906 0.5780588984489441
vt 0.09431197494268417 0.6304482817649841
vt 0.09431197494268417 0.6304482817649841
vt 0.09431197494268417 0.6304482817649841
vt 0.8801566958427429 0.5780588984489441
vt 0.8783583641052246 0.5779721140861511
vt 0.8783583641052246 0.5780588984489441
vt 0.09795355051755905 0.6304482817649841
vt 0.09795355051755905 0.6303724050521851
vt 0.8819695115089417 0.6467646360397339
vt 0.8819695115089417 0.6467646360397339
vt 0.09431197494268417 0.690652996301651
vt 0.09431197494268417 0.690652996301651
vt 0.09431197494268417 0.690652996301651
vt 0.8801639080047607 0.6467646360397339
vt 0.8783583641052246 0.646697998046875
vt 0.8783583641052246 0.6467646360397339
vt 0.09795355051755905 0.690652996301651
vt 0.09795355051755905 0.6905946135520935
vt 0.8819906115531921 0.7138968706130981
vt 0.8819906115531921 0.7138968706130981
vt 0.09431197494268417 0.7495318353176117
vt 0.09431197494268417 0.7495318353176117
vt 0.09431197494268417 0.7495318353176117
vt 0.880174458026886 0.7138968706130981
vt 0.8783583641052246 0.7138435542583466
vt 0.8783583641052246 0.7138968706130981
vt 0.09795355051755905 0.7495318353176117
vt 0.09795355051755905 0.7494851052761078
vt 0.8820067644119263 0.7791172713041306
vt 0.8820067644119263 0.7791172713041306
vt 0.09431197494268417 0.806736022233963
vt 0.09431197494268417 0.806736022233963
vt 0.09431197494268417 0.806736022233963
vt 0.8801825642585754 0.7791172713041306
vt 0.8783583641052246 0.779083713889122
vt 0.8783583641052246 0.7791172713041306
vt 0.09795355051755905 0.8067360073328018
vt 0.09795355051755905 0.806706577539444
vt 0.8820204138755798 0.8424594402313232
vt 0.8820204138755798 0.8424594402313232
vt 0.09431197494268417 0.8623003214597702
vt 0.09431197494268417 0.8623003214597702
vt 0.09431197494268417 0.8623003214597702
vt 0.8801893591880798 0.8424594551324844
vt 0.8783583641052246 0.842437282204628
vt 0.8783583641052246 0.8424594551324844
vt 0.09795355051755905 0.8623003214597702
vt 0.09795355051755905 0.8622808903455734
vt 0.8820273876190186 0.9043432101607323
vt 0.8820273876190186 0.9043432101607323
vt 0.09431197494268417 0.9165830090641975
vt 0.09431197494268417 0.9165830090641975
vt 0.09431197494268417 0.9165830090641975
vt 0.8801928758621216 0.9043432101607323
vt 0.8783583641052246 0.9043399468064308
vt 0.8783583641052246 0.9043432101607323
vt 0.09795355051755905 0.9165830090641975
vt 0.09795355051755905 0.9165801480412483
vt 0.19765184819698334 0.36284810304641724
vt 0.19765183329582214 0.3701311945915222
vt 0.19765184819698334 0.3646688461303711
vt 0.19765184819698334 0.36831045150756836
vt 0.44885489344596863 0.370131254196167
vt 0.174586683511734 0.3701311945915222
vt 0.1745867133140564 0.3628479838371277
vt 0.45067331194877625 0.370131254196167
vt 0.44885489344596863 0.36831289529800415
vt 0.4505963623523712 0.3683897852897644
vt 0.174586683511734 0.36831289529800415
vt 0.17094510793685913 0.370131254196167
vt 0.4524964690208435 0.370131254196167
vt 0.17094510793685913 0.3683898448944092
vt 0.4524964690208435 0.3683898448944092
vt 0.17094510793685913 0.36284804344177246
vt 0.44885489344596863 0.3664896488189697
vt 0.17458666861057281 0.3646664619445801
vt 0.17094510793685913 0.36458951234817505
vt 0.4505963623523712 0.3664896488189697
vt 0.8080275058746338 0.9291855618357658
vt 0.8080275058746338 0.9364687129855156
vt 0.39566129446029663 0.3408395051956177
vt 0.8080275654792786 0.9310039505362511
vt 0.811669111251831 0.9291855543851852
vt 0.3993028700351715 0.3408393859863281
vt 0.811669111251831 0.9309270083904266
vt 0.3993028700351715 0.33909791707992554
vt 0.811669111251831 0.936468705534935
vt 0.39566129446029663 0.33719784021377563
vt 0.8080275058746338 0.9346503168344498
vt 0.811669111251831 0.9347272589802742
vt 0.39740270376205444 0.33719784021377563
vt 0.39747971296310425 0.3408393859863281
vt 0.39566129446029663 0.3390210270881653
vt 0.39740273356437683 0.3390979766845703
vt 0.7978848814964294 0.9291855841875076
vt 0.32835981249809265 0.9935222342610359
vt 0.7978848814964294 0.936468742787838
vt 0.7960665225982666 0.929185576736927
vt 0.7978849411010742 0.9310039803385735
vt 0.7961434721946716 0.930927038192749
vt 0.794243335723877 0.9364687502384186
vt 0.32835981249809265 0.9971638123970479
vt 0.794243335723877 0.9291856214404106
vt 0.33200138807296753 0.9935222342610359
vt 0.794243335723877 0.9328271672129631
vt 0.794243335723877 0.9309270679950714
vt 0.33200138807296753 0.9952636873349547
vt 0.7978848814964294 0.9346503466367722
vt 0.7960665822029114 0.936468742787838
vt 0.7961434721946716 0.9347273036837578
vt 0.7961434125900269 0.9318681135773659
vt 0.5653616189956665 0.9971638799179345
vt 0.633499026298523 0.9971638764254749
vt 0.5653616189956665 0.4023815393447876
vt 0.5653616189956665 0.4023815393447876
vt 0.633499026298523 0.4023815393447876
vt 0.633499026298523 0.4023815393447876
vt 0.6390677690505981 0.9970175274647772
vt 0.7021666169166565 0.9970175274647772
vt 0.6390677690505981 0.46188682317733765
vt 0.7021666169166565 0.46188682317733765
vt 1.5221399068832397 0.3733299970626831
vt 0.5221399068832397 0.3733299970626831
vt 0.4641531705856323 0.372871994972229
vt 1.4641531705856323 0.372871994972229
vt 0.5221912264823914 0.95226676389575
vt 0.4581688344478607 0.9522166475653648
vt 0.5219826698303223 0.8905368596315384
vt 0.4586396813392639 0.8904577121138573
vt 0.521580696105957 0.8279019147157669
vt 0.45941194891929626 0.8277510404586792
vt 0.5213103890419006 0.7655697017908096
vt 0.46016842126846313 0.7653539925813675
vt 0.5211122035980225 0.7045002579689026
vt 0.4609447419643402 0.704226166009903
vt 0.521557092666626 0.64446622133255
vt 0.46112775802612305 0.6441970467567444
vt 0.5214706063270569 0.5867511630058289
vt 0.4618678689002991 0.5864355862140656
vt 0.5216202735900879 0.5311824083328247
vt 0.4624081254005432 0.5308501720428467
vt 0.5215861201286316 0.4778108596801758
vt 0.46316656470298767 0.4774351119995117
vt 0.5218762159347534 0.4255859851837158
vt 0.46363362669944763 0.4251817464828491
vt 0.2646999657154083 0.997163875028491
vt 0.20332400500774384 0.997163875028491
vt 0.2646999657154083 0.3255397081375122
vt 0.20332400500774384 0.3255397081375122
vt 0.10362585633993149 0.997163875028491
vt 0.1652727723121643 0.997163875028491
vt 0.1036258265376091 0.3085605502128601
vt 0.16527272760868073 0.3085605502128601
vt 0.5221869349479675 0.39954376220703125
vt 0.46371057629585266 0.39913398027420044
vt 0.5220825672149658 0.9809009097516537
vt 0.4581833481788635 0.9808592312037945
vt 0.5220860838890076 0.9211253747344017
vt 0.4583984911441803 0.9210604354739189
vt 0.5217382907867432 0.8589650690555573
vt 0.4590553939342499 0.8588466197252274
vt 0.521486759185791 0.7965036332607269
vt 0.45973509550094604 0.7963270992040634
vt 0.5213403701782227 0.7347994744777679
vt 0.4604155421257019 0.7345718145370483
vt 0.5214937329292297 0.6744921505451202
vt 0.46087613701820374 0.6742250919342041
vt 0.5214784145355225 0.6155315041542053
vt 0.46152469515800476 0.6152365803718567
vt 0.5215434432029724 0.558944046497345
vt 0.4621339738368988 0.5586195290088654
vt 0.5215895771980286 0.5044019222259521
vt 0.46279463171958923 0.5040469467639923
vt 0.5218486785888672 0.4516873359680176
vt 0.46327972412109375 0.4513002038002014
vt 0.5217628479003906 0.9971638575661927
vt 0.4584774672985077 0.9971638564020395
vt 0.5653616189956665 0.9971638799179345
vt 0.633499026298523 0.9971638764254749
vt 0.6390677690505981 0.9970175274647772
vt 0.7021666169166565 0.9970175274647772
vt 0.6390677690505981 0.46188682317733765
vt 0.7021666169166565 0.46188682317733765
vt 1.5221912860870361 0.95226676389575
vt 1.458168864250183 0.9522166475653648
vt 1.5219826698303223 0.8905368596315384
vt 1.4586396217346191 0.8904577121138573
vt 1.521580696105957 0.8279019147157669
vt 1.4594119787216187 0.8277510404586792
vt 1.5213103294372559 0.7655697017908096
vt 1.4601683616638184 0.7653539925813675
vt 1.5211122035980225 0.7045002579689026
vt 1.4609447717666626 0.704226166009903
vt 1.521557092666626 0.64446622133255
vt 1.461127758026123 0.6441970467567444
vt 1.521470546722412 0.5867511630058289
vt 1.4618678092956543 0.5864355862140656
vt 1.521620273590088 0.5311824083328247
vt 1.4624080657958984 0.5308501720428467
vt 1.5215861797332764 0.4778108596801758
vt 1.46316659450531 0.4774351119995117
vt 1.5218762159347534 0.4255859851837158
vt 1.46363365650177 0.4251817464828491
vt 0.2646999657154083 0.997163875028491
vt 0.20332400500774384 0.997163875028491
vt 0.2646999657154083 0.3255397081375122
vt 0.20332400500774384 0.3255397081375122
vt 0.10362585633993149 0.997163875028491
vt 0.1652727723121643 0.997163875028491
vt 0.1036258265376091 0.3085605502128601
vt 0.16527272760868073 0.3085605502128601
vt 1.5221869945526123 0.39954376220703125
vt 1.4637105464935303 0.39913398027420044
vt 1.5220825672149658 0.9809009097516537
vt 1.4581832885742188 0.9808592312037945
vt 1.5220861434936523 0.9211253747344017
vt 1.458398461341858 0.9210604354739189
vt 1.5217382907867432 0.8589650690555573
vt 1.4590554237365723 0.8588466197252274
vt 1.521486759185791 0.7965036332607269
vt 1.4597351551055908 0.7963270992040634
vt 1.5213403701782227 0.7347994744777679
vt 1.4604156017303467 0.7345718145370483
vt 1.521493673324585 0.6744921505451202
vt 1.4608761072158813 0.6742250919342041
vt 1.5214784145355225 0.6155315041542053
vt 1.4615247249603271 0.6152365803718567
vt 1.5215435028076172 0.558944046497345
vt 1.4621340036392212 0.5586195290088654
vt 1.5215895175933838 0.5044019222259521
vt 1.4627946615219116 0.5040469467639923
vt 1.5218486785888672 0.4516873359680176
vt 1.4632797241210938 0.4513002038002014
vt 1.5217628479003906 0.9971638575661927
vt 1.45847749710083 0.9971638564020395
vt 0.6182843446731567 0.9971638773567975
vt 0.6109539270401001 0.9971638778224587
vt 0.6164516806602478 0.9971638773567975
vt 0.6127865314483643 0.9971638775896281
vt 0.5879067182540894 0.997163878986612
vt 0.5805763006210327 0.9971638792194426
vt 0.5860741138458252 0.9971638792194426
vt 0.5824089050292969 0.9971638792194426
vt 0.6182843446731567 0.4023815393447876
vt 0.6182843446731567 0.4023815393447876
vt 0.6109539270401001 0.4023815393447876
vt 0.6109539270401001 0.4023815393447876
vt 0.6164517402648926 0.4023815393447876
vt 0.6164517402648926 0.4023815393447876
vt 0.6127865314483643 0.4023815393447876
vt 0.6127865314483643 0.4023815393447876
vt 0.5879067182540894 0.4023815393447876
vt 0.5879067182540894 0.4023815393447876
vt 0.5805762410163879 0.4023815393447876
vt 0.5805762410163879 0.4023815393447876
vt 0.5860741138458252 0.4023815393447876
vt 0.5860741138458252 0.4023815393447876
vt 0.5824089050292969 0.4023815393447876
vt 0.5824089050292969 0.4023815393447876
vt 0.6622020602226257 0.9970175274647772
vt 0.6548716425895691 0.9970175274647772
vt 0.6603694558143616 0.9970175274647772
vt 0.6567042469978333 0.9970175274647772
vt 0.6863628029823303 0.9970175274647772
vt 0.6790323853492737 0.9970175274647772
vt 0.6845301985740662 0.9970175274647772
vt 0.6808649897575378 0.9970175274647772
vt 0.6548716425895691 0.46188682317733765
vt 0.6622020602226257 0.46188682317733765
vt 0.6567042469978333 0.46188682317733765
vt 0.6603694558143616 0.46188682317733765
vt 0.6790323853492737 0.46188682317733765
vt 0.6863628029823303 0.46188682317733765
vt 0.6808649897575378 0.46188682317733765
vt 0.6845301985740662 0.46188682317733765
vt 1.4869637489318848 0.3735496401786804
vt 0.4869637191295624 0.3735496401786804
vt 1.4799628257751465 0.37340205907821655
vt 0.4799627661705017 0.37340205907821655
vt 0.4852166771888733 0.37352657318115234
vt 1.4852166175842285 0.37352657318115234
vt 1.4817161560058594 0.3734608292579651
vt 0.48171618580818176 0.3734608292579651
vt 0.5063554644584656 0.37362146377563477
vt 1.5063555240631104 0.37362146377563477
vt 0.499360054731369 0.37365615367889404
vt 1.4993600845336914 0.37365615367889404
vt 0.5046048164367676 0.373653769493103
vt 1.5046048164367676 0.373653769493103
vt 0.5011072158813477 0.37366318702697754
vt 1.5011072158813477 0.37366318702697754
vt 0.4833005666732788 0.9520560540258884
vt 0.4755745828151703 0.9520896375179291
vt 0.48135995864868164 0.9520649947226048
vt 0.4774969816207886 0.9520756080746651
vt 0.5047938227653503 0.952073585242033
vt 0.49706971645355225 0.9520364440977573
vt 0.5028723478317261 0.9520522505044937
vt 0.4990103244781494 0.9520398527383804
vt 0.48348483443260193 0.8904500156641006
vt 0.4758322238922119 0.8904557526111603
vt 0.48155874013900757 0.8904581964015961
vt 0.47773247957229614 0.890455536544323
vt 0.5048009753227234 0.8904459699988365
vt 0.4971507787704468 0.8904311805963516
vt 0.5029019117355347 0.8904359191656113
vt 0.49907684326171875 0.890434056520462
vt 0.48380494117736816 0.8277651220560074
vt 0.4762948453426361 0.8277608901262283
vt 0.48191675543785095 0.8277689665555954
vt 0.4781618118286133 0.8277619779109955
vt 0.5047094225883484 0.8277974873781204
vt 0.4972018897533417 0.8277723491191864
vt 0.5028437376022339 0.827785924077034
vt 0.49908995628356934 0.8277782797813416
vt 0.484164297580719 0.7653912007808685
vt 0.47677868604660034 0.7653777003288269
vt 0.48230916261672974 0.7653912901878357
vt 0.4786163866519928 0.765380322933197
vt 0.5047100186347961 0.7654542326927185
vt 0.49732664227485657 0.765420451760292
vt 0.502873420715332 0.7654414623975754
vt 0.49918174743652344 0.7654287815093994
vt 0.48454931378364563 0.7042302489280701
vt 0.47727787494659424 0.7042170763015747
vt 0.48272138833999634 0.7042262256145477
vt 0.47908568382263184 0.7042160630226135
vt 0.5047883987426758 0.7043357491493225
vt 0.49751901626586914 0.704284131526947
vt 0.5029816031455994 0.7043175101280212
vt 0.49934694170951843 0.7042953073978424
vt 0.4848354160785675 0.6442977786064148
vt 0.4775305986404419 0.6442723274230957
vt 0.48300015926361084 0.644296407699585
vt 0.47934776544570923 0.6442806422710419
vt 0.5051606893539429 0.6443610191345215
vt 0.4978572726249695 0.6443289518356323
vt 0.5033442974090576 0.6443493664264679
vt 0.49969255924224854 0.6443363428115845
vt 0.48525792360305786 0.5865490734577179
vt 0.47805431485176086 0.5865162909030914
vt 0.48344969749450684 0.5865439772605896
vt 0.47984787821769714 0.5865252315998077
vt 0.5052902102470398 0.586641252040863
vt 0.49808797240257263 0.5866020023822784
vt 0.503497302532196 0.5866290926933289
vt 0.49989619851112366 0.586611807346344
vt 0.4856327176094055 0.5310240685939789
vt 0.4784715473651886 0.5309815406799316
vt 0.4838327169418335 0.5310191214084625
vt 0.4802522361278534 0.5309961438179016
vt 0.5055636167526245 0.5311026573181152
vt 0.498403936624527 0.5310715734958649
vt 0.503783643245697 0.5310938060283661
vt 0.5002038478851318 0.5310800075531006
vt 0.4860716462135315 0.47757697105407715
vt 0.47900328040122986 0.477535605430603
vt 0.48429304361343384 0.47756850719451904
vt 0.4807588756084442 0.477546751499176
vt 0.5057578682899475 0.47769027948379517
vt 0.4986913800239563 0.47764456272125244
vt 0.5040031671524048 0.4776769280433655
vt 0.500469982624054 0.4776551127433777
vt 0.4864840507507324 0.4253319501876831
vt 0.4794411361217499 0.4252866506576538
vt 0.4847150444984436 0.4253215789794922
vt 0.4811936020851135 0.425298273563385
vt 0.5060765147209167 0.4254603385925293
vt 0.49903538823127747 0.42541033029556274
vt 0.5043249726295471 0.42544639110565186
vt 0.5008043050765991 0.42542195320129395
vt 0.2497575730085373 0.997163875028491
vt 0.24242717027664185 0.997163875028491
vt 0.24792496860027313 0.997163875028491
vt 0.244259774684906 0.997163875028491
vt 0.22559677064418793 0.9971638752613217
vt 0.21826636791229248 0.997163875028491
vt 0.22376418113708496 0.997163875028491
vt 0.22009898722171783 0.997163875028491
vt 0.24242715537548065 0.32553982734680176
vt 0.2497575730085373 0.32553982734680176
vt 0.244259774684906 0.325539767742157
vt 0.24792496860027313 0.325539767742157
vt 0.21826636791229248 0.32553982734680176
vt 0.22559675574302673 0.32553982734680176
vt 0.22009898722171783 0.325539767742157
vt 0.22376416623592377 0.32553982734680176
vt 0.12603409588336945 0.9971638752613217
vt 0.11870370805263519 0.997163875028491
vt 0.12420151382684708 0.997163875028491
vt 0.12053630501031876 0.997163875028491
vt 0.1501948982477188 0.997163875028491
vt 0.14286449551582336 0.997163875028491
vt 0.14836227893829346 0.997163875028491
vt 0.14469708502292633 0.997163875028491
vt 0.1187036782503128 0.3085606098175049
vt 0.12603408098220825 0.30856066942214966
vt 0.12053628265857697 0.30856072902679443
vt 0.12420147657394409 0.30856066942214966
vt 0.14286446571350098 0.30856072902679443
vt 0.15019486844539642 0.3085606098175049
vt 0.14469707012176514 0.30856066942214966
vt 0.14836226403713226 0.30856066942214966
vt 0.47960156202316284 0.3992685079574585
vt 0.4866698384284973 0.39931756258010864
vt 0.4813635051250458 0.3992834687232971
vt 0.4848976731300354 0.39930832386016846
vt 0.4992438554763794 0.3993856906890869
vt 0.5063092112541199 0.3994300961494446
vt 0.5010160207748413 0.39939558506011963
vt 0.5045487284660339 0.399417519569397
vt 0.4755948483943939 0.9804383758455515
vt 0.4832969009876251 0.9803491197526455
vt 0.4775175154209137 0.9803918991237879
vt 0.4813685417175293 0.9803564287722111
vt 0.49697887897491455 0.9803622215986252
vt 0.5046791434288025 0.9804626982659101
vt 0.4989071786403656 0.980373227968812
vt 0.5027573108673096 0.980414304882288
vt 0.4756993055343628 0.9210172966122627
vt 0.4833879768848419 0.9210033863782883
vt 0.47761061787605286 0.9210125282406807
vt 0.48145490884780884 0.9210106208920479
vt 0.49710339307785034 0.9209878444671631
vt 0.5047908425331116 0.9210091456770897
vt 0.49903643131256104 0.9209907054901123
vt 0.5028801560401917 0.9209963083267212
vt 0.47607550024986267 0.8588623553514481
vt 0.4836479723453522 0.8588652908802032
vt 0.4779570698738098 0.8588640838861465
vt 0.4817432165145874 0.858870804309845
vt 0.49716252088546753 0.8588633984327316
vt 0.5047318935394287 0.8588813692331314
vt 0.4990672469139099 0.8588683605194092
vt 0.5028519034385681 0.85887211561203
vt 0.47649896144866943 0.7963683009147644
vt 0.4839613139629364 0.7963799983263016
vt 0.4783534109592438 0.7963728457689285
vt 0.4820845425128937 0.7963833212852478
vt 0.49727731943130493 0.7963892221450806
vt 0.5047366619110107 0.7964120805263519
vt 0.49915406107902527 0.7963951230049133
vt 0.5028836727142334 0.7964019477367401
vt 0.47694718837738037 0.734647810459137
vt 0.48431289196014404 0.7346700429916382
vt 0.47877708077430725 0.7346562445163727
vt 0.4824598729610443 0.7346712648868561
vt 0.497460275888443 0.7346891462802887
vt 0.504822850227356 0.7347135543823242
vt 0.49931320548057556 0.7346957623958588
vt 0.5029945373535156 0.7347040474414825
vt 0.4773578941822052 0.6742545366287231
vt 0.4846768379211426 0.6742708683013916
vt 0.4791831970214844 0.6742577850818634
vt 0.4828426241874695 0.6742666959762573
vt 0.49769091606140137 0.6743058264255524
vt 0.5050102472305298 0.6743476688861847
vt 0.4995250999927521 0.6743115186691284
vt 0.5031847357749939 0.6743316948413849
vt 0.4778028130531311 0.6153411567211151
vt 0.4850500226020813 0.6153771281242371
vt 0.4796062707901001 0.6153527498245239
vt 0.4832298755645752 0.6153734028339386
vt 0.4979645311832428 0.6154225170612335
vt 0.5052096247673035 0.615452766418457
vt 0.4997846484184265 0.6154316067695618
vt 0.5034071803092957 0.6154440641403198
vt 0.4782620072364807 0.5587016344070435
vt 0.4854434132575989 0.5587343573570251
vt 0.4800494313240051 0.5587107837200165
vt 0.4836401343345642 0.5587291717529297
vt 0.49823835492134094 0.5587857961654663
vt 0.5054189562797546 0.5588263869285583
vt 0.500041663646698 0.5587951242923737
vt 0.5036319494247437 0.5588133633136749
vt 0.4787450134754181 0.5042125284671783
vt 0.48585641384124756 0.5042656362056732
vt 0.4805131256580353 0.5042308866977692
vt 0.4840688109397888 0.5042588114738464
vt 0.49853959679603577 0.5043237805366516
vt 0.5056488513946533 0.5043513774871826
vt 0.5003271102905273 0.5043333768844604
vt 0.5038818120956421 0.5043457746505737
vt 0.47919684648513794 0.4514148235321045
vt 0.4862745702266693 0.45145899057388306
vt 0.48096156120300293 0.4514275789260864
vt 0.4845004379749298 0.4514504671096802
vt 0.49886250495910645 0.45152539014816284
vt 0.5059386491775513 0.4515700936317444
vt 0.5006365776062012 0.45153558254241943
vt 0.5041747093200684 0.45155709981918335
vt 0.48340752720832825 0.9965050630271435
vt 0.47578567266464233 0.9966290292795748
vt 0.4815077781677246 0.9965145736932755
vt 0.4776967763900757 0.9965699764434248
vt 0.504499077796936 0.9966024067252874
vt 0.49688711762428284 0.9964842784684151
vt 0.502592921257019 0.9965404144022614
vt 0.49878689646720886 0.9964879213366657
vt 0.6109539270401001 0.9971638775896281
vt 0.6182843446731567 0.9971638773567975
vt 0.6127865314483643 0.9971638778224587
vt 0.6164517402648926 0.9971638773567975
vt 0.5805762410163879 0.9971638794522732
vt 0.5879067182540894 0.997163878986612
vt 0.5824089050292969 0.9971638792194426
vt 0.5860740542411804 0.9971638792194426
vt 0.6548716425895691 0.9970175274647772
vt 0.6622020602226257 0.9970175274647772
vt 0.6567042469978333 0.9970175274647772
vt 0.6603694558143616 0.9970175274647772
vt 0.6790323853492737 0.9970175274647772
vt 0.6863628029823303 0.9970175274647772
vt 0.6808649897575378 0.9970175274647772
vt 0.6845301985740662 0.9970175274647772
vt 0.6622020602226257 0.46188682317733765
vt 0.6548716425895691 0.46188682317733765
vt 0.6603694558143616 0.46188682317733765
vt 0.6567042469978333 0.46188682317733765
vt 0.6863628029823303 0.46188682317733765
vt 0.6790323853492737 0.46188682317733765
vt 0.6845301985740662 0.46188682317733765
vt 0.6808649897575378 0.46188682317733765
vt 1.4755746126174927 0.9520896375179291
vt 1.4833005666732788 0.9520560540258884
vt 1.4774969816207886 0.9520756080746651
vt 1.4813599586486816 0.9520649909973145
vt 1.4970697164535522 0.9520364440977573
vt 1.5047938823699951 0.952073585242033
vt 1.4990103244781494 0.9520398527383804
vt 1.502872347831726 0.9520522505044937
vt 1.475832223892212 0.8904557526111603
vt 1.4834848642349243 0.8904500156641006
vt 1.4777324199676514 0.890455536544323
vt 1.4815587997436523 0.8904581964015961
vt 1.4971507787704468 0.8904311805963516
vt 1.5048010349273682 0.8904459625482559
vt 1.4990768432617188 0.890434056520462
vt 1.5029019117355347 0.8904359191656113
vt 1.4762948751449585 0.8277608752250671
vt 1.4838049411773682 0.8277651071548462
vt 1.4781618118286133 0.8277619630098343
vt 1.4819167852401733 0.8277689665555954
vt 1.497201919555664 0.8277723491191864
vt 1.5047094821929932 0.8277974724769592
vt 1.4990899562835693 0.8277782648801804
vt 1.5028437376022339 0.8277859389781952
vt 1.4767787456512451 0.7653777152299881
vt 1.4841642379760742 0.7653912007808685
vt 1.4786163568496704 0.765380322933197
vt 1.482309103012085 0.7653912901878357
vt 1.4973266124725342 0.765420451760292
vt 1.5047099590301514 0.7654542326927185
vt 1.4991817474365234 0.7654287964105606
vt 1.502873420715332 0.7654414623975754
vt 1.4772778749465942 0.7042170464992523
vt 1.4845492839813232 0.7042302489280701
vt 1.4790856838226318 0.7042160630226135
vt 1.4827213287353516 0.7042262554168701
vt 1.4975190162658691 0.704284131526947
vt 1.5047883987426758 0.7043357491493225
vt 1.4993469715118408 0.7042953073978424
vt 1.5029816627502441 0.7043175101280212
vt 1.477530598640442 0.6442723274230957
vt 1.4848353862762451 0.6442977786064148
vt 1.4793477058410645 0.6442806422710419
vt 1.4830001592636108 0.644296407699585
vt 1.4978573322296143 0.6443289518356323
vt 1.5051606893539429 0.6443610191345215
vt 1.4996925592422485 0.6443363428115845
vt 1.5033442974090576 0.6443493664264679
vt 1.4780542850494385 0.5865162909030914
vt 1.485257863998413 0.5865490734577179
vt 1.4798479080200195 0.5865252315998077
vt 1.4834496974945068 0.5865439772605896
vt 1.498088002204895 0.5866020023822784
vt 1.5052902698516846 0.586641252040863
vt 1.4998961687088013 0.5866118371486664
vt 1.5034973621368408 0.5866290926933289
vt 1.4784715175628662 0.5309815406799316
vt 1.4856326580047607 0.5310240685939789
vt 1.4802522659301758 0.5309961438179016
vt 1.483832836151123 0.5310190916061401
vt 1.4984039068222046 0.5310715734958649
vt 1.5055636167526245 0.5311026275157928
vt 1.5002038478851318 0.5310800075531006
vt 1.5037837028503418 0.5310938060283661
vt 1.4790033102035522 0.477535605430603
vt 1.4860715866088867 0.47757697105407715
vt 1.4807589054107666 0.477546751499176
vt 1.484292984008789 0.47756850719451904
vt 1.4986913204193115 0.47764456272125244
vt 1.5057578086853027 0.47769027948379517
vt 1.5004700422286987 0.47765517234802246
vt 1.5040031671524048 0.4776769280433655
vt 1.4794411659240723 0.4252866506576538
vt 1.4864840507507324 0.4253320097923279
vt 1.4811935424804688 0.425298273563385
vt 1.4847149848937988 0.4253215789794922
vt 1.499035358428955 0.4254103899002075
vt 1.5060765743255615 0.4254603385925293
vt 1.5008043050765991 0.4254220724105835
vt 1.5043249130249023 0.42544639110565186
vt 0.24242715537548065 0.9971638752613217
vt 0.2497575730085373 0.997163875028491
vt 0.244259774684906 0.997163875028491
vt 0.24792496860027313 0.997163875028491
vt 0.21826636791229248 0.997163875028491
vt 0.22559675574302673 0.997163875028491
vt 0.22009898722171783 0.997163875028491
vt 0.22376416623592377 0.997163875028491
vt 0.2497575730085373 0.32553982734680176
vt 0.24242717027664185 0.32553982734680176
vt 0.24792496860027313 0.325539767742157
vt 0.244259774684906 0.32553982734680176
vt 0.22559677064418793 0.32553982734680176
vt 0.21826636791229248 0.32553982734680176
vt 0.22376418113708496 0.325539767742157
vt 0.22009898722171783 0.325539767742157
vt 0.11870370805263519 0.997163875028491
vt 0.12603409588336945 0.997163875028491
vt 0.12053630501031876 0.997163875028491
vt 0.12420150637626648 0.997163875028491
vt 0.14286449551582336 0.9971638752613217
vt 0.1501948982477188 0.997163875028491
vt 0.14469709992408752 0.997163875028491
vt 0.14836227893829346 0.997163875028491
vt 0.12603408098220825 0.30856072902679443
vt 0.1187036782503128 0.3085606098175049
vt 0.12420147657394409 0.30856066942214966
vt 0.12053628265857697 0.30856066942214966
vt 0.15019486844539642 0.3085606098175049
vt 0.14286446571350098 0.30856066942214966
vt 0.14836226403713226 0.30856072902679443
vt 0.14469705522060394 0.30856066942214966
vt 1.4866697788238525 0.39931756258010864
vt 1.4796016216278076 0.3992685079574585
vt 1.4848976135253906 0.39930832386016846
vt 1.4813635349273682 0.3992834687232971
vt 1.5063092708587646 0.3994300961494446
vt 1.4992438554763794 0.3993856906890869
vt 1.5045487880706787 0.399417519569397
vt 1.5010160207748413 0.39939558506011963
vt 1.4832968711853027 0.9803491197526455
vt 1.4755947589874268 0.9804383758455515
vt 1.4813685417175293 0.9803564287722111
vt 1.4775174856185913 0.9803918991237879
vt 1.5046792030334473 0.980462696403265
vt 1.4969788789749146 0.9803622215986252
vt 1.5027573108673096 0.980414304882288
vt 1.498907208442688 0.9803732298314571
vt 1.4833879470825195 0.9210033863782883
vt 1.4756993055343628 0.9210172966122627
vt 1.481454849243164 0.9210106208920479
vt 1.4776105880737305 0.9210125282406807
vt 1.5047907829284668 0.9210091456770897
vt 1.4971034526824951 0.9209878444671631
vt 1.5028800964355469 0.9209963083267212
vt 1.499036431312561 0.9209907054901123
vt 1.4836479425430298 0.8588652908802032
vt 1.476075530052185 0.8588623553514481
vt 1.4817432165145874 0.858870804309845
vt 1.477957010269165 0.8588640838861465
vt 1.5047318935394287 0.8588813692331314
vt 1.4971625804901123 0.8588633984327316
vt 1.502851963043213 0.85887211561203
vt 1.4990673065185547 0.8588683754205704
vt 1.4839613437652588 0.7963799983263016
vt 1.4764989614486694 0.7963683009147644
vt 1.4820845127105713 0.7963833212852478
vt 1.4783533811569214 0.7963728457689285
vt 1.5047366619110107 0.7964120805263519
vt 1.4972772598266602 0.7963892221450806
vt 1.5028836727142334 0.7964019477367401
vt 1.4991540908813477 0.7963951230049133
vt 1.484312891960144 0.7346700429916382
vt 1.4769471883773804 0.734647810459137
vt 1.4824599027633667 0.7346712350845337
vt 1.4787770509719849 0.7346562445163727
vt 1.504822850227356 0.7347135543823242
vt 1.4974602460861206 0.7346891462802887
vt 1.5029945373535156 0.7347040474414825
vt 1.499313235282898 0.7346957325935364
vt 1.4846768379211426 0.6742708683013916
vt 1.4773578643798828 0.6742545068264008
vt 1.4828426837921143 0.6742666959762573
vt 1.4791831970214844 0.6742577850818634
vt 1.5050102472305298 0.6743476986885071
vt 1.4976909160614014 0.6743058264255524
vt 1.5031847953796387 0.6743316948413849
vt 1.4995250701904297 0.6743115186691284
vt 1.4850499629974365 0.6153771281242371
vt 1.4778027534484863 0.6153411567211151
vt 1.4832298755645752 0.6153734028339386
vt 1.4796062707901 0.6153527498245239
vt 1.5052096843719482 0.615452766418457
vt 1.4979645013809204 0.6154225170612335
vt 1.5034072399139404 0.6154440641403198
vt 1.4997845888137817 0.6154316067695618
vt 1.485443353652954 0.5587343573570251
vt 1.478261947631836 0.5587016642093658
vt 1.4836400747299194 0.5587292313575745
vt 1.4800493717193604 0.5587107837200165
vt 1.5054190158843994 0.5588263869285583
vt 1.4982383251190186 0.5587857961654663
vt 1.5036319494247437 0.5588133633136749
vt 1.5000416040420532 0.5587951242923737
vt 1.4858564138412476 0.5042656362056732
vt 1.4787449836730957 0.5042125284671783
vt 1.4840688705444336 0.5042588114738464
vt 1.480513095855713 0.5042308866977692
vt 1.5056488513946533 0.5043513774871826
vt 1.4985395669937134 0.5043237805366516
vt 1.503881812095642 0.5043457746505737
vt 1.5003271102905273 0.5043333768844604
vt 1.4862746000289917 0.45145899057388306
vt 1.4791967868804932 0.45141488313674927
vt 1.4845004081726074 0.4514504671096802
vt 1.480961561203003 0.4514275789260864
vt 1.5059387683868408 0.4515700936317444
vt 1.4988625049591064 0.45152539014816284
vt 1.5041747093200684 0.45155709981918335
vt 1.5006365776062012 0.45153558254241943
vt 1.475785732269287 0.9966290295124054
vt 1.4834074974060059 0.9965050630271435
vt 1.4776967763900757 0.9965699764434248
vt 1.4815077781677246 0.9965145736932755
vt 1.4968870878219604 0.9964842784684151
vt 1.5044991970062256 0.9966024067252874
vt 1.4987869262695312 0.9964879213366657
vt 1.502592921257019 0.9965404141694307
vt 0.7231887578964233 0.25863128900527954
vt 0.7231887578964233 0.25863128900527954
vt 0.7231887578964233 0.014505624771118164
vt 0.7231887578964233 0.014505624771118164
vt 0.7537133693695068 0.25863128900527954
vt 0.7537133693695068 0.25863128900527954
vt 0.7537133693695068 0.014505624771118164
vt 0.7537133693695068 0.014505624771118164
vt 0.5596893429756165 0.3979381322860718
vt 0.5596893429756165 0.3979381322860718
vt 0.5596893429756165 0.9971639141440392
vt 0.5596893429756165 0.9971639141440392
vt 0.5278633832931519 0.3979381322860718
vt 0.5278633832931519 0.3979381322860718
vt 0.5278633832931519 0.9971639141440392
vt 0.5278633832931519 0.9971639141440392
vt 0.03840850293636322 0.300362229347229
vt 0.03840850293636322 0.300362229347229
vt 0.03840850293636322 0.997163875028491
vt 0.03840850293636322 0.997163875028491
vt 0.006582499481737614 0.300362229347229
vt 0.006582499481737614 0.300362229347229
vt 0.006582499481737614 0.997163875028491
vt 0.006582499481737614 0.997163875028491
vt 1.7306809425354004 0.7051717042922974
vt 0.7306809425354004 0.7051717042922974
vt 0.7306809425354004 0.7051717042922974
vt 0.7306809425354004 0.7051717042922974
vt 0.7306809425354004 0.45184290409088135
vt 0.7306809425354004 0.45184290409088135
vt 0.7615745067596436 0.7051717042922974
vt 0.7615745067596436 0.7051717042922974
vt 1.7615745067596436 0.7051717042922974
vt 0.7615745067596436 0.7051717042922974
vt 0.7615745663642883 0.45184290409088135
vt 0.7615745663642883 0.45184290409088135
vt 0.8029577136039734 0.014309465885162354
vt 0.8029577136039734 0.014309465885162354
vt 0.8029577136039734 0.25843513011932373
vt 0.8029577136039734 0.25843513011932373
vt 0.7724330425262451 0.014309465885162354
vt 0.7724330425262451 0.014309465885162354
vt 0.7724329829216003 0.2584351897239685
vt 0.7724329829216003 0.2584351897239685
vt 0.7616047859191895 0.7347083389759064
vt 0.7616047859191895 0.7347083389759064
vt 0.7616047263145447 0.9880371280014515
vt 0.7616047263145447 0.9880371280014515
vt 1.7616047859191895 0.9880371280014515
vt 0.7616047263145447 0.9880371280014515
vt 0.7307112216949463 0.7347083389759064
vt 0.7307112216949463 0.7347083389759064
vt 1.7307111024856567 0.9880371280014515
vt 0.7307111024856567 0.9880371280014515
vt 0.7307111024856567 0.9880371280014515
vt 0.7307111024856567 0.9880371280014515
vt 0.7231887578964233 0.25863128900527954
vt 0.7231887578964233 0.25863128900527954
vt 0.7231887578964233 0.014505624771118164
vt 0.7231887578964233 0.014505624771118164
vt 0.7537133693695068 0.25863128900527954
vt 0.7537133693695068 0.25863128900527954
vt 0.7537133693695068 0.014505624771118164
vt 0.7537133693695068 0.014505624771118164
vt 0.5596893429756165 0.3979381322860718
vt 0.5596893429756165 0.3979381322860718
vt 0.5596893429756165 0.9971639141440392
vt 0.5596893429756165 0.9971639141440392
vt 0.5278633832931519 0.3979381322860718
vt 0.5278633832931519 0.3979381322860718
vt 0.5278633832931519 0.9971639141440392
vt 0.5278633832931519 0.9971639141440392
vt 0.03840850293636322 0.300362229347229
vt 0.03840850293636322 0.300362229347229
vt 0.03840850293636322 0.997163875028491
vt 0.03840850293636322 0.997163875028491
vt 0.006582499481737614 0.300362229347229
vt 0.006582499481737614 0.300362229347229
vt 0.006582499481737614 0.997163875028491
vt 0.006582499481737614 0.997163875028491
vt 1.7306809425354004 0.45184290409088135
vt 0.7306809425354004 0.45184290409088135
vt 0.7615745663642883 0.45184290409088135
vt 1.7615745067596436 0.45184290409088135
vt 0.8029577136039734 0.014309465885162354
vt 0.8029577136039734 0.014309465885162354
vt 0.8029577136039734 0.25843513011932373
vt 0.8029577136039734 0.25843513011932373
vt 0.7724330425262451 0.014309465885162354
vt 0.7724330425262451 0.014309465885162354
vt 0.7724329829216003 0.2584351897239685
vt 0.7724329829216003 0.2584351897239685
vt 0.7616047859191895 0.7347083389759064
vt 1.7616047859191895 0.7347083389759064
vt 1.7307112216949463 0.7347083389759064
vt 0.7307112216949463 0.7347083389759064
vt 0.5559163689613342 0.9971639141440392
vt 0.5485780835151672 0.9971639141440392
vt 0.5540818572044373 0.9971639141440392
vt 0.5504127144813538 0.9971639141440392
vt 0.5389747023582458 0.9971639141440392
vt 0.5316363573074341 0.9971639141440392
vt 0.5371400117874146 0.9971639143768698
vt 0.533470869064331 0.9971639141440392
vt 0.5485780835151672 0.3979381322860718
vt 0.5559163689613342 0.3979381322860718
vt 0.5504127144813538 0.3979381322860718
vt 0.5540818572044373 0.3979381322860718
vt 0.5316363573074341 0.3979381322860718
vt 0.5389747023582458 0.3979381322860718
vt 0.533470869064331 0.3979381322860718
vt 0.5371400117874146 0.3979381322860718
vt 0.7255314588546753 0.014505624771118164
vt 0.7328699827194214 0.014505624771118164
vt 0.727366030216217 0.01450568437576294
vt 0.7310352921485901 0.014505624771118164
vt 0.7440321445465088 0.014505624771118164
vt 0.7513706684112549 0.014505624771118164
vt 0.7458667755126953 0.014505624771118164
vt 0.7495360374450684 0.014505624771118164
vt 0.7328699827194214 0.25863128900527954
vt 0.7255313992500305 0.25863128900527954
vt 0.7310352921485901 0.25863128900527954
vt 0.727366030216217 0.25863128900527954
vt 0.7513706684112549 0.25863128900527954
vt 0.7440321445465088 0.25863128900527954
vt 0.7495360970497131 0.25863128900527954
vt 0.7458668351173401 0.25863128900527954
vt 0.7747757434844971 0.014309406280517578
vt 0.7821142673492432 0.014309465885162354
vt 0.7766103148460388 0.014309525489807129
vt 0.7802795767784119 0.014309465885162354
vt 0.7932765483856201 0.014309465885162354
vt 0.8006150126457214 0.014309406280517578
vt 0.7951111197471619 0.014309465885162354
vt 0.7987804412841797 0.014309465885162354
vt 0.7821142077445984 0.25843513011932373
vt 0.7747756242752075 0.25843513011932373
vt 0.7802795171737671 0.25843513011932373
vt 0.776610255241394 0.2584351897239685
vt 0.8006150722503662 0.25843513011932373
vt 0.7932764887809753 0.25843513011932373
vt 0.7987804412841797 0.25843513011932373
vt 0.7951111197471619 0.25843513011932373
vt 0.733208179473877 0.45184290409088135
vt 0.740546703338623 0.45184290409088135
vt 0.7350427508354187 0.45184290409088135
vt 0.7387120127677917 0.45184290409088135
vt 0.7517088651657104 0.45184290409088135
vt 0.7590473890304565 0.45184290409088135
vt 0.753543496131897 0.45184290409088135
vt 0.75721275806427 0.45184290409088135
vt 1.7332080602645874 0.7051717042922974
vt 0.7332080602645874 0.7051717042922974
vt 0.7405466437339783 0.7051717042922974
vt 1.740546703338623 0.7051717042922974
vt 1.735042691230774 0.7051717042922974
vt 0.7350426912307739 0.7051717042922974
vt 0.738711953163147 0.7051717042922974
vt 1.738711953163147 0.7051717042922974
vt 0.7517088651657104 0.7051717042922974
vt 1.7517088651657104 0.7051717042922974
vt 0.7590473890304565 0.7051717042922974
vt 1.7590473890304565 0.7051717042922974
vt 1.7535436153411865 0.7051717042922974
vt 0.7535435557365417 0.7051717042922974
vt 0.75721275806427 0.7051717042922974
vt 1.75721275806427 0.7051717042922974
vt 0.7332383394241333 0.7347083389759064
vt 0.7405767440795898 0.7347083389759064
vt 0.735072910785675 0.7347083389759064
vt 0.7387421131134033 0.7347083389759064
vt 0.7517390251159668 0.7347083389759064
vt 0.7590775489807129 0.7347083389759064
vt 0.7535736560821533 0.7347083389759064
vt 0.7572429776191711 0.7347083389759064
vt 1.7332382202148438 0.9880371280014515
vt 0.7332382202148438 0.9880371280014515
vt 0.7405767440795898 0.9880371280014515
vt 1.7405767440795898 0.9880371280014515
vt 1.7350728511810303 0.9880371280014515
vt 0.7350728511810303 0.9880371280014515
vt 1.7387421131134033 0.9880371280014515
vt 0.7387421131134033 0.9880371280014515
vt 0.7517390251159668 0.9880371280014515
vt 1.7517390251159668 0.9880371280014515
vt 0.7590776085853577 0.9880371280014515
vt 1.759077548980713 0.9880371280014515
vt 0.7535736560821533 0.9880371280014515
vt 1.7535736560821533 0.9880371280014515
vt 0.7572429180145264 0.9880371280014515
vt 1.7572429180145264 0.9880371280014515
vt 0.03463573753833771 0.997163875028491
vt 0.027297185733914375 0.997163875028491
vt 0.03280111402273178 0.997163875028491
vt 0.02913184091448784 0.997163875028491
vt 0.017693813890218735 0.997163875028491
vt 0.010355263948440552 0.997163875028491
vt 0.015859168022871017 0.997163875028491
vt 0.012189887464046478 0.997163875028491
vt 0.027297185733914375 0.300362229347229
vt 0.03463573753833771 0.300362229347229
vt 0.029131842777132988 0.300362229347229
vt 0.03280111774802208 0.300362229347229
vt 0.010355263948440552 0.300362229347229
vt 0.017693815752863884 0.300362229347229
vt 0.012189887464046478 0.300362229347229
vt 0.01585915870964527 0.300362229347229
vt 0.5485780835151672 0.9971639141440392
vt 0.5559163689613342 0.9971639141440392
vt 0.5504127144813538 0.9971639143768698
vt 0.5540818572044373 0.9971639141440392
vt 0.5316363573074341 0.9971639141440392
vt 0.5389747023582458 0.9971639141440392
vt 0.533470869064331 0.9971639141440392
vt 0.5371400117874146 0.9971639141440392
vt 0.5559163689613342 0.3979381322860718
vt 0.5485780835151672 0.3979381322860718
vt 0.5540818572044373 0.3979381322860718
vt 0.5504127144813538 0.3979381322860718
vt 0.5389747023582458 0.3979381322860718
vt 0.5316363573074341 0.3979381322860718
vt 0.5371400117874146 0.3979381322860718
vt 0.533470869064331 0.3979381322860718
vt 0.7328699827194214 0.014505624771118164
vt 0.7255314588546753 0.014505624771118164
vt 0.7310352921485901 0.01450568437576294
vt 0.7273660898208618 0.014505624771118164
vt 0.7513706684112549 0.014505624771118164
vt 0.7440321445465088 0.014505624771118164
vt 0.7495360374450684 0.01450568437576294
vt 0.7458668351173401 0.014505624771118164
vt 0.7255313992500305 0.25863128900527954
vt 0.7328699827194214 0.25863128900527954
vt 0.727366030216217 0.25863128900527954
vt 0.7310352921485901 0.25863128900527954
vt 0.7440321445465088 0.25863128900527954
vt 0.7513706684112549 0.25863128900527954
vt 0.7458667755126953 0.25863128900527954
vt 0.7495360970497131 0.25863128900527954
vt 0.7821142673492432 0.014309465885162354
vt 0.7747757434844971 0.014309406280517578
vt 0.7802796363830566 0.014309465885162354
vt 0.7766103744506836 0.014309465885162354
vt 0.8006150126457214 0.014309406280517578
vt 0.7932765483856201 0.014309465885162354
vt 0.7987804412841797 0.014309525489807129
vt 0.7951111197471619 0.014309465885162354
vt 0.7747756242752075 0.25843513011932373
vt 0.7821142077445984 0.25843513011932373
vt 0.776610255241394 0.2584351897239685
vt 0.7802795171737671 0.25843513011932373
vt 0.7932764887809753 0.25843513011932373
vt 0.8006150722503662 0.25843513011932373
vt 0.7951111197471619 0.25843513011932373
vt 0.7987804412841797 0.25843513011932373
vt 1.740546703338623 0.45184290409088135
vt 1.733208179473877 0.45184290409088135
vt 1.7387120723724365 0.45184290409088135
vt 1.7350428104400635 0.45184290409088135
vt 1.7590473890304565 0.45184290409088135
vt 1.7517088651657104 0.45184290409088135
vt 1.75721275806427 0.45184290409088135
vt 1.7535436153411865 0.45184290409088135
vt 1.7405767440795898 0.7347083389759064
vt 1.7332383394241333 0.7347083389759064
vt 1.7387421131134033 0.7347083389759064
vt 1.7350728511810303 0.7347083389759064
vt 1.759077548980713 0.7347083389759064
vt 1.7517390251159668 0.7347083389759064
vt 1.7572429180145264 0.7347083389759064
vt 1.7535736560821533 0.7347083389759064
vt 0.027297185733914375 0.997163875028491
vt 0.03463573753833771 0.997163875028491
vt 0.029131842777132988 0.997163875028491
vt 0.03280111774802208 0.997163875028491
vt 0.010355263948440552 0.997163875028491
vt 0.017693815752863884 0.997163875028491
vt 0.012189887464046478 0.997163875028491
vt 0.015859168022871017 0.997163875028491
vt 0.03463573753833771 0.300362229347229
vt 0.027297185733914375 0.300362229347229
vt 0.03280111402273178 0.300362229347229
vt 0.02913184091448784 0.300362229347229
vt 0.017693813890218735 0.300362229347229
vt 0.010355263948440552 0.300362229347229
vt 0.01585915870964527 0.300362229347229
vt 0.012189887464046478 0.300362229347229
vt 0.5485780835151672 0.9971639141440392
vt 0.5559163689613342 0.9971639141440392
vt 0.5504127144813538 0.9971639143768698
vt 0.5540818572044373 0.9971639141440392
vt 0.5316363573074341 0.9971639141440392
vt 0.5389747023582458 0.9971639141440392
vt 0.533470869064331 0.9971639141440392
vt 0.5371400117874146 0.9971639141440392
vt 0.5559163689613342 0.3979381322860718
vt 0.5485780835151672 0.3979381322860718
vt 0.5540818572044373 0.3979381322860718
vt 0.5504127144813538 0.3979381322860718
vt 0.5389747023582458 0.3979381322860718
vt 0.5316363573074341 0.3979381322860718
vt 0.5371400117874146 0.3979381322860718
vt 0.533470869064331 0.3979381322860718
vt 0.7328699827194214 0.014505624771118164
vt 0.7255314588546753 0.014505624771118164
vt 0.7310352921485901 0.01450568437576294
vt 0.7273660898208618 0.014505624771118164
vt 0.7513706684112549 0.014505624771118164
vt 0.7440321445465088 0.014505624771118164
vt 0.7495360374450684 0.01450568437576294
vt 0.7458668351173401 0.014505624771118164
vt 0.7255313992500305 0.25863128900527954
vt 0.7328699827194214 0.25863128900527954
vt 0.727366030216217 0.25863128900527954
vt 0.7310352921485901 0.25863128900527954
vt 0.7440321445465088 0.25863128900527954
vt 0.7513706684112549 0.25863128900527954
vt 0.7458667755126953 0.25863128900527954
vt 0.7495360970497131 0.25863128900527954
vt 0.7821142673492432 0.014309465885162354
vt 0.7747757434844971 0.014309406280517578
vt 0.7802796363830566 0.014309465885162354
vt 0.7766103744506836 0.014309465885162354
vt 0.8006150126457214 0.014309406280517578
vt 0.7932765483856201 0.014309465885162354
vt 0.7987804412841797 0.014309525489807129
vt 0.7951111197471619 0.014309465885162354
vt 0.7747756242752075 0.25843513011932373
vt 0.7821142077445984 0.25843513011932373
vt 0.776610255241394 0.2584351897239685
vt 0.7802795171737671 0.25843513011932373
vt 0.7932764887809753 0.25843513011932373
vt 0.8006150722503662 0.25843513011932373
vt 0.7951111197471619 0.25843513011932373
vt 0.7987804412841797 0.25843513011932373
vt 0.740546703338623 0.45184290409088135
vt 0.7332081198692322 0.45184290409088135
vt 0.7387120127677917 0.45184290409088135
vt 0.7350427508354187 0.45184290409088135
vt 0.7590473890304565 0.45184290409088135
vt 0.7517088651657104 0.45184290409088135
vt 0.75721275806427 0.45184290409088135
vt 0.7535435557365417 0.45184290409088135
vt 0.7405466437339783 0.7051717042922974
vt 0.7405466437339783 0.7051717042922974
vt 0.7332080602645874 0.7051717042922974
vt 0.7332080602645874 0.7051717042922974
vt 0.738711953163147 0.7051717042922974
vt 0.738711953163147 0.7051717042922974
vt 0.7350426912307739 0.7051717042922974
vt 0.7350426912307739 0.7051717042922974
vt 0.7590473890304565 0.7051717042922974
vt 0.7590473890304565 0.7051717042922974
vt 0.7517088651657104 0.7051717042922974
vt 0.7517088651657104 0.7051717042922974
vt 0.7572128176689148 0.7051717042922974
vt 0.7572128176689148 0.7051717042922974
vt 0.7535435557365417 0.7051717042922974
vt 0.7535435557365417 0.7051717042922974
vt 0.7405767440795898 0.7347083389759064
vt 0.7332383394241333 0.7347083389759064
vt 0.7387421727180481 0.7347083389759064
vt 0.735072910785675 0.7347083389759064
vt 0.7590775489807129 0.7347083389759064
vt 0.7517390251159668 0.7347083389759064
vt 0.7572429776191711 0.7347083389759064
vt 0.7535736560821533 0.7347083389759064
vt 0.7405767440795898 0.9880371280014515
vt 0.7405767440795898 0.9880371280014515
vt 0.7332382202148438 0.9880371280014515
vt 0.7332382202148438 0.9880371280014515
vt 0.7387421131134033 0.9880371280014515
vt 0.7387421131134033 0.9880371280014515
vt 0.7350728511810303 0.9880371280014515
vt 0.7350728511810303 0.9880371280014515
vt 0.7590775489807129 0.9880371280014515
vt 0.7590775489807129 0.9880371280014515
vt 0.7517390251159668 0.9880371280014515
vt 0.7517390251159668 0.9880371280014515
vt 0.7572429180145264 0.9880371280014515
vt 0.7572429180145264 0.9880371280014515
vt 0.7535736560821533 0.9880371280014515
vt 0.7535736560821533 0.9880371280014515
vt 0.027297185733914375 0.997163875028491
vt 0.03463573753833771 0.997163875028491
vt 0.029131842777132988 0.997163875028491
vt 0.03280111774802208 0.997163875028491
vt 0.010355263948440552 0.997163875028491
vt 0.017693815752863884 0.997163875028491
vt 0.012189887464046478 0.997163875028491
vt 0.015859168022871017 0.997163875028491
vt 0.03463573753833771 0.300362229347229
vt 0.027297185733914375 0.300362229347229
vt 0.03280111402273178 0.300362229347229
vt 0.02913184091448784 0.300362229347229
vt 0.017693813890218735 0.300362229347229
vt 0.010355263948440552 0.300362229347229
vt 0.01585915870964527 0.300362229347229
vt 0.012189887464046478 0.300362229347229
vt 0.5559163689613342 0.9971639141440392
vt 0.5485780835151672 0.9971639141440392
vt 0.5540818572044373 0.9971639141440392
vt 0.5504127144813538 0.9971639141440392
vt 0.5389747023582458 0.9971639141440392
vt 0.5316363573074341 0.9971639141440392
vt 0.5371400117874146 0.9971639143768698
vt 0.533470869064331 0.9971639141440392
vt 0.5485780835151672 0.3979381322860718
vt 0.5559163689613342 0.3979381322860718
vt 0.5504127144813538 0.3979381322860718
vt 0.5540818572044373 0.3979381322860718
vt 0.5316363573074341 0.3979381322860718
vt 0.5389747023582458 0.3979381322860718
vt 0.533470869064331 0.3979381322860718
vt 0.5371400117874146 0.3979381322860718
vt 0.7255314588546753 0.014505624771118164
vt 0.7328699827194214 0.014505624771118164
vt 0.727366030216217 0.01450568437576294
vt 0.7310352921485901 0.014505624771118164
vt 0.7440321445465088 0.014505624771118164
vt 0.7513706684112549 0.014505624771118164
vt 0.7458667755126953 0.014505624771118164
vt 0.7495360374450684 0.014505624771118164
vt 0.7328699827194214 0.25863128900527954
vt 0.7255313992500305 0.25863128900527954
vt 0.7310352921485901 0.25863128900527954
vt 0.727366030216217 0.25863128900527954
vt 0.7513706684112549 0.25863128900527954
vt 0.7440321445465088 0.25863128900527954
vt 0.7495360970497131 0.25863128900527954
vt 0.7458668351173401 0.25863128900527954
vt 0.7747757434844971 0.014309406280517578
vt 0.7821142673492432 0.014309465885162354
vt 0.7766103148460388 0.014309525489807129
vt 0.7802795767784119 0.014309465885162354
vt 0.7932765483856201 0.014309465885162354
vt 0.8006150126457214 0.014309406280517578
vt 0.7951111197471619 0.014309465885162354
vt 0.7987804412841797 0.014309465885162354
vt 0.7821142077445984 0.25843513011932373
vt 0.7747756242752075 0.25843513011932373
vt 0.7802795171737671 0.25843513011932373
vt 0.776610255241394 0.2584351897239685
vt 0.8006150722503662 0.25843513011932373
vt 0.7932764887809753 0.25843513011932373
vt 0.7987804412841797 0.25843513011932373
vt 0.7951111197471619 0.25843513011932373
vt 0.733208179473877 0.45184290409088135
vt 0.740546703338623 0.45184290409088135
vt 0.7350427508354187 0.45184290409088135
vt 0.7387120127677917 0.45184290409088135
vt 0.7517088651657104 0.45184290409088135
vt 0.7590473890304565 0.45184290409088135
vt 0.753543496131897 0.45184290409088135
vt 0.75721275806427 0.45184290409088135
vt 0.7332383394241333 0.7347083389759064
vt 0.7405767440795898 0.7347083389759064
vt 0.735072910785675 0.7347083389759064
vt 0.7387421131134033 0.7347083389759064
vt 0.7517390251159668 0.7347083389759064
vt 0.7590775489807129 0.7347083389759064
vt 0.7535736560821533 0.7347083389759064
vt 0.7572429776191711 0.7347083389759064
vt 0.03463573753833771 0.997163875028491
vt 0.027297185733914375 0.997163875028491
vt 0.03280111402273178 0.997163875028491
vt 0.02913184091448784 0.997163875028491
vt 0.017693813890218735 0.997163875028491
vt 0.010355263948440552 0.997163875028491
vt 0.015859168022871017 0.997163875028491
vt 0.012189887464046478 0.997163875028491
vt 0.027297185733914375 0.300362229347229
vt 0.03463573753833771 0.300362229347229
vt 0.029131842777132988 0.300362229347229
vt 0.03280111774802208 0.300362229347229
vt 0.010355263948440552 0.300362229347229
vt 0.017693815752863884 0.300362229347229
vt 0.012189887464046478 0.300362229347229
vt 0.01585915870964527 0.300362229347229
vt 0.7077443599700928 0.1594700813293457
vt 0.004168082494288683 0.15947002172470093
vt 0.7077443599700928 0.19636839628219604
vt 0.004168049432337284 0.19636833667755127
vt 0.7077443599700928 0.1594700813293457
vt 0.004168082494288683 0.15947002172470093
vt 0.7077443599700928 0.19636839628219604
vt 0.004168049432337284 0.19636833667755127
vt 0.7077443599700928 0.1594700813293457
vt 0.004168082494288683 0.15947002172470093
vt 0.7077443599700928 0.19636839628219604
vt 0.004168049432337284 0.19636833667755127
vt 0.7077443599700928 0.1594700813293457
vt 0.004168082494288683 0.15947002172470093
vt 0.7077443599700928 0.19636839628219604
vt 0.004168049432337284 0.19636833667755127
vt 0.7077443599700928 0.1607506275177002
vt 0.7077444195747375 0.16482758522033691
vt 0.7077443599700928 0.16176986694335938
vt 0.7077444195747375 0.16380834579467773
vt 0.004168049432337284 0.16482752561569214
vt 0.004168069921433926 0.1607506275177002
vt 0.004168049432337284 0.16380834579467773
vt 0.004168059676885605 0.16176974773406982
vt 0.004168049432337284 0.19508779048919678
vt 0.004168049432337284 0.19101083278656006
vt 0.004168049432337284 0.1940685510635376
vt 0.004168049432337284 0.19203007221221924
vt 0.7077444195747375 0.19101083278656006
vt 0.7077443599700928 0.19508779048919678
vt 0.7077443599700928 0.19203007221221924
vt 0.7077443599700928 0.1940685510635376
vt 0.7077444195747375 0.16482758522033691
vt 0.7077443599700928 0.1607506275177002
vt 0.7077444195747375 0.1638084053993225
vt 0.7077444195747375 0.16176986694335938
vt 0.004168069921433926 0.16075056791305542
vt 0.004168049432337284 0.16482752561569214
vt 0.004168059676885605 0.16176986694335938
vt 0.004168049432337284 0.16380828619003296
vt 0.004168049432337284 0.19101077318191528
vt 0.004168049432337284 0.19508779048919678
vt 0.004168049432337284 0.19203007221221924
vt 0.004168049432337284 0.1940685510635376
vt 0.7077443599700928 0.19508779048919678
vt 0.7077443599700928 0.19101083278656006
vt 0.7077443599700928 0.19406861066818237
vt 0.7077443599700928 0.19203007221221924
vt 0.7077444195747375 0.16482758522033691
vt 0.7077443599700928 0.1607506275177002
vt 0.7077444195747375 0.1638084053993225
vt 0.7077444195747375 0.16176986694335938
vt 0.004168069921433926 0.16075056791305542
vt 0.004168049432337284 0.16482752561569214
vt 0.004168059676885605 0.16176986694335938
vt 0.004168049432337284 0.16380828619003296
vt 0.004168049432337284 0.19101077318191528
vt 0.004168049432337284 0.19508779048919678
vt 0.004168049432337284 0.19203007221221924
vt 0.004168049432337284 0.1940685510635376
vt 0.7077443599700928 0.19508779048919678
vt 0.7077443599700928 0.19101083278656006
vt 0.7077443599700928 0.19406861066818237
vt 0.7077443599700928 0.19203007221221924
vt 0.7077443599700928 0.1607506275177002
vt 0.7077444195747375 0.16482758522033691
vt 0.7077443599700928 0.16176986694335938
vt 0.7077444195747375 0.16380834579467773
vt 0.004168049432337284 0.16482752561569214
vt 0.004168069921433926 0.1607506275177002
vt 0.004168049432337284 0.16380834579467773
vt 0.004168059676885605 0.16176974773406982
vt 0.004168049432337284 0.19508779048919678
vt 0.004168049432337284 0.19101083278656006
vt 0.004168049432337284 0.1940685510635376
vt 0.004168049432337284 0.19203007221221924
vt 0.7077444195747375 0.19101083278656006
vt 0.7077443599700928 0.19508779048919678
vt 0.7077443599700928 0.19203007221221924
vt 0.7077443599700928 0.1940685510635376
vn 0 -1 0
vn 0 -1 0
vn 0 -1 0
vn 0 -1 0
vn 0 1 0
vn 0 1 0
vn 0 1 0
vn 0 1 0
vn -4.69238019551454e-8 0 0.9999999999999989
vn -4.69238019551454e-8 0 0.9999999999999989
vn -1 0 -2.220446049250313e-16
vn -1 0 -2.220446049250313e-16
vn -1 0 -2.220446049250313e-16
vn -1 0 -2.220446049250313e-16
vn 1 0 2.220446049250313e-16
vn 1 0 2.220446049250313e-16
vn 1 0 2.220446049250313e-16
vn 1 0 2.220446049250313e-16
vn -1 0 -2.220446049250313e-16
vn -1 0 -2.220446049250313e-16
vn 0 -1 0
vn 0 -1 0
vn 0 -1 0
vn 0 -1 0
vn -1 0 -2.220446049250313e-16
vn -1 0 -2.220446049250313e-16
vn -1 0 -2.220446049250313e-16
vn -1 0 -2.220446049250313e-16
vn 1 0 2.220446049250313e-16
vn 1 0 2.220446049250313e-16
vn 1 0 2.220446049250313e-16
vn 1 0 2.220446049250313e-16
vn 0.26381511864784835 -0.9645732648030535 -3.0759995064222865e-13
vn 0.26381511864784835 -0.9645732648030535 -3.0759995064222865e-13
vn 0.32079144704350065 -0.9471498548296025 9.119211217261069e-15
vn 0.32079144704350065 -0.9471498548296025 9.119211217261069e-15
vn -0.0954092049369561 0.9954381365073776 1.3157776086578829e-7
vn -0.0954092049369561 0.9954381365073776 1.3157776086578829e-7
vn -0.0515202730873884 0.9986719488705945 9.718787906261341e-8
vn -0.0515202730873884 0.9986719488705945 9.718787906261341e-8
vn -0.520635593275377 0.8537789989305172 4.512331985080152e-14
vn -0.520635593275377 0.8537789989305172 4.512331985080152e-14
vn -0.4535059904311736 0.8912532281248916 -1.2751414178384951e-8
vn -0.4535059904311736 0.8912532281248916 -1.2751414178384951e-8
vn 0.2076771777314356 -0.9781974186479464 4.6113596881322127e-17
vn 0.2076771777314356 -0.9781974186479464 4.6113596881322127e-17
vn 2.0093986949340403e-30 -1 -9.049527213743705e-15
vn 2.0093986949340403e-30 -1 -9.049527213743705e-15
vn 2.0093986949340403e-30 -1 -9.049527213743705e-15
vn 2.0093986949340403e-30 -1 -9.049527213743705e-15
vn 0.05022314789849028 -0.9987380214126057 -1.0174157209407501e-8
vn 0.05022314789849028 -0.9987380214126057 -1.0174157209407501e-8
vn -0.3837982172121303 0.9234169851506904 1.6495017054751355e-8
vn -0.3837982172121303 0.9234169851506904 1.6495017054751355e-8
vn 0.15086376727788464 -0.9885545628455333 -2.5069128362612286e-8
vn 0.15086376727788464 -0.9885545628455333 -2.5069128362612286e-8
vn 0.5918245761766503 -0.806066790677626 2.370667348846729e-8
vn 0.5918245761766503 -0.806066790677626 2.370667348846729e-8
vn -0.3261490068268297 0.94531837247875 1.5767132830905695e-8
vn -0.3261490068268297 0.94531837247875 1.5767132830905695e-8
vn 0.09478187590618553 -0.9954980642872714 -4.773993194612154e-9
vn 0.09478187590618553 -0.9954980642872714 -4.773993194612154e-9
vn 0.5214800643362133 -0.8532634660524842 1.157918348618144e-16
vn 0.5214800643362133 -0.8532634660524842 1.157918348618144e-16
vn -0.2648043012866168 0.9643021736054035 3.338937268789561e-8
vn -0.2648043012866168 0.9643021736054035 3.338937268789561e-8
vn 0.447485038283609 -0.8942914181139819 1.1668944467553512e-8
vn 0.447485038283609 -0.8942914181139819 1.1668944467553512e-8
vn -0.20869541666658573 0.977980686446495 5.165696597957453e-8
vn -0.20869541666658573 0.977980686446495 5.165696597957453e-8
vn 0 1 0
vn 0 1 0
vn 0 1 0
vn 0 1 0
vn 0.37908934636358277 -0.9253600744972907 -3.611260793940603e-14
vn 0.37908934636358277 -0.9253600744972907 -3.611260793940603e-14
vn -0.15083336166696748 0.9885592025813332 -3.3491734200856156e-17
vn -0.15083336166696748 0.9885592025813332 -3.3491734200856156e-17
vn -0.5964108846981144 0.8026792987324466 5.508553060960571e-9
vn -0.5964108846981144 0.8026792987324466 5.508553060960571e-9
vn -0.5566434888485992 0.8307514828891125 -1.2359968356547827e-16
vn -0.5566434888485992 0.8307514828891125 -1.2359968356547827e-16
vn -0.11913935827861315 0.9928775419501356 1.3159254292251654e-7
vn -0.11913935827861315 0.9928775419501356 1.3159254292251654e-7
vn -0.6351798757451014 0.7723642440250827 -9.314437513274348e-10
vn -0.6351798757451014 0.7723642440250827 -9.314437513274348e-10
vn -0.18243528320645233 0.983217863670805 -4.0508770383962907e-17
vn -0.18243528320645233 0.983217863670805 -4.0508770383962907e-17
vn -0.032313993861544765 0.999477766536461 5.890038103972939e-8
vn -0.032313993861544765 0.999477766536461 5.890038103972939e-8
vn -0.23439137120604414 0.9721423173096336 7.724029240489449e-8
vn -0.23439137120604414 0.9721423173096336 7.724029240489449e-8
vn -0.29528040131120936 0.9554106366382422 7.811003549570447e-9
vn -0.29528040131120936 0.9554106366382422 7.811003549570447e-9
vn -0.35621423227369986 0.9344043133064287 -1.6904302730700328e-8
vn -0.35621423227369986 0.9344043133064287 -1.6904302730700328e-8
vn -0.41241976631208127 0.9109939277267918 3.642042129757002e-8
vn -0.41241976631208127 0.9109939277267918 3.642042129757002e-8
vn -0.4935612401908341 0.8697110452220816 -5.068144074649223e-13
vn -0.4935612401908341 0.8697110452220816 -5.068144074649223e-13
vn -0.07291784543999194 0.997337950654828 1.3053999584218274e-7
vn -0.07291784543999194 0.997337950654828 1.3053999584218274e-7
vn 0.34678831196455523 -0.937943424031948 -3.611333376308164e-14
vn 0.34678831196455523 -0.937943424031948 -3.611333376308164e-14
vn 0.4122387836008067 -0.911075839486114 3.8009711160354767e-13
vn 0.4122387836008067 -0.911075839486114 3.8009711160354767e-13
vn 0.48300607746294905 -0.8756169991119721 1.1666034886807322e-8
vn 0.48300607746294905 -0.8756169991119721 1.1666034886807322e-8
vn 0.07178005114028352 -0.9974204851807971 -3.541020402711933e-8
vn 0.07178005114028352 -0.9974204851807971 -3.541020402711933e-8
vn 0.5591440769234791 -0.8290705043851156 2.370198438226532e-8
vn 0.5591440769234791 -0.8290705043851156 2.370198438226532e-8
vn 0.11914897469924285 -0.9928763879900253 5.5707842882280045e-9
vn 0.11914897469924285 -0.9928763879900253 5.5707842882280045e-9
vn 0.6274002251144523 -0.7786969612926035 -1.0265295234001009e-8
vn 0.6274002251144523 -0.7786969612926035 -1.0265295234001009e-8
vn 0.18247392945052018 -0.9832106921056576 4.051735157395879e-17
vn 0.18247392945052018 -0.9832106921056576 4.051735157395879e-17
vn 0.031636530493486595 -0.9994994396888546 -2.7207361830030415e-8
vn 0.031636530493486595 -0.9994994396888546 -2.7207361830030415e-8
vn 0.23259038169378515 -0.9725747859900231 5.164543941255876e-17
vn 0.23259038169378515 -0.9725747859900231 5.164543941255876e-17
vn 0.2947979832412208 -0.9555595999606245 -2.713612184315731e-13
vn 0.2947979832412208 -0.9555595999606245 -2.713612184315731e-13
vn 1 0 2.220446049250313e-16
vn 1 0 2.220446049250313e-16
vn 1 0 2.220446049250313e-16
vn 1 0 2.220446049250313e-16
vn -1 0 -2.220446049250313e-16
vn -1 0 -2.220446049250313e-16
vn -1 0 -2.220446049250313e-16
vn -1 0 -2.220446049250313e-16
vn 1 0 2.220446049250313e-16
vn 1 0 2.220446049250313e-16
vn 1 0 2.220446049250313e-16
vn 1 0 2.220446049250313e-16
vn 1 0 2.220446049250313e-16
vn 1 0 2.220446049250313e-16
vn -1 0 -2.220446049250313e-16
vn -1 0 -2.220446049250313e-16
vn -1 0 -2.220446049250313e-16
vn -1 0 -2.220446049250313e-16
vn -0.26381511864784835 -0.9645732648030535 3.0759995064222865e-13
vn -0.26381511864784835 -0.9645732648030535 3.0759995064222865e-13
vn -0.32079144704350065 -0.9471498548296025 -9.119211217261069e-15
vn -0.32079144704350065 -0.9471498548296025 -9.119211217261069e-15
vn 0.09540921404158328 0.9954381356347314 -1.315777670827087e-7
vn 0.09540921404158328 0.9954381356347314 -1.315777670827087e-7
vn 0.0515202730873884 0.9986719488705945 -9.718787906261341e-8
vn 0.0515202730873884 0.9986719488705945 -9.718787906261341e-8
vn 0.520635593275377 0.8537789989305172 -4.512331985080152e-14
vn 0.520635593275377 0.8537789989305172 -4.512331985080152e-14
vn 0.4535060614500122 0.8912531919876066 1.2751414549536903e-8
vn 0.4535060614500122 0.8912531919876066 1.2751414549536903e-8
vn -0.20767720624838812 -0.9781974125936258 -4.6113603213357583e-17
vn -0.20767720624838812 -0.9781974125936258 -4.6113603213357583e-17
vn -0.05022314418259662 -0.9987380215994653 1.0174139447743163e-8
vn -0.05022314418259662 -0.9987380215994653 1.0174139447743163e-8
vn 0.3837982172121303 0.9234169851506904 -1.6494999291182713e-8
vn 0.3837982172121303 0.9234169851506904 -1.6494999291182713e-8
vn -0.15086376727788464 -0.9885545628455333 2.5069128362612286e-8
vn -0.15086376727788464 -0.9885545628455333 2.5069128362612286e-8
vn -0.5918245761766503 -0.806066790677626 -2.3706677041180877e-8
vn -0.5918245761766503 -0.806066790677626 -2.3706677041180877e-8
vn 0.3261489801946753 0.9453183816672418 -1.576713476051899e-8
vn 0.3261489801946753 0.9453183816672418 -1.576713476051899e-8
vn -0.09478189981676759 -0.9954980620107325 4.77399334194502e-9
vn -0.09478189981676759 -0.9954980620107325 4.77399334194502e-9
vn -0.5214801077318805 -0.8532634395308087 -1.1579184449758816e-16
vn -0.5214801077318805 -0.8532634395308087 -1.1579184449758816e-16
vn 0.26480432899916045 0.9643021659953395 -3.3389358213539425e-8
vn 0.26480432899916045 0.9643021659953395 -3.3389358213539425e-8
vn -0.4474850859528451 -0.8942913942612747 -1.1668950373565742e-8
vn -0.4474850859528451 -0.8942913942612747 -1.1668950373565742e-8
vn 0.20869540450127383 0.9779806890425021 -5.16569629683771e-8
vn 0.20869540450127383 0.9779806890425021 -5.16569629683771e-8
vn -0.37908932545462226 -0.9253600830629986 3.6112602559455947e-14
vn -0.37908932545462226 -0.9253600830629986 3.6112602559455947e-14
vn 0.15083336166696748 0.9885592025813332 3.3491734200856156e-17
vn 0.15083336166696748 0.9885592025813332 3.3491734200856156e-17
vn 0.5964108846981144 0.8026792987324466 -5.508553060960571e-9
vn 0.5964108846981144 0.8026792987324466 -5.508553060960571e-9
vn 0.5566434337223648 0.830751519826341 1.2359967132499534e-16
vn 0.5566434337223648 0.830751519826341 1.2359967132499534e-16
vn 0.11913935827861315 0.9928775419501356 -1.3159254292251654e-7
vn 0.11913935827861315 0.9928775419501356 -1.3159254292251654e-7
vn 0.6351799049865555 0.7723642199773825 9.314436831855423e-10
vn 0.6351799049865555 0.7723642199773825 9.314436831855423e-10
vn 0.18243526880124142 0.9832178663436801 4.050876718536354e-17
vn 0.18243526880124142 0.9832178663436801 4.050876718536354e-17
vn 0.03231399014014453 0.9994777666567771 -5.890038104681976e-8
vn 0.03231399014014453 0.9994777666567771 -5.890038104681976e-8
vn 0.23439137120604414 0.9721423173096336 -7.724029240489449e-8
vn 0.23439137120604414 0.9721423173096336 -7.724029240489449e-8
vn 0.29528040131120936 0.9554106366382422 -7.810993779608672e-9
vn 0.29528040131120936 0.9554106366382422 -7.810993779608672e-9
vn 0.3562142582944458 0.9344043033867822 1.6904304327600777e-8
vn 0.3562142582944458 0.9344043033867822 1.6904304327600777e-8
vn 0.41241971684559603 0.9109939501209637 -3.642043285100213e-8
vn 0.41241971684559603 0.9109939501209637 -3.642043285100213e-8
vn 0.4935612176484373 0.8697110580148973 5.068143607030658e-13
vn 0.4935612176484373 0.8697110580148973 5.068143607030658e-13
vn 0.07291784977466438 0.9973379503379095 -1.305399893914052e-7
vn 0.07291784977466438 0.9973379503379095 -1.305399893914052e-7
vn -0.34678831196455523 -0.937943424031948 3.611333376308164e-14
vn -0.34678831196455523 -0.937943424031948 3.611333376308164e-14
vn -0.4122387836008067 -0.911075839486114 -3.8009711160354767e-13
vn -0.4122387836008067 -0.911075839486114 -3.8009711160354767e-13
vn -0.48300607746294905 -0.8756169991119721 -1.1666034886807322e-8
vn -0.48300607746294905 -0.8756169991119721 -1.1666034886807322e-8
vn -0.07178005114028352 -0.9974204851807971 3.541020402711933e-8
vn -0.07178005114028352 -0.9974204851807971 3.541020402711933e-8
vn -0.5591440769234791 -0.8290705043851156 -2.370198438226532e-8
vn -0.5591440769234791 -0.8290705043851156 -2.370198438226532e-8
vn -0.11914897469924285 -0.9928763879900253 -5.5707842882280045e-9
vn -0.11914897469924285 -0.9928763879900253 -5.5707842882280045e-9
vn -0.627400261256857 -0.7786969321724773 1.0265294850120348e-8
vn -0.627400261256857 -0.7786969321724773 1.0265294850120348e-8
vn -0.18247392945052018 -0.9832106921056576 -4.051735157395879e-17
vn -0.18247392945052018 -0.9832106921056576 -4.051735157395879e-17
vn -0.031636528656665094 -0.9994994397469944 2.720737766496504e-8
vn -0.031636528656665094 -0.9994994397469944 2.720737766496504e-8
vn -0.23259038169378515 -0.9725747859900231 -5.164543941255876e-17
vn -0.23259038169378515 -0.9725747859900231 -5.164543941255876e-17
vn -0.29479801045354637 -0.9555595915653983 2.8040880166804714e-13
vn -0.29479801045354637 -0.9555595915653983 2.8040880166804714e-13
vn 4.69238019551454e-8 0 -0.9999999999999989
vn 4.69238019551454e-8 0 -0.9999999999999989
vn -0.13052477430727916 0 0.9914450480445367
vn -0.9914458488991034 0 0.1305186910014663
vn -0.49999574877552466 0 0.8660278582161213
vn -0.8660274590973696 0 0.49999644007668087
vn -0.9914458488991034 0 0.1305186910014663
vn -0.13052477430727916 0 0.9914450480445367
vn -0.8660274590973696 0 0.49999644007668087
vn -0.49999574877552466 0 0.8660278582161213
vn 0.13052556604044047 0 0.9914449438117189
vn 0.991445881781707 0 0.130518441218448
vn 0.4999959533998586 0 0.8660277400775142
vn 0.8660272982519822 0 0.49999671867160533
vn 0.991445881781707 0 0.130518441218448
vn 0.13052556604044047 0 0.9914449438117189
vn 0.8660272982519822 0 0.49999671867160533
vn 0.4999959533998586 0 0.8660277400775142
vn -0.8299648146819802 -0.5274146783273306 0.18163745063941147
vn -0.9049172231870429 -0.42558761633704956 -2.0093198731242333e-16
vn -0.145312516456802 -0.979257574017876 0.14120508591979156
vn 0 -1 0
vn -2.220446049250313e-16 -9.904892017686961e-9 1
vn -0.17268592046240008 -0.29323375101146787 0.9403156598407783
vn -0.6855881004910324 -0.7190776247871264 0.11356199186172562
vn -0.7479344735436261 -0.44809726062939165 0.4896967105274999
vn -0.6235408086830035 -0.6645170939597547 0.4118420713601619
vn -0.10064583482782563 -0.89812220338026 0.42807350271559286
vn -0.10064583482782563 -0.89812220338026 0.42807350271559286
vn -0.3795544038753095 -0.9202851244926841 0.09494074012953205
vn -0.3795544038753095 -0.9202851244926841 0.09494074012953205
vn -0.34988612198246943 -0.8579182688980084 0.37623921318107306
vn -0.34988612198246943 -0.8579182688980084 0.37623921318107306
vn -0.34988612198246943 -0.8579182688980084 0.37623921318107306
vn -0.43400472779648974 -0.31321430478428813 0.8447110130268162
vn -0.10566482180186157 -0.5735246856842002 0.812344988502065
vn -0.3758123262018318 -0.5946137973163927 0.7107738933836469
vn -0.3758123262018318 -0.5946137973163927 0.7107738933836469
vn -2.220446049250313e-16 -9.904892017686961e-9 1
vn -0.2815605973234854 0.05829146453049647 0.9577712332272942
vn -0.7504179350601906 0.6370437127395867 0.17620508164909007
vn -0.6575869753107353 0.753378610808112 0.0001966685473069788
vn -0.9422764039599658 -0.28125774435063927 0.18168450617228132
vn -0.9049172231870429 -0.42558761633704956 -2.0093198731242333e-16
vn -0.4156880045427982 0.3146087798603139 0.8533608841012289
vn -0.4156880045427982 0.3146087798603139 0.8533608841012289
vn -0.5080596481995392 -0.12164964499461187 0.8526879603606734
vn -0.6459031184918991 0.13559818435513696 0.7512804362699924
vn -0.6459031184918991 0.13559818435513696 0.7512804362699924
vn -0.9047081692208432 0.4084414372726662 0.12115577107058872
vn -0.6453686106811185 0.5862496268390394 0.48970473897912176
vn -0.8208199660349772 0.3685386175765131 0.4363872943992887
vn -0.8247315811103653 -0.27688958997396784 0.4931023971582828
vn -0.992580738019221 -0.01026487563800255 0.1211532535318589
vn -0.992580738019221 -0.01026487563800255 0.1211532535318589
vn -0.8997309615153734 -0.0073375937851755816 0.43638326802028654
vn -0.8997309615153734 -0.0073375937851755816 0.43638326802028654
vn 3.449527574694854e-8 0 0.9999999999999996
vn 3.449527574694854e-8 0 0.9999999999999996
vn 3.1643520989795183e-8 0.2594817700272474 0.9657480059640432
vn 3.1643520989795183e-8 0.2594817700272474 0.9657480059640432
vn 5.94878051799044e-10 0.9660969667185619 0.25817949356444575
vn 5.94878051799044e-10 0.9660969667185619 0.25817949356444575
vn -1.1860155080256827e-9 0.9999999999999831 1.8450194261276608e-7
vn -1.1860155080256827e-9 0.9999999999999831 1.8450194261276608e-7
vn 2.459503040881631e-8 0.503257131104052 0.8641367137165962
vn 2.459503040881631e-8 0.503257131104052 0.8641367137165962
vn 2.459503040881631e-8 0.503257131104052 0.8641367137165962
vn 2.459503040881631e-8 0.503257131104052 0.8641367137165962
vn 8.001776777839839e-9 0.8673170067591365 0.4977561750359025
vn 8.001776777839839e-9 0.8673170067591365 0.4977561750359025
vn -6.847811584442794e-8 1.6264088964490462e-9 0.9999999999999978
vn -0.1510758634438682 0.20432095860294638 0.9671758006486012
vn -0.1510758634438682 0.20432095860294638 0.9671758006486012
vn -0.5758670236969089 0.7738187463678533 0.26378346951268095
vn -0.5758670236969089 0.7738187463678533 0.26378346951268095
vn -0.5964104712276336 0.8026796018187402 0.00008145023615616511
vn -0.2955614070741404 0.3982930237826283 0.8683352589031754
vn -0.2955614070741404 0.3982930237826283 0.8683352589031754
vn -0.2955614070741404 0.3982930237826283 0.8683352589031754
vn -0.2955614070741404 0.3982930237826283 0.8683352589031754
vn -0.5150271102933427 0.6925133527027716 0.5051458521964279
vn -0.5150271102933427 0.6925133527027716 0.5051458521964279
vn -1.039748556141967e-7 -1.4443950036024865e-8 0.9999999999999944
vn -0.13335984094982012 0.21968130856752263 0.9664136151192716
vn -0.13335984094982012 0.21968130856752263 0.9664136151192716
vn -0.5029924463274591 0.8240381399586149 0.26069089518252164
vn -0.5029924463274591 0.8240381399586149 0.26069089518252164
vn -0.5206356801716009 0.8537789459410394 2.498718815414847e-7
vn -0.2596325903841239 0.42638388760773804 0.8664800623205022
vn -0.2596325903841239 0.42638388760773804 0.8664800623205022
vn -0.2596325903841239 0.42638388760773804 0.8664800623205022
vn -0.2596325903841239 0.42638388760773804 0.8664800623205022
vn -0.45056386990134856 0.7385538090589008 0.5015281350673256
vn -0.45056386990134856 0.7385538090589008 0.5015281350673256
vn 8.29325370599318e-8 1.0997194266337789e-8 0.9999999999999964
vn -0.11635989200061937 0.23070459575071856 0.9660412853667807
vn -0.11635989200061937 0.23070459575071856 0.9660412853667807
vn -0.4386995920066802 0.8603930267691953 0.25935787526141435
vn -0.4386995920066802 0.8603930267691953 0.25935787526141435
vn -0.4535059189936361 0.8912532644749234 7.279910843549729e-7
vn -0.22750780402681134 0.4483437922579151 0.8644235322171009
vn -0.22750780402681134 0.4483437922579151 0.8644235322171009
vn -0.22750780402681134 0.4483437922579151 0.8644235322171009
vn -0.22750780402681134 0.4483437922579151 0.8644235322171009
vn -0.3933760967842773 0.772337527134404 0.4987484242167392
vn -0.3933760967842773 0.772337527134404 0.4987484242167392
vn 1.2025417772676406e-8 -8.628923353626305e-9 1
vn -0.09918141050741626 0.23983936430272426 0.9657329481490339
vn -0.09918141050741626 0.23983936430272426 0.9657329481490339
vn -0.3711134840377229 0.8919910310270998 0.25812164289844897
vn -0.3711134840377229 0.8919910310270998 0.25812164289844897
vn -0.38379824262442036 0.9234169745882898 7.85336682999218e-7
vn -0.19263660134107866 0.46425658969222006 0.8644980964415758
vn -0.19263660134107866 0.46425658969222006 0.8644980964415758
vn -0.19263660134107866 0.46425658969222006 0.8644980964415758
vn -0.19263660134107866 0.46425658969222006 0.8644980964415758
vn -0.3329178504993436 0.8006726652285562 0.4980853219827876
vn -0.3329178504993436 0.8006726652285562 0.4980853219827876
vn -9.097746578312599e-8 -8.770510540045925e-9 0.9999999999999958
vn -0.08430640900401883 0.24571614064654146 0.9656686841907094
vn -0.08430640900401883 0.24571614064654146 0.9656686841907094
vn -0.31543643819002654 0.9132355629653112 0.2578772188414884
vn -0.31543643819002654 0.9132355629653112 0.2578772188414884
vn -0.3261488635442037 0.9453184219132357 5.421325686503095e-7
vn -0.16386229097803365 0.47580383093146394 0.8641526856212235
vn -0.16386229097803365 0.47580383093146394 0.8641526856212235
vn -0.16386229097803365 0.47580383093146394 0.8641526856212235
vn -0.16386229097803365 0.47580383093146394 0.8641526856212235
vn -0.2830207722463872 0.8199304296753535 0.49760760943684224
vn -0.2830207722463872 0.8199304296753535 0.49760760943684224
vn -1.0493744917461298e-7 1.5968453226378098e-8 0.9999999999999944
vn -0.06850701615700645 0.2508157508228694 0.9656077091015915
vn -0.06850701615700645 0.2508157508228694 0.9656077091015915
vn -0.2561176438015154 0.9316710409903483 0.2576680498500368
vn -0.2561176438015154 0.9316710409903483 0.2576680498500368
vn -0.2648042458614009 0.9643021888250685 -9.78077998712034e-7
vn -0.13309426871334706 0.485527411137641 0.864030698916213
vn -0.13309426871334706 0.485527411137641 0.864030698916213
vn -0.13309426871334706 0.485527411137641 0.864030698916213
vn -0.13309426871334706 0.485527411137641 0.864030698916213
vn -0.22982064912973735 0.8365450927629725 0.49736784878777174
vn -0.22982064912973735 0.8365450927629725 0.49736784878777174
vn 3.051486507921196e-8 -1.5943456554978746e-9 0.9999999999999996
vn -0.05407336526561096 0.25433907723258037 0.9656022498737933
vn -0.05407336526561096 0.25433907723258037 0.9656022498737933
vn -0.201772059318082 0.9449442407159424 0.2576206863128647
vn -0.201772059318082 0.9449442407159424 0.2576206863128647
vn -0.20869538816224958 0.9779806925290642 -4.243594669621936e-7
vn -0.10481388625128361 0.4918199366132353 0.8643652001316667
vn -0.10481388625128361 0.4918199366132353 0.8643652001316667
vn -0.10481388625128361 0.4918199366132353 0.8643652001316667
vn -0.10481388625128361 0.4918199366132353 0.8643652001316667
vn -0.181047099673044 0.8482641011892709 0.4976645078097665
vn -0.181047099673044 0.8482641011892709 0.4976645078097665
vn -3.7702371225023486e-8 5.213096176959194e-9 0.9999999999999993
vn -0.03901784086751621 0.2569982088243453 0.9656239064745216
vn -0.03901784086751621 0.2569982088243453 0.9656239064745216
vn -0.14587505343696378 0.9551478743469108 0.2577072116091068
vn -0.14587505343696378 0.9551478743469108 0.2577072116091068
vn -0.15083331798052108 0.9885592092469662 -3.3491724500516423e-17
vn -0.07580706404404963 0.49766125797402966 0.864052406600854
vn -0.07580706404404963 0.49766125797402966 0.864052406600854
vn -0.07580706404404963 0.49766125797402966 0.864052406600854
vn -0.07580706404404963 0.49766125797402966 0.864052406600854
vn -0.13089792181178037 0.8575854138172843 0.4974062646099203
vn -0.13089792181178037 0.8575854138172843 0.4974062646099203
vn 2.295809564678563e-8 0 0.9999999999999998
vn -0.024735504202151638 0.25875213157304355 0.9656269928074049
vn -0.024735504202151638 0.25875213157304355 0.9656269928074049
vn -0.09221602937059536 0.961802776533155 0.2577433277123493
vn -0.09221602937059536 0.961802776533155 0.2577433277123493
vn -0.09540921231971115 0.9954381357997315 -2.957788684426274e-7
vn -0.04788441539543725 0.5001031114431974 0.8646409432169345
vn -0.04788441539543725 0.5001031114431974 0.8646409432169345
vn -0.04788441539543725 0.5001031114431974 0.8646409432169345
vn -0.04788441539543725 0.5001031114431974 0.8646409432169345
vn -0.08273743632561242 0.8632189417048111 0.49800358965803765
vn -0.08273743632561242 0.8632189417048111 0.49800358965803765
vn 6.653930717526165e-8 0 0.9999999999999978
vn -0.013372963824868939 0.25935506043288825 0.9656894513591787
vn -0.013372963824868939 0.25935506043288825 0.9656894513591787
vn -0.04976927144758365 0.9648780281466314 0.25794071105477956
vn -0.04976927144758365 0.9648780281466314 0.25794071105477956
vn -0.05152027002061852 0.9986719490287912 1.943757607772068e-7
vn -0.02585013264587979 0.5012741066876786 0.8649023300966764
vn -0.02585013264587979 0.5012741066876786 0.8649023300966764
vn -0.02585013264587979 0.5012741066876786 0.8649023300966764
vn -0.02585013264587979 0.5012741066876786 0.8649023300966764
vn -0.04465559821070444 0.8658082390322511 0.4983793442472474
vn -0.04465559821070444 0.8658082390322511 0.4983793442472474
vn 0.08792400238965058 -0.9860475880039347 0.1413489440901756
vn 0 -1 0
vn 0.5680027869905716 -0.8040373453917127 0.17577480247860078
vn 0.6427822781074809 -0.7660489168133472 -2.336776699127649e-7
vn -2.220446049250313e-16 1.7568765997566516e-8 1
vn -2.220446049250313e-16 1.7568765997566516e-8 1
vn 0.09319794701636701 -0.3123713359525759 0.9453773273921569
vn 0.09319794701636701 -0.3123713359525759 0.9453773273921569
vn 0.2371669169812573 -0.9678790178374772 0.08343896164002647
vn 0.053787153916911294 -0.9029704391619987 0.42632303253883164
vn 0.053787153916911294 -0.9029704391619987 0.42632303253883164
vn 0.19958200980364652 -0.912936982272726 0.3559678184351858
vn 0.19958200980364652 -0.912936982272726 0.3559678184351858
vn 0.5135187775726024 -0.7058035281877265 0.4879957424794783
vn 0.5135187775726024 -0.7058035281877265 0.4879957424794783
vn 0.5135187775726024 -0.7058035281877265 0.4879957424794783
vn 0.4416255537934421 -0.8925900816662327 0.09082849964468197
vn 0.4155248218577843 -0.820557320106066 0.39245994297559567
vn 0.4155248218577843 -0.820557320106066 0.39245994297559567
vn 0.049495515459190405 -0.5721032467253754 0.818686795444823
vn 0.2830354178469861 -0.4231675721456239 0.8607091019203645
vn 0.2830354178469861 -0.4231675721456239 0.8607091019203645
vn 0.2257760986076254 -0.6662429945540331 0.7107358338406711
vn -2.362894194570142e-9 -0.9660854169388305 0.25822270848654266
vn -2.362894194570142e-9 -0.9660854169388305 0.25822270848654266
vn -1.186139741982018e-9 -0.999999999999797 6.373058454299623e-7
vn -1.186139741982018e-9 -0.999999999999797 6.373058454299623e-7
vn 3.4495279299662216e-8 0 0.9999999999999996
vn 3.4495279299662216e-8 0 0.9999999999999996
vn 6.98103759431574e-8 -0.25945046548197387 0.9657564164742486
vn 6.98103759431574e-8 -0.25945046548197387 0.9657564164742486
vn -1.112173187728547e-16 -0.8655177371087078 0.5008782753825741
vn -1.112173187728547e-16 -0.8655177371087078 0.5008782753825741
vn -1.112173187728547e-16 -0.8655177371087078 0.5008782753825741
vn -1.112173187728547e-16 -0.8655177371087078 0.5008782753825741
vn 3.691501432475061e-8 -0.4978715408236864 0.8672507877412663
vn 3.691501432475061e-8 -0.4978715408236864 0.8672507877412663
vn 0.5696196336749112 -0.777220696084915 0.26732276840804253
vn 0.5696196336749112 -0.777220696084915 0.26732276840804253
vn 0.5918241732037282 -0.806067086545314 -2.7002596502009815e-7
vn -8.307274890206856e-8 -7.584430861129452e-9 0.9999999999999967
vn 0.14870353797943583 -0.20142111676419513 0.9681512234738243
vn 0.5076120675334339 -0.6921514896855224 0.5130850847769254
vn 0.5076120675334339 -0.6921514896855224 0.5130850847769254
vn 0.5076120675334339 -0.6921514896855224 0.5130850847769254
vn 0.5076120675334339 -0.6921514896855224 0.5130850847769254
vn 0.28762316062799376 -0.3912390871997125 0.8741881342808877
vn 0.5022882026971441 -0.8236868655873543 0.2631473140470032
vn 0.5022882026971441 -0.8236868655873543 0.2631473140470032
vn 0.5214802644405361 -0.853263343756796 1.1579187929389969e-16
vn -1.4720961893921308e-7 -1.8594690232020892e-8 0.9999999999999891
vn 0.13343959565419547 -0.21654055231516767 0.9671111950105256
vn 0.44879414810318574 -0.7352474901206911 0.507932023896466
vn 0.44879414810318574 -0.7352474901206911 0.507932023896466
vn 0.44879414810318574 -0.7352474901206911 0.507932023896466
vn 0.44879414810318574 -0.7352474901206911 0.507932023896466
vn 0.2561723837573719 -0.4182161010564372 0.8714763350873146
vn 0.4313715726570981 -0.8637881338815275 0.26036248974998394
vn 0.4313715726570981 -0.8637881338815275 0.26036248974998394
vn 0.4474847522319358 -0.8942915612482019 -4.2021422618351695e-7
vn 9.728726246827035e-8 3.073318488588924e-9 0.9999999999999953
vn 0.11582108164338174 -0.22958881315151097 0.9663717990104209
vn 0.38620649435105614 -0.7726133199062872 0.5038980071645978
vn 0.38620649435105614 -0.7726133199062872 0.5038980071645978
vn 0.38620649435105614 -0.7726133199062872 0.5038980071645978
vn 0.38620649435105614 -0.7726133199062872 0.5038980071645978
vn 0.22179470091643036 -0.4422019249658713 0.8690595884068417
vn 0.36560736565628144 -0.894071482177912 0.258780677281102
vn 0.36560736565628144 -0.894071482177912 0.258780677281102
vn 0.3790894785714033 -0.925360020336071 -2.9643127516620743e-7
vn 3.412525706458778e-8 -1.079709655016358e-8 0.9999999999999993
vn 0.09876766736493332 -0.2391781163893818 0.9659393234172203
vn 0.3277093770212948 -0.8006493454325009 0.5015647414550019
vn 0.3277093770212948 -0.8006493454325009 0.5015647414550019
vn 0.3277093770212948 -0.8006493454325009 0.5015647414550019
vn 0.3277093770212948 -0.8006493454325009 0.5015647414550019
vn 0.188875900246741 -0.45993864259947453 0.8676303010785963
vn 0.30960232901893614 -0.9151627993387919 0.25811518469946004
vn 0.30960232901893614 -0.9151627993387919 0.25811518469946004
vn 0.32079144704348606 -0.9471498548295593 3.012418631452338e-7
vn -7.815595659543793e-8 -7.278253999487538e-9 0.9999999999999969
vn 0.08367529420231572 -0.24564097553922562 0.9657426967242846
vn 0.2776684428806775 -0.820213069344946 0.500150733983229
vn 0.2776684428806775 -0.820213069344946 0.500150733983229
vn 0.2776684428806775 -0.820213069344946 0.500150733983229
vn 0.2776684428806775 -0.820213069344946 0.500150733983229
vn 0.16035229342908716 -0.4725638440567926 0.8665855729714746
vn 0.2545430792379967 -0.932045100980758 0.2578754555009214
vn 0.2545430792379967 -0.932045100980758 0.2578754555009214
vn 0.263814980007197 -0.9645733027218363 3.020440934346733e-7
vn -9.245461307649764e-8 2.0146098123063804e-8 0.9999999999999956
vn 0.06896515238541298 -0.2503914579966507 0.9656852103655561
vn 0.22829912987624826 -0.8352686954430677 0.5002056714098546
vn 0.22829912987624826 -0.8352686954430677 0.5002056714098546
vn 0.22829912987624826 -0.8352686954430677 0.5002056714098546
vn 0.22829912987624826 -0.8352686954430677 0.5002056714098546
vn 0.13183410646898508 -0.48095787232488924 0.8667752265842857
vn 0.20049183411682633 -0.9451882893526837 0.2577248962033322
vn 0.20049183411682633 -0.9451882893526837 0.2577248962033322
vn 0.20767722050686419 -0.9781974095664654 4.611360637937527e-17
vn 2.6334429525931562e-8 -1.423018036739165e-9 0.9999999999999998
vn 0.054225867594209186 -0.25416878217486477 0.965638537679292
vn 0.1798587679606061 -0.8474243597273922 0.499522550169972
vn 0.1798587679606061 -0.8474243597273922 0.499522550169972
vn 0.1798587679606061 -0.8474243597273922 0.499522550169972
vn 0.1798587679606061 -0.8474243597273922 0.499522550169972
vn 0.10395171165943726 -0.4888161862938413 0.8661713327397864
vn 0.14558565013866887 -0.9551711879099903 0.2577844453420707
vn 0.14558565013866887 -0.9551711879099903 0.2577844453420707
vn 0.1508637235918504 -0.9885545695124773 -5.01382642022889e-8
vn -4.010716403435308e-8 5.341485920240526e-9 0.9999999999999993
vn 0.03944128756192784 -0.2568249760791563 0.9656527929320136
vn 0.13058082524434486 -0.8560966695295013 0.5000471382769845
vn 0.13058082524434486 -0.8560966695295013 0.5000471382769845
vn 0.13058082524434486 -0.8560966695295013 0.5000471382769845
vn 0.13058082524434486 -0.8560966695295013 0.5000471382769845
vn 0.07541373837468175 -0.49315662343327643 0.8666656291951611
vn 0.0915211483483878 -0.9618673603712935 0.2577499960375414
vn 0.0915211483483878 -0.9618673603712935 0.2577499960375414
vn 0.09478189067343427 -0.995498062880783 9.889349729571375e-7
vn 1.969271834489916e-8 0 0.9999999999999998
vn 0.024729384125545747 -0.25868389027342165 0.9656454331035692
vn 0.08209945986343808 -0.862426219249528 0.49948042508300244
vn 0.08209945986343808 -0.862426219249528 0.49948042508300244
vn 0.08209945986343808 -0.862426219249528 0.49948042508300244
vn 0.08209945986343808 -0.862426219249528 0.49948042508300244
vn 0.04744519038877508 -0.49759202580655926 0.8661126541984576
vn 0.048533514738914374 -0.9649319622805522 0.2579744291911316
vn 0.05022313303489126 -0.9987380221595591 9.855792489403826e-7
vn 6.667600849219454e-8 0 0.9999999999999978
vn 0.013049162948756831 -0.2593341885586137 0.965699486378129
vn 0.0435184679977787 -0.865133032396432 0.49965085729905484
vn 0.0435184679977787 -0.865133032396432 0.49965085729905484
vn 0.025112620195264616 -0.49913683226122757 0.8661592111079555
vn -0.9914579933506348 -0.13042640614972326 8.159664679112946e-9
vn -0.9914579933506348 -0.13042640614972326 8.159664679112946e-9
vn -0.13043652842219325 -0.991456661712032 -3.326269890849977e-9
vn -0.13043652842219325 -0.991456661712032 -3.326269890849977e-9
vn -0.8660725548800489 -0.4999183230124138 1.9867043373651722e-8
vn -0.8660725548800489 -0.4999183230124138 1.9867043373651722e-8
vn -0.8660725548800489 -0.4999183230124138 1.9867043373651722e-8
vn -0.8660725548800489 -0.4999183230124138 1.9867043373651722e-8
vn -0.49992979042314584 -0.8660659355080704 1.4633131193504635e-8
vn -0.49992979042314584 -0.8660659355080704 1.4633131193504635e-8
vn -0.1304259736594723 0.9914580502446783 1.0117635692488712e-10
vn -0.1304259736594723 0.9914580502446783 1.0117635692488712e-10
vn -0.9914578053250618 0.13042783544938436 1.2876997724510532e-8
vn -0.9914578053250618 0.13042783544938436 1.2876997724510532e-8
vn -0.4999239380530235 0.8660693137166074 -3.2529454215862454e-8
vn -0.4999239380530235 0.8660693137166074 -3.2529454215862454e-8
vn -0.4999239380530235 0.8660693137166074 -3.2529454215862454e-8
vn -0.4999239380530235 0.8660693137166074 -3.2529454215862454e-8
vn -0.8660737322260962 0.4999162833394809 -1.316225553051764e-8
vn -0.8660737322260962 0.4999162833394809 -1.316225553051764e-8
vn -0.9914451782577255 1.1748823182483274e-8 0.13052378522517274
vn -0.1305262914709786 6.459469659827208e-9 0.991444848307173
vn -0.866026843520998 6.4701579267375504e-9 0.4999975062948385
vn -0.5000005123001001 -2.8086205337604163e-9 0.8660251080076359
vn -0.1305262914709786 6.459469659827208e-9 0.991444848307173
vn -0.9914451782577255 1.1748823182483274e-8 0.13052378522517274
vn -0.5000005123001001 -2.8086205337604163e-9 0.8660251080076359
vn -0.866026843520998 6.4701579267375504e-9 0.4999975062948385
vn 0.991445202412966 -1.2561942966627885e-8 0.1305236017443315
vn 0.13052621823454208 6.570107878189602e-9 0.9914448579489374
vn 0.8660267213894837 -1.371833437036431e-8 0.49999771783417324
vn 0.5000000514340684 2.069506532297702e-9 0.8660253740889634
vn 0.13052621823454208 6.570107878189602e-9 0.9914448579489374
vn 0.991445202412966 -1.2561942966627885e-8 0.1305236017443315
vn 0.5000000514340684 2.069506532297702e-9 0.8660253740889634
vn 0.8660267213894837 -1.371833437036431e-8 0.49999771783417324
vn -0.031199004045578904 0.9656151392140815 0.2580969295964871
vn -0.031199004045578904 0.9656151392140815 0.2580969295964871
vn -0.032313997582944835 0.9994777664161398 1.1780079759958806e-7
vn -2.0451899951368088e-8 0 0.9999999999999998
vn -0.008400797402510627 0.259425358253708 0.9657266228586313
vn -0.008400797402510627 0.259425358253708 0.9657266228586313
vn -0.028007160242467116 0.8666794701248894 0.4980786032738144
vn -0.028007160242467116 0.8666794701248894 0.4980786032738144
vn -0.016245610318487955 0.5023531699312312 0.8645099032431168
vn -0.016245610318487955 0.5023531699312312 0.8645099032431168
vn -0.016245610318487955 0.5023531699312312 0.8645099032431168
vn -0.016245610318487955 0.5023531699312312 0.8645099032431168
vn -0.6112471787079485 0.7458085378892717 0.2648518667728056
vn -0.6112471787079485 0.7458085378892717 0.2648518667728056
vn -0.6351679228534944 0.7723740527975752 0.00017984166840610466
vn -6.7584291496558535e-9 1.2815685401790233e-8 1
vn -6.7584291496558535e-9 1.2815685401790233e-8 1
vn -6.7584291496558535e-9 1.2815685401790233e-8 1
vn -0.16498474098977173 0.19776409051998337 0.9662656983156039
vn -0.16498474098977173 0.19776409051998337 0.9662656983156039
vn -0.5483063221396429 0.6676447101709599 0.5035977741039301
vn -0.5483063221396429 0.6676447101709599 0.5035977741039301
vn -0.3186870005721106 0.38555918189374866 0.8658999439448964
vn -0.3186870005721106 0.38555918189374866 0.8658999439448964
vn -0.3186870005721106 0.38555918189374866 0.8658999439448964
vn -0.3186870005721106 0.38555918189374866 0.8658999439448964
vn -0.5379270612016832 0.8012342007349209 0.2620271596602022
vn -0.5379270612016832 0.8012342007349209 0.2620271596602022
vn -0.5566432827511497 0.8307516209842888 -1.2359963780265153e-16
vn -5.6201965970004054e-8 -2.3071045518463467e-8 0.9999999999999982
vn -0.14159482966579662 0.21303408222608713 0.9667302540119465
vn -0.14159482966579662 0.21303408222608713 0.9667302540119465
vn -0.48166282429447654 0.7181588182363947 0.5022438008397644
vn -0.48166282429447654 0.7181588182363947 0.5022438008397644
vn -0.27747139354616396 0.41513823014084583 0.86641207034475
vn -0.27747139354616396 0.41513823014084583 0.86641207034475
vn -0.27747139354616396 0.41513823014084583 0.86641207034475
vn -0.27747139354616396 0.41513823014084583 0.86641207034475
vn -0.4769806258810538 0.8395003139528395 0.26024739270010366
vn -0.4769806258810538 0.8395003139528395 0.26024739270010366
vn -0.4935610056370197 0.8697111783310628 7.538581234394046e-7
vn -1.5361649752243342e-7 -8.223006164875715e-10 0.9999999999999882
vn -0.12654795222249846 0.22420043925532424 0.9662917669244689
vn -0.12654795222249846 0.22420043925532424 0.9662917669244689
vn -0.4274169502598863 0.752764589390994 0.500659788268986
vn -0.4274169502598863 0.752764589390994 0.500659788268986
vn -0.24659439350577317 0.43528055137153254 0.8658649124945614
vn -0.24659439350577317 0.43528055137153254 0.8658649124945614
vn -0.24659439350577317 0.43528055137153254 0.8658649124945614
vn -0.24659439350577317 0.43528055137153254 0.8658649124945614
vn -0.3988673007803746 0.8798596675599937 0.25836377797476884
vn -0.3988673007803746 0.8798596675599937 0.25836377797476884
vn -0.4124199347664965 0.9109938514647172 8.243554042613103e-7
vn 5.0624720193681517e-8 -1.4605864073757837e-8 0.9999999999999987
vn -0.10638388353197398 0.23648089242008535 0.9657946245682131
vn -0.10638388353197398 0.23648089242008535 0.9657946245682131
vn -0.3577816529881006 0.7898326612230652 0.49815324554838863
vn -0.3577816529881006 0.7898326612230652 0.49815324554838863
vn -0.20701073783492782 0.45819292644942083 0.8644106643099417
vn -0.20701073783492782 0.45819292644942083 0.8644106643099417
vn -0.20701073783492782 0.45819292644942083 0.8644106643099417
vn -0.20701073783492782 0.45819292644942083 0.8644106643099417
vn -0.34450176920556297 0.90262706561028 0.25803664747863314
vn -0.34450176920556297 0.90262706561028 0.25803664747863314
vn -0.35621410216994936 0.9344043629046314 2.164067727101369e-7
vn -1.8474565210979677e-9 -1.7911769845113668e-8 1
vn -0.09202958317623162 0.2427766237139139 0.9657070294859004
vn -0.09202958317623162 0.2427766237139139 0.9657070294859004
vn -0.30907725763485755 0.8103595834581954 0.49778368224598957
vn -0.30907725763485755 0.8103595834581954 0.49778368224598957
vn -0.1789147953031532 0.47018370767229223 0.8642434709392761
vn -0.1789147953031532 0.47018370767229223 0.8642434709392761
vn -0.1789147953031532 0.47018370767229223 0.8642434709392761
vn -0.1789147953031532 0.47018370767229223 0.8642434709392761
vn -0.2856116836574636 0.9230331006888874 0.25775154934744243
vn -0.2856116836574636 0.9230331006888874 0.25775154934744243
vn -0.2952804621456555 0.9554106178366323 2.6961220605938373e-7
vn -9.135623479927763e-8 -4.352235016824561e-9 0.9999999999999958
vn -0.0763420667262997 0.24844170492960285 0.9656337857074127
vn -0.0763420667262997 0.24844170492960285 0.9656337857074127
vn -0.2562802139180513 0.8288090835546551 0.4973891383729752
vn -0.2562802139180513 0.8288090835546551 0.4973891383729752
vn -0.14841631061988095 0.4811172189633116 0.8640016321506527
vn -0.14841631061988095 0.4811172189633116 0.8640016321506527
vn -0.14841631061988095 0.4811172189633116 0.8640016321506527
vn -0.14841631061988095 0.4811172189633116 0.8640016321506527
vn -0.2267269565041754 0.9392742774041297 0.25760186140884883
vn -0.2267269565041754 0.9392742774041297 0.25760186140884883
vn -0.23439125854587167 0.9721423444722143 -0.0000011614985238072752
vn 2.1722333931606376e-8 2.2986910153122143e-8 0.9999999999999996
vn -0.060630820357619346 0.2529037878888016 0.9655897564153516
vn -0.060630820357619346 0.2529037878888016 0.9655897564153516
vn -0.2034573111827834 0.8434442276076368 0.49719911247067683
vn -0.2034573111827834 0.8434442276076368 0.49719911247067683
vn -0.1178476470133065 0.489686411924274 0.8638976502284038
vn -0.1178476470133065 0.489686411924274 0.8638976502284038
vn -0.1178476470133065 0.489686411924274 0.8638976502284038
vn -0.1178476470133065 0.489686411924274 0.8638976502284038
vn -0.17644574654697373 0.949969558293429 0.25772996884582206
vn -0.17644574654697373 0.949969558293429 0.25772996884582206
vn -0.18243528320645233 0.983217863670805 -4.0508770383962907e-17
vn -8.407056606429819e-9 1.7396381002399153e-9 1
vn -0.04718181313554146 0.255600740838961 0.9656304354108859
vn -0.04718181313554146 0.255600740838961 0.9656304354108859
vn -0.15833463406573267 0.8529838457256232 0.4973416356855686
vn -0.15833463406573267 0.8529838457256232 0.4973416356855686
vn -0.09171136492436889 0.4951141385268597 0.8639739668384199
vn -0.09171136492436889 0.4951141385268597 0.8639739668384199
vn -0.09171136492436889 0.4951141385268597 0.8639739668384199
vn -0.09171136492436889 0.4951141385268597 0.8639739668384199
vn -0.11524033093698689 0.9593253354833808 0.25771023810712773
vn -0.11524033093698689 0.9593253354833808 0.25771023810712773
vn -0.1191393435889576 0.9928775437127707 -2.9581192986512616e-7
vn 1.0403664374436516e-8 3.569091910904376e-9 1
vn -0.030802367442384154 0.25813535012800515 0.9656176029745089
vn -0.030802367442384154 0.25813535012800515 0.9656176029745089
vn -0.10340789882825106 0.8613926295366288 0.49730226647371956
vn -0.10340789882825106 0.8613926295366288 0.49730226647371956
vn -0.05988847164364429 0.5000114501507307 0.8639455542349599
vn -0.05988847164364429 0.5000114501507307 0.8639455542349599
vn -0.05988847164364429 0.5000114501507307 0.8639455542349599
vn -0.05988847164364429 0.5000114501507307 0.8639455542349599
vn -0.07048394276749297 0.9636094818595906 0.25785418414724287
vn -0.07048394276749297 0.9636094818595906 0.25785418414724287
vn -0.07291783802902466 0.9973379511966366 2.6108013395093007e-7
vn 2.035095270080944e-8 0 0.9999999999999998
vn -0.01888824272429648 0.2590978766550135 0.9656663629844685
vn -0.01888824272429648 0.2590978766550135 0.9656663629844685
vn -0.06325539506254438 0.8650897735201382 0.4976127397347837
vn -0.06325539506254438 0.8650897735201382 0.4976127397347837
vn -0.036652880385125146 0.5018525546165663 0.864176243473691
vn -0.036652880385125146 0.5018525546165663 0.864176243473691
vn -0.036652880385125146 0.5018525546165663 0.864176243473691
vn -0.036652880385125146 0.5018525546165663 0.864176243473691
vn -1.982594199922971e-8 0 0.9999999999999998
vn 0.008208103460241456 -0.25942712966247344 0.9657278040072556
vn 0.030576960822107677 -0.9656351124003375 0.25809664694929846
vn 0.030576960822107677 -0.9656351124003375 0.25809664694929846
vn 0.03163652677191072 -0.999499439806198 9.521837111322526e-7
vn 0.01582260332923366 -0.4998064032958958 0.865992612236563
vn 0.02741688476528974 -0.8658509808231067 0.49955019110939264
vn 0.02741688476528974 -0.8658509808231067 0.49955019110939264
vn 0.02741688476528974 -0.8658509808231067 0.49955019110939264
vn 0.02741688476528974 -0.8658509808231067 0.49955019110939264
vn -8.759266423297156e-9 3.44809372165855e-8 0.9999999999999993
vn -8.759266423297156e-9 3.44809372165855e-8 0.9999999999999993
vn 0.16048190398162612 -0.19931133228298553 0.9667060314894148
vn 0.16048190398162612 -0.19931133228298553 0.9667060314894148
vn 0.6016960026161237 -0.7489304991860662 0.27760588578898543
vn 0.6016960026161237 -0.7489304991860662 0.27760588578898543
vn 0.627400268279108 -0.7786969265145612 -2.8109087355155877e-7
vn 0.30406910010427923 -0.378643331787273 0.8741688679281635
vn 0.30406910010427923 -0.378643331787273 0.8741688679281635
vn 0.5348537324649983 -0.6660690605248268 0.5198879605067179
vn 0.5348537324649983 -0.6660690605248268 0.5198879605067179
vn 0.5348537324649983 -0.6660690605248268 0.5198879605067179
vn 0.5348537324649983 -0.6660690605248268 0.5198879605067179
vn -3.386304947561312e-8 -1.8051620642722797e-8 0.9999999999999993
vn 0.14159847124970742 -0.20918195448492738 0.9675705570435738
vn 0.5387537779707889 -0.7996785490419686 0.26506336020720356
vn 0.5387537779707889 -0.7996785490419686 0.26506336020720356
vn 0.5591438301518113 -0.8290706708135027 -1.057572922509425e-7
vn 0.2740573924555766 -0.4059540845450879 0.8718336004545879
vn 0.48096177014677216 -0.7135729198546539 0.5094010833394322
vn 0.48096177014677216 -0.7135729198546539 0.5094010833394322
vn 0.48096177014677216 -0.7135729198546539 0.5094010833394322
vn 0.48096177014677216 -0.7135729198546539 0.5094010833394322
vn -1.1391380660974376e-7 8.030499820677e-9 0.9999999999999936
vn 0.1241602589380849 -0.22401499709328324 0.9666444595494892
vn 0.4658118290273337 -0.845371037447809 0.2614711245675609
vn 0.4658118290273337 -0.845371037447809 0.2614711245675609
vn 0.4830061436528198 -0.8756169626004374 -1.2580418255226972e-7
vn 0.23916116627542885 -0.43292690096271697 0.8691238317803708
vn 0.41683595877615265 -0.756051233373489 0.5046130358855105
vn 0.41683595877615265 -0.756051233373489 0.5046130358855105
vn 0.41683595877615265 -0.756051233373489 0.5046130358855105
vn 0.41683595877615265 -0.756051233373489 0.5046130358855105
vn 2.3883568678328964e-8 -1.1519574627527615e-8 0.9999999999999998
vn 0.10688418253366694 -0.2350291036458509 0.966093728353278
vn 0.3977828568127541 -0.8800439056370527 0.25940609664571573
vn 0.3977828568127541 -0.8800439056370527 0.25940609664571573
vn 0.41223863752597345 -0.9110759055812212 -2.94315228065859e-7
vn 0.2053670436740105 -0.45312994731707135 0.8674662115708169
vn 0.3564581010981581 -0.7881386888431073 0.5017718897169936
vn 0.3564581010981581 -0.7881386888431073 0.5017718897169936
vn 0.3564581010981581 -0.7881386888431073 0.5017718897169936
vn 0.3564581010981581 -0.7881386888431073 0.5017718897169936
vn -3.022660544083065e-8 -1.7565170651323556e-8 0.9999999999999993
vn 0.09034097078867415 -0.24314359493760426 0.9657741460806342
vn 0.3347499699613664 -0.9062336767238315 0.2582304799640627
vn 0.3347499699613664 -0.9062336767238315 0.2582304799640627
vn 0.3467883769577161 -0.9379434000018048 -2.963785734936233e-7
vn 0.1733866920824154 -0.4681770970432948 0.8664567276054995
vn 0.30021652535834287 -0.8122652161280182 0.5000952474981816
vn 0.30021652535834287 -0.8122652161280182 0.5000952474981816
vn 0.30021652535834287 -0.8122652161280182 0.5000952474981816
vn 0.30021652535834287 -0.8122652161280182 0.5000952474981816
vn -1.0518141402293621e-7 -5.1467190509412996e-9 0.9999999999999944
vn 0.07684896016858604 -0.24796336487770484 0.9657165251767899
vn 0.2846033298202054 -0.9232699575160299 0.25801846872578665
vn 0.2846033298202054 -0.9232699575160299 0.25801846872578665
vn 0.2947978576014119 -0.9555596387213379 6.03230924042808e-7
vn 0.1474832925002323 -0.47730310963641465 0.866273871223587
vn 0.25527409687049285 -0.8276720586662007 0.4997940563574235
vn 0.25527409687049285 -0.8276720586662007 0.4997940563574235
vn 0.25527409687049285 -0.8276720586662007 0.4997940563574235
vn 0.25527409687049285 -0.8276720586662007 0.4997940563574235
vn 2.726665626617829e-8 1.9672112827606715e-8 0.9999999999999996
vn 0.06072742516662878 -0.2527446602062369 0.9656253500037504
vn 0.2245601384672046 -0.939771698868854 0.2576856577629761
vn 0.2245601384672046 -0.939771698868854 0.2576856577629761
vn 0.23259040927207775 -0.9725747793946988 5.164544553616984e-17
vn 0.11647866076225437 -0.48626694730157216 0.8660122271359924
vn 0.20146681510165654 -0.8426559003510383 0.49934172268735555
vn 0.20146681510165654 -0.8426559003510383 0.49934172268735555
vn 0.20146681510165654 -0.8426559003510383 0.49934172268735555
vn 0.20146681510165654 -0.8426559003510383 0.49934172268735555
vn -8.408946650106941e-9 1.9083481461734664e-9 1
vn 0.0476052267539611 -0.2554422367428441 0.9656515966297144
vn 0.17618876525711194 -0.9500059782439592 0.2577715273219917
vn 0.17618876525711194 -0.9500059782439592 0.2577715273219917
vn 0.1824738899468311 -0.9832106994371408 4.0517342802377757e-17
vn 0.09134431863917311 -0.4914580548880934 0.8660976825612438
vn 0.15805262281135476 -0.8517876242610893 0.49947693798422854
vn 0.15805262281135476 -0.8517876242610893 0.49947693798422854
vn 0.15805262281135476 -0.8517876242610893 0.49947693798422854
vn 0.15805262281135476 -0.8517876242610893 0.49947693798422854
vn 1.5879286996423048e-8 3.3401614807360147e-9 1
vn 0.031107486872448492 -0.2580544328927335 0.9656294495948694
vn 0.11503943192976335 -0.9593523259061095 0.2576995224671852
vn 0.11503943192976335 -0.9593523259061095 0.2576995224671852
vn 0.11914897469923595 -0.9928763879899678 3.402600444531838e-7
vn 0.059666982543216326 -0.49641673606195236 0.8660313362412387
vn 0.10320806314135332 -0.8602202948114397 0.4993687416099752
vn 0.10320806314135332 -0.8602202948114397 0.4993687416099752
vn 0.10320806314135332 -0.8602202948114397 0.4993687416099752
vn 0.10320806314135332 -0.8602202948114397 0.4993687416099752
vn 2.1856576770673538e-8 0 0.9999999999999998
vn 0.01869653275125672 -0.2591124070987641 0.9656661949921233
vn 0.06933206308906124 -0.9636949881657831 0.25784692127688
vn 0.06933206308906124 -0.9636949881657831 0.25784692127688
vn 0.07178004372806036 -0.9974204857137868 9.334371470624711e-7
vn 0.03592633892317169 -0.49868796161236334 0.8660367285020211
vn 0.06218737657493451 -0.8641028373083203 0.4994587237704813
vn 0.06218737657493451 -0.8641028373083203 0.4994587237704813
vn 0.06218737657493451 -0.8641028373083203 0.4994587237704813
vn 0.06218737657493451 -0.8641028373083203 0.4994587237704813
vn -0.9914560714974425 0.0000065642833953300676 0.13044101443858855
vn -0.13043726927656207 0.000008245411630143252 0.991456564210297
vn -0.8660576709537317 -0.0000096121027302364 0.49994410736581874
vn -0.49993786468610646 -0.000007886648785509622 0.866061274616812
vn -0.12964073638297932 -0.9830499971408717 0.12963789026133948
vn -0.12964628853801208 -0.1296395085095552 0.9830490515237372
vn -0.9830495727833629 -0.12963478283930224 0.1296470613961416
vn -0.12157321198883328 -0.8623002464597902 0.49158746839408274
vn -0.491578832290473 -0.8623047283306845 0.12157634285698557
vn -0.44734729607479456 -0.7744403185609111 0.44735063393477426
vn -0.4915843594505139 -0.12158008636428914 0.8623010496011703
vn -0.12157509365777215 -0.49158706815617875 0.8623002093376276
vn -0.12157509365777215 -0.49158706815617875 0.8623002093376276
vn -0.44735532762047014 -0.44735359908578065 0.7744339663487007
vn -0.44735532762047014 -0.44735359908578065 0.7744339663487007
vn -0.8623026360981493 -0.4915811832132543 0.12158167661633686
vn -0.8623026360981493 -0.4915811832132543 0.12158167661633686
vn -0.8623027049935583 -0.1215718878642522 0.4915834832883565
vn -0.7744392045007378 -0.44735010813783394 0.4473497505099703
vn -0.7744392045007378 -0.44735010813783394 0.4473497505099703
vn -5.531162146019864e-9 -0.9914574283547836 0.13043070098761037
vn -5.531162146019864e-9 -0.9914574283547836 0.13043070098761037
vn -5.531162146019864e-9 -0.9914574283547836 0.13043070098761037
vn -4.424681518593441e-8 -0.13043046662505917 0.991457459186206
vn -4.424681518593441e-8 -0.13043046662505917 0.991457459186206
vn -2.119604366968834e-8 -0.8660739337474693 0.4999159342161275
vn -2.119604366968834e-8 -0.8660739337474693 0.4999159342161275
vn -3.6645885991406056e-8 -0.49991827485148055 0.8660725826797186
vn -3.6645885991406056e-8 -0.49991827485148055 0.8660725826797186
vn -3.6645885991406056e-8 -0.49991827485148055 0.8660725826797186
vn -3.6645885991406056e-8 -0.49991827485148055 0.8660725826797186
vn -5.7151376762080425e-9 -0.9914557252438233 0.13044364638128098
vn -5.7151376762080425e-9 -0.9914557252438233 0.13044364638128098
vn -5.7151376762080425e-9 -0.9914557252438233 0.13044364638128098
vn -4.1556686609567094e-8 -0.13043404372545617 0.9914569885967943
vn -4.1556686609567094e-8 -0.13043404372545617 0.9914569885967943
vn -2.272295352215111e-8 -0.8660686317207568 0.4999251195422528
vn -2.272295352215111e-8 -0.8660686317207568 0.4999251195422528
vn -3.752419752956049e-8 -0.4999234771610346 0.8660695797585892
vn -3.752419752956049e-8 -0.4999234771610346 0.8660695797585892
vn -3.752419752956049e-8 -0.4999234771610346 0.8660695797585892
vn -3.752419752956049e-8 -0.4999234771610346 0.8660695797585892
vn -0.12959636356164136 -0.12963960673011876 0.9830556214774722
vn -0.9830581702570845 -0.12963004535126008 0.1295865935697949
vn -0.12964769220197353 -0.9830481860804515 0.12964466726647925
vn -0.4915437962360061 -0.12156952088360526 0.8623256623654583
vn -0.1215748227449229 -0.4915905143405836 0.8622982828957165
vn -0.1215748227449229 -0.4915905143405836 0.8622982828957165
vn -0.44734657454371046 -0.4473541741360285 0.7744386903603668
vn -0.44734657454371046 -0.4473541741360285 0.7744386903603668
vn -0.8623022557475364 -0.49158439726449105 0.12157137861691546
vn -0.8623022557475364 -0.49158439726449105 0.12157137861691546
vn -0.8623258249362437 -0.12156360188083493 0.49154497489628
vn -0.7744341482695717 -0.447359029532028 0.44734958219511595
vn -0.7744341482695717 -0.447359029532028 0.44734958219511595
vn -0.1215780753028751 -0.8623000405447139 0.4915866268342064
vn -0.4915791619558369 -0.8623052010683714 0.12157165681700993
vn -0.4473378005414239 -0.7744512539685127 0.4473411980059064
vn -4.266056087196254e-8 0.13043404372545617 0.9914569885967943
vn -4.266056087196254e-8 0.13043404372545617 0.9914569885967943
vn -5.4659632750779405e-9 0.9914594098647855 0.13041563782986726
vn -5.4659632750779405e-9 0.9914594098647855 0.13041563782986726
vn -3.6944889412957624e-8 0.4999127423017451 0.8660757761791674
vn -3.6944889412957624e-8 0.4999127423017451 0.8660757761791674
vn -2.0755173037844885e-8 0.8660765613838821 0.4999113819683146
vn -2.0755173037844885e-8 0.8660765613838821 0.4999113819683146
vn -2.0755173037844885e-8 0.8660765613838821 0.4999113819683146
vn -2.0755173037844885e-8 0.8660765613838821 0.4999113819683146
vn -0.12959665641097312 0.12964141949605928 0.9830553438124137
vn -0.129639772901104 0.983051227857827 0.12962952090233384
vn -0.9830583356914577 0.1296282335051287 0.12958715100611207
vn -0.1215747264103585 0.49158404935148386 0.8623019820929584
vn -0.49154286741858344 0.12157244036765738 0.8623257802205435
vn -0.4473457975402602 0.44734925460922953 0.774441980927968
vn -0.4473457975402602 0.44734925460922953 0.774441980927968
vn -0.49157694590038437 0.8623063744203578 0.12157229492474102
vn -0.49157694590038437 0.8623063744203578 0.12157229492474102
vn -0.12157579648516738 0.862303213868656 0.49158162400641503
vn -0.12157579648516738 0.862303213868656 0.49158162400641503
vn -0.4473404003087266 0.7744451863539811 0.4473491025863088
vn -0.4473404003087266 0.7744451863539811 0.4473491025863088
vn -0.4473404003087266 0.7744451863539811 0.4473491025863088
vn -0.8623253963717393 0.1215618140479325 0.4915461688770432
vn -0.8623058960499176 0.49157750709369646 0.12157341879331691
vn -0.7744362906168215 0.4473491583589579 0.4473557446721679
vn -0.9914560850086059 -0.1304409119080649 1.7174324597956744e-8
vn -0.9914560850086059 -0.1304409119080649 1.7174324597956744e-8
vn -0.13042946981605463 -0.9914575903201821 2.6283828847601492e-8
vn -0.13042946981605463 -0.9914575903201821 2.6283828847601492e-8
vn -0.8660659742187955 -0.49992972336164254 1.7905284075059055e-8
vn -0.8660659742187955 -0.49992972336164254 1.7905284075059055e-8
vn -0.8660659742187955 -0.49992972336164254 1.7905284075059055e-8
vn -0.8660659742187955 -0.49992972336164254 1.7905284075059055e-8
vn -0.49992925556501716 -0.8660662442505233 2.7256265335057697e-8
vn -0.49992925556501716 -0.8660662442505233 2.7256265335057697e-8
vn 0.1482469589572207 -0.9889503724454113 1.35959013066424e-7
vn 0.1482469589572207 -0.9889503724454113 1.35959013066424e-7
vn 0 -1 0
vn 0 -1 0
vn 0.6427821494528176 -0.7660490247659186 -2.0526446105988304e-8
vn 0.6427821494528176 -0.7660490247659186 -2.0526446105988304e-8
vn 0.5221179498795854 -0.8528732886036104 -3.572212582331824e-8
vn 0.5221179498795854 -0.8528732886036104 -3.572212582331824e-8
vn 0.2463672358841121 -0.9691765500066628 7.181612607782369e-8
vn 0.2463672358841121 -0.9691765500066628 7.181612607782369e-8
vn 0.43424141431037033 -0.9007965331292795 -1.448799649180913e-8
vn 0.43424141431037033 -0.9007965331292795 -1.448799649180913e-8
vn -0.9049175411490851 -0.4255869402609693 -2.0093205791417936e-16
vn -0.9049175411490851 -0.4255869402609693 -2.0093205791417936e-16
vn -0.7938082065322295 -0.6081679942330158 -0.0004712034333572718
vn -0.7938082065322295 -0.6081679942330158 -0.0004712034333572718
vn 0 -1 0
vn 0 -1 0
vn -0.22027969235706354 -0.9754367415546209 -0.00014268980804654094
vn -0.22027969235706354 -0.9754367415546209 -0.00014268980804654094
vn -0.6751721216640205 -0.7376600192861079 -0.0005496130675214475
vn -0.6751721216640205 -0.7376600192861079 -0.0005496130675214475
vn -0.3836473491478048 -0.9234795965436191 -0.0003824388802133604
vn -0.3836473491478048 -0.9234795965436191 -0.0003824388802133604
vn -0.3836473491478048 -0.9234795965436191 -0.0003824388802133604
vn -0.3836473491478048 -0.9234795965436191 -0.0003824388802133604
vn -0.8109082766607592 0.5851732793310691 1.4581678947957177e-8
vn -0.8109082766607592 0.5851732793310691 1.4581678947957177e-8
vn -0.6575868951399046 0.7533787064552994 -1.2877022424095155e-8
vn -0.6575868951399046 0.7533787064552994 -1.2877022424095155e-8
vn -0.977724286090483 -0.2098933547991816 3.7055924730235134e-11
vn -0.977724286090483 -0.2098933547991816 3.7055924730235134e-11
vn -0.9049175181940786 -0.4255869890697662 -2.0093205281714402e-16
vn -0.9049175181940786 -0.4255869890697662 -2.0093205281714402e-16
vn -0.9147334670692144 0.40405777337347953 1.2339006997809703e-8
vn -0.9147334670692144 0.40405777337347953 1.2339006997809703e-8
vn -0.9999972387007431 -0.0023500193380098138 4.891052287148172e-9
vn -0.9999972387007431 -0.0023500193380098138 4.891052287148172e-9
vn -0.9999972387007431 -0.0023500193380098138 4.891052287148172e-9
vn -0.9999972387007431 -0.0023500193380098138 4.891052287148172e-9
vn 0.9914458488991034 0 0.13051869100146674
vn 0.13052467177622418 0 0.9914450615428515
vn 0.8660274590973693 0 0.4999964400766812
vn 0.49999574877552433 0 0.8660278582161215
vn 0.13052467177622418 0 0.9914450615428515
vn 0.9914458488991034 0 0.13051869100146674
vn 0.49999574877552433 0 0.8660278582161215
vn 0.8660274590973693 0 0.4999964400766812
vn -0.9914459126335119 0 0.1305182068613513
vn -0.13052396099274421 0 0.9914451551179039
vn -0.8660274034860211 0 0.49999653639926384
vn -0.49999445557969313 0 0.8660286048333312
vn -0.13052396099274421 0 0.9914451551179039
vn -0.9914459126335119 0 0.1305182068613513
vn -0.49999445557969313 0 0.8660286048333312
vn -0.8660274034860211 0 0.49999653639926384
vn 0.8274879207227976 -0.5360956241020577 0.16692879582770156
vn 0.9049178361556577 -0.42558631299345406 2.0093212341879722e-16
vn -1.1459722792927985e-7 9.904892017686895e-9 0.9999999999999933
vn 0.15814396802785524 -0.2841756683583466 0.9456398230243329
vn 0.13759586439905527 -0.9793558876839644 0.14808586481845892
vn 0 -1 0
vn 0.7515740123732656 -0.4622685742674349 0.4705786535425332
vn 0.6771009596469866 -0.7313486968347722 0.08162949272910139
vn 0.6318020790849351 -0.6805303660753457 0.3710856420198838
vn 0.09671116526536194 -0.5744387605245793 0.812814284397119
vn 0.4345116476074958 -0.31395071565904004 0.844176863122057
vn 0.3688781812584689 -0.6012960599179008 0.7087820086025408
vn 0.3688781812584689 -0.6012960599179008 0.7087820086025408
vn 0.3751027057458616 -0.9238501224175397 0.07615058405048614
vn 0.3751027057458616 -0.9238501224175397 0.07615058405048614
vn 0.09638646713098678 -0.8979072214764093 0.42950235223397976
vn 0.09638646713098678 -0.8979072214764093 0.42950235223397976
vn 0.34045522780881027 -0.8726098377459902 0.3502032394575582
vn 0.34045522780881027 -0.8726098377459902 0.3502032394575582
vn 0.34045522780881027 -0.8726098377459902 0.3502032394575582
vn -1.1459722792927985e-7 9.904892017686895e-9 0.9999999999999933
vn 0.2846419954727361 0.05677829747081714 0.9569509701910617
vn 0.942294399902627 -0.2812519613093499 0.18160010509851604
vn 0.9049178361556577 -0.42558631299345406 2.0093212341879722e-16
vn 0.7504102380498534 0.6370528670445605 0.17620476503281066
vn 0.6575867218704943 0.7533788320167777 0.00019669431425528238
vn 0.5105688213002316 -0.12307631104230907 0.8509827850058478
vn 0.41568761878256255 0.3146044299851506 0.8533626756687929
vn 0.41568761878256255 0.3146044299851506 0.8533626756687929
vn 0.6459022373929776 0.13558749043306614 0.7512831238413444
vn 0.6459022373929776 0.13558749043306614 0.7512831238413444
vn 0.9925808846780532 -0.010255922817064134 0.12115281019812695
vn 0.9925808846780532 -0.010255922817064134 0.12115281019812695
vn 0.8247310692715756 -0.27693826542749755 0.49307591760313396
vn 0.8997320370288651 -0.00733319794400865 0.43638112442199334
vn 0.8997320370288651 -0.00733319794400865 0.43638112442199334
vn 0.6453645788777507 0.5862541761521436 0.4897046061393694
vn 0.9047039227034319 0.4084507886154851 0.12115595538152933
vn 0.8208175757498466 0.3685397412452931 0.43639084140595497
vn 0.5758670297420639 0.7738184564677939 0.26378430674673164
vn 0.5758670297420639 0.7738184564677939 0.26378430674673164
vn 0.5964113227466322 0.8026789691198253 0.00008143922268607881
vn -6.947684760838496e-8 -1.6264123381404221e-9 0.9999999999999976
vn 0.1510731721900737 0.20431786183000772 0.9671768752310211
vn 0.1510731721900737 0.20431786183000772 0.9671768752310211
vn 0.515027417831721 0.6925134641656359 0.5051453858355044
vn 0.515027417831721 0.6925134641656359 0.5051453858355044
vn 0.2955610368686784 0.3982924004281378 0.8683356708360562
vn 0.2955610368686784 0.3982924004281378 0.8683356708360562
vn 0.2955610368686784 0.3982924004281378 0.8683356708360562
vn 0.2955610368686784 0.3982924004281378 0.8683356708360562
vn 0.5029918383433472 0.8240382396107343 0.26069175326278016
vn 0.5029918383433472 0.8240382396107343 0.26069175326278016
vn 0.5206355233325112 0.8537790415817312 2.4987175021067075e-7
vn 5.20709801943297e-8 1.4443945595132826e-8 0.9999999999999987
vn 0.13335811672414585 0.21967802250909296 0.9664146000192069
vn 0.13335811672414585 0.21967802250909296 0.9664146000192069
vn 0.4505637842039186 0.7385541239160494 0.5015277483952822
vn 0.4505637842039186 0.7385541239160494 0.5015277483952822
vn 0.25963274533674624 0.42638286494475475 0.8664805191291995
vn 0.25963274533674624 0.42638286494475475 0.8664805191291995
vn 0.25963274533674624 0.42638286494475475 0.8664805191291995
vn 0.25963274533674624 0.42638286494475475 0.8664805191291995
vn 0.4386998495570555 0.8603927662679592 0.25935830380457453
vn 0.4386998495570555 0.8603927662679592 0.25935830380457453
vn 0.45350622757906395 0.8912531074540153 7.534940221877041e-7
vn -5.285281567957149e-8 -1.0997194266337814e-8 0.9999999999999987
vn 0.11635821446923535 0.23070247737524024 0.9660419933204035
vn 0.11635821446923535 0.23070247737524024 0.9660419933204035
vn 0.3933765851695903 0.772337667924786 0.4987478209925484
vn 0.3933765851695903 0.772337667924786 0.4987478209925484
vn 0.22750776598959072 0.44834341796476357 0.8644237363597201
vn 0.22750776598959072 0.44834341796476357 0.8644237363597201
vn 0.22750776598959072 0.44834341796476357 0.8644237363597201
vn 0.22750776598959072 0.44834341796476357 0.8644237363597201
vn 0.3711130850639802 0.8919911820954731 0.25812169447416794
vn 0.3711130850639802 0.8919911820954731 0.25812169447416794
vn 0.3837981495511553 0.923417013272196 7.523468572185896e-7
vn -1.2174457730829057e-7 8.628920689090984e-9 0.9999999999999927
vn 0.0991811792305681 0.23984037995052337 0.9657327196650337
vn 0.0991811792305681 0.23984037995052337 0.9657327196650337
vn 0.33291707831017253 0.8006706571653417 0.49808906605529735
vn 0.33291707831017253 0.8006706571653417 0.49808906605529735
vn 0.19263491049069834 0.4642526747813608 0.8645005756033901
vn 0.19263491049069834 0.4642526747813608 0.8645005756033901
vn 0.19263491049069834 0.4642526747813608 0.8645005756033901
vn 0.19263491049069834 0.4642526747813608 0.8645005756033901
vn 0.3154364406142624 0.9132355699838363 0.2578771910210411
vn 0.3154364406142624 0.9132355699838363 0.2578771910210411
vn 0.32614911335539676 0.9453183357246532 5.105981917012644e-7
vn -2.220446049250313e-16 8.77051320458122e-9 1
vn 0.08430606703202943 0.24571378037561942 0.9656693146181631
vn 0.08430606703202943 0.24571378037561942 0.9656693146181631
vn 0.2830203333559807 0.8199305724795394 0.4976076237563535
vn 0.2830203333559807 0.8199305724795394 0.4976076237563535
vn 0.16386174954319466 0.47580290889764515 0.8641532959615338
vn 0.16386174954319466 0.47580290889764515 0.8641532959615338
vn 0.16386174954319466 0.47580290889764515 0.8641532959615338
vn 0.16386174954319466 0.47580290889764515 0.8641532959615338
vn 0.25611705644131033 0.9316711917971362 0.25766808839113686
vn 0.25611705644131033 0.9316711917971362 0.25766808839113686
vn 0.2648043692039711 0.9643021549542422 -0.0000010448565230654544
vn -2.220446049250313e-16 -1.5968458555448706e-8 1
vn 0.06850619014825014 0.25081334304119335 0.9656083931200435
vn 0.06850619014825014 0.25081334304119335 0.9656083931200435
vn 0.22982022760922108 0.8365451963639073 0.4973678693101492
vn 0.22982022760922108 0.8365451963639073 0.4973678693101492
vn 0.13309377183526233 0.4855263738635588 0.8640313583323044
vn 0.13309377183526233 0.4855263738635588 0.8640313583323044
vn 0.13309377183526233 0.4855263738635588 0.8640313583323044
vn 0.13309377183526233 0.4855263738635588 0.8640313583323044
vn 0.20177206224816635 0.9449442442573249 0.25762067102830705
vn 0.20177206224816635 0.9449442442573249 0.25762067102830705
vn 0.20869539024908706 0.977980692083695 -5.276734808505094e-7
vn -6.893848358835426e-8 1.5943456554978717e-9 0.9999999999999978
vn 0.0540723016452478 0.25433651751653163 0.9656029836596136
vn 0.0540723016452478 0.25433651751653163 0.9656029836596136
vn 0.18104765015345162 0.8482640375434601 0.49766441603190864
vn 0.18104765015345162 0.8482640375434601 0.49766441603190864
vn 0.10481393294748632 0.4918187487127559 0.8643658703782208
vn 0.10481393294748632 0.4918187487127559 0.8643658703782208
vn 0.10481393294748632 0.4918187487127559 0.8643658703782208
vn 0.10481393294748632 0.4918187487127559 0.8643658703782208
vn 0.14587517010953382 0.9551478577372061 0.257707207127664
vn 0.14587517010953382 0.9551478577372061 0.257707207127664
vn 0.15083339079126462 0.9885591981375771 3.349174066774921e-17
vn -1.4025313554988235e-7 -5.213096176959146e-9 0.9999999999999902
vn 0.039017774808090745 0.2569991445202641 0.9656236601103337
vn 0.039017774808090745 0.2569991445202641 0.9656236601103337
vn 0.1308977191728406 0.8575867262587962 0.4974040551303024
vn 0.1308977191728406 0.8575867262587962 0.4974040551303024
vn 0.07580692593245282 0.49766415233450473 0.8640507516702074
vn 0.07580692593245282 0.49766415233450473 0.8640507516702074
vn 0.07580692593245282 0.49766415233450473 0.8640507516702074
vn 0.07580692593245282 0.49766415233450473 0.8640507516702074
vn 0.09221615495337297 0.9618027652992235 0.25774332470188716
vn 0.09221615495337297 0.9618027652992235 0.25774332470188716
vn 0.09540919755418359 0.9954381372148419 -5.589344476251257e-7
vn -6.92759558607035e-8 0 0.9999999999999976
vn 0.024735042306628693 0.2587495495118148 0.9656276965319099
vn 0.024735042306628693 0.2587495495118148 0.9656276965319099
vn 0.08273743116921042 0.8632176362094393 0.4980058533998454
vn 0.08273743116921042 0.8632176362094393 0.4980058533998454
vn 0.04788404899496997 0.5000995809620401 0.8646430055077292
vn 0.04788404899496997 0.5000995809620401 0.8646430055077292
vn 0.04788404899496997 0.5000995809620401 0.8646430055077292
vn 0.04788404899496997 0.5000995809620401 0.8646430055077292
vn 0.049769256965919946 0.9648780362794452 0.2579406834266008
vn 0.049769256965919946 0.9648780362794452 0.2579406834266008
vn 0.05152027680279077 0.9986719486789263 1.1439799508303931e-17
vn -1.4450515117836306e-7 -1.9182543553597292e-8 0.9999999999999893
vn 0.013372754567683503 0.25935521507636783 0.9656894127243829
vn 0.013372754567683503 0.25935521507636783 0.9656894127243829
vn 0.044655498835622746 0.865806819314006 0.49838181954512123
vn 0.044655498835622746 0.865806819314006 0.49838181954512123
vn 0.025849871448021356 0.50127166724115 0.8649037517362256
vn 0.025849871448021356 0.50127166724115 0.8649037517362256
vn 0.025849871448021356 0.50127166724115 0.8649037517362256
vn 0.025849871448021356 0.50127166724115 0.8649037517362256
vn -4.24315091951399e-8 -1.75687659975665e-8 0.9999999999999991
vn -4.24315091951399e-8 -1.75687659975665e-8 0.9999999999999991
vn -0.09299748074646076 -0.3195156346378716 0.9430064834330515
vn -0.09299748074646076 -0.3195156346378716 0.9430064834330515
vn -0.5680030558115502 -0.8040373040544692 0.17577412288946956
vn -0.642782055775978 -0.7660491033689489 -1.9262478537275425e-7
vn -0.08768551497576112 -0.9846523664299188 0.15090052268761817
vn 0 -1 0
vn -0.2830350717521574 -0.4231670679939746 0.8607094635959536
vn -0.04891374159925464 -0.5769451650472173 0.8153169459856702
vn -0.04891374159925464 -0.5769451650472173 0.8153169459856702
vn -0.22577170568791358 -0.666244791318089 0.7107355450181777
vn -0.4416268259535954 -0.8925897057918034 0.09082600790882824
vn -0.5135187414075428 -0.7058030239623617 0.48799650981210835
vn -0.5135187414075428 -0.7058030239623617 0.48799650981210835
vn -0.41552429541726005 -0.8205573398559853 0.39246045906111193
vn -0.41552429541726005 -0.8205573398559853 0.39246045906111193
vn -0.05311286364715002 -0.9005565464071649 0.4314822481150288
vn -0.05311286364715002 -0.9005565464071649 0.4314822481150288
vn -0.05311286364715002 -0.9005565464071649 0.4314822481150288
vn -0.2371681467846739 -0.9678786924833616 0.08343924009374469
vn -0.1995851471769834 -0.9129392758790233 0.35596017696341614
vn -0.1995851471769834 -0.9129392758790233 0.35596017696341614
vn -5.446718653878682e-8 7.584426420237366e-9 0.9999999999999984
vn -0.1487021904170217 -0.20141898243349204 0.968151874491103
vn -0.5696191144009597 -0.7772208169956353 0.26732352335270393
vn -0.5696191144009597 -0.7772208169956353 0.26732352335270393
vn -0.5918249222806107 -0.8060665365634828 -3.1743933005778847e-7
vn -0.28762275150109107 -0.39123880020210994 0.8741883973351255
vn -0.5076117874351073 -0.6921519909640286 0.5130846856625784
vn -0.5076117874351073 -0.6921519909640286 0.5130846856625784
vn -0.5076117874351073 -0.6921519909640286 0.5130846856625784
vn -0.5076117874351073 -0.6921519909640286 0.5130846856625784
vn 6.703455546208643e-8 1.859468312659369e-8 0.9999999999999976
vn -0.1334382721769667 -0.21653835136714777 0.9671118704191484
vn -0.5022889980165723 -0.8236864819049937 0.2631469969398896
vn -0.5022889980165723 -0.8236864819049937 0.2631469969398896
vn -0.5214798642318323 -0.8532635883481432 -1.1579179042971618e-16
vn -0.2561722386561473 -0.4182155411962442 0.8714766464133338
vn -0.4487950285148117 -0.7352475165694978 0.5079312077031447
vn -0.4487950285148117 -0.7352475165694978 0.5079312077031447
vn -0.4487950285148117 -0.7352475165694978 0.5079312077031447
vn -0.4487950285148117 -0.7352475165694978 0.5079312077031447
vn -6.721960965627701e-8 -3.073318488588932e-9 0.9999999999999978
vn -0.11582017679591873 -0.22958661595329172 0.9663724294608563
vn -0.43137118065038543 -0.8637883035312626 0.26036257639468097
vn -0.43137118065038543 -0.8637883035312626 0.26036257639468097
vn -0.4474853005186315 -0.8942912868968104 -4.4355207064035507e-7
vn -0.22179480191883416 -0.4422008454915641 0.8690601118957947
vn -0.38620674979226016 -0.7726132943557166 0.5038978505607115
vn -0.38620674979226016 -0.7726132943557166 0.5038978505607115
vn -0.38620674979226016 -0.7726132943557166 0.5038978505607115
vn -0.38620674979226016 -0.7726132943557166 0.5038978505607115
vn -1.218099472399805e-7 1.0797094773806669e-8 0.9999999999999927
vn -0.09876760608100241 -0.23917719159214684 0.9659395586738962
vn -0.36560736565628155 -0.894071482177912 0.2587806772811019
vn -0.36560736565628155 -0.894071482177912 0.2587806772811019
vn -0.379089151428824 -0.9253601543555278 -2.96431157064165e-7
vn -0.18887578589048717 -0.45993843931697054 0.8676304337348479
vn -0.3277088750848617 -0.8006494629245656 0.501564881854002
vn -0.3277088750848617 -0.8006494629245656 0.501564881854002
vn -0.3277088750848617 -0.8006494629245656 0.501564881854002
vn -0.3277088750848617 -0.8006494629245656 0.501564881854002
vn -2.220446049250313e-16 7.2782557758444e-9 1
vn -0.08367336943375653 -0.24563846474981418 0.9657435021179053
vn -0.30960322897427867 -0.9151625187133419 0.2581151001994119
vn -0.30960322897427867 -0.9151625187133419 0.2581151001994119
vn -0.3207913668371334 -0.9471498819947521 3.0124178637755867e-7
vn -0.1603513509123657 -0.47256267073379704 0.8665863872052921
vn -0.27766891838101265 -0.8202129461868005 0.5001506719706446
vn -0.27766891838101265 -0.8202129461868005 0.5001506719706446
vn -0.27766891838101265 -0.8202129461868005 0.5001506719706446
vn -0.27766891838101265 -0.8202129461868005 0.5001506719706446
vn -2.2204460492503126e-16 -2.0146105228491248e-8 0.9999999999999998
vn -0.06896439508974815 -0.25038899407443377 0.9656859033124064
vn -0.25454329043471213 -0.9320450508248689 0.2578754283128531
vn -0.25454329043471213 -0.9320450508248689 0.2578754283128531
vn -0.26381522956033604 -0.9645732344679361 3.020447824873288e-7
vn -0.13183420773944576 -0.48095669895229404 0.8667758622634949
vn -0.22829962552367483 -0.835268590535928 0.5002056203701377
vn -0.22829962552367483 -0.835268590535928 0.5002056203701377
vn -0.22829962552367483 -0.835268590535928 0.5002056203701377
vn -0.22829962552367483 -0.835268590535928 0.5002056203701377
vn -6.153038634160158e-8 1.423018036739163e-9 0.9999999999999982
vn -0.05422562904399688 -0.2541663254264297 0.965639197720354
vn -0.20049183411682645 -0.9451882893526837 0.2577248962033321
vn -0.20049183411682645 -0.9451882893526837 0.2577248962033321
vn -0.20767719413974714 -0.9781974151643632 -4.611360052469918e-17
vn -0.10395163061355324 -0.4888150282847757 0.8661719959775526
vn -0.17985877063815148 -0.8474243723429407 0.4995225278040081
vn -0.17985877063815148 -0.8474243723429407 0.4995225278040081
vn -0.17985877063815148 -0.8474243723429407 0.4995225278040081
vn -0.17985877063815148 -0.8474243723429407 0.4995225278040081
vn -1.2961844242376122e-7 -5.341485920240485e-9 0.9999999999999916
vn -0.03944146427410484 -0.2568223342444185 0.9656534883327262
vn -0.1455861700321627 -0.9551711174987746 0.2577844126232393
vn -0.1455861700321627 -0.9551711174987746 0.2577844126232393
vn -0.1508638198531819 -0.988554554821992 -3.349849727678087e-17
vn -0.07541364706295722 -0.49315541888454634 0.866666322561037
vn -0.13058090237170467 -0.856096686716582 0.5000470887113351
vn -0.13058090237170467 -0.856096686716582 0.5000470887113351
vn -0.13058090237170467 -0.856096686716582 0.5000470887113351
vn -0.13058090237170467 -0.856096686716582 0.5000470887113351
vn -7.238275423482301e-8 0 0.9999999999999973
vn -0.024728843604276577 -0.25868132356876167 0.9656461345289531
vn -0.09152100058491705 -0.9618673734889545 0.2577499995526592
vn -0.09152100058491705 -0.9618673734889545 0.2577499995526592
vn -0.09478189981672033 -0.9954980620102363 9.984829013408905e-7
vn -0.047445071380969955 -0.49759087489658144 0.8661133219280889
vn -0.08209953386705034 -0.8624262139741624 0.49948042202773607
vn -0.08209953386705034 -0.8624262139741624 0.49948042202773607
vn -0.08209953386705034 -0.8624262139741624 0.49948042202773607
vn -0.08209953386705034 -0.8624262139741624 0.49948042202773607
vn -1.4449248930681182e-7 -1.9175955046079957e-8 0.9999999999999893
vn -0.01304920081102021 -0.25933357482006697 0.9656996506829845
vn -0.048533511395536466 -0.9649319698736384 0.25797440141882144
vn -0.05022315234049687 -0.9987380211887257 0.0000010059274259795454
vn -0.025112820873186514 -0.49913662838936446 0.8661593227737543
vn -0.04351865006939481 -0.8651330682526546 0.4996507793568278
vn -0.04351865006939481 -0.8651330682526546 0.4996507793568278
vn 0.13043652842219325 -0.991456661712032 3.326269890849977e-9
vn 0.13043652842219325 -0.991456661712032 3.326269890849977e-9
vn 0.13043652842219325 -0.991456661712032 3.326269890849977e-9
vn 0.9914579933506348 -0.13042640614972326 -8.159664679112946e-9
vn 0.9914579933506348 -0.13042640614972326 -8.159664679112946e-9
vn 0.49992974226216336 -0.8660659633086194 -1.4633279870101283e-8
vn 0.49992974226216336 -0.8660659633086194 -1.4633279870101283e-8
vn 0.8660725548800489 -0.4999183230124138 -1.9866894159673874e-8
vn 0.8660725548800489 -0.4999183230124138 -1.9866894159673874e-8
vn 0.8660725548800489 -0.4999183230124138 -1.9866894159673874e-8
vn 0.8660725548800489 -0.4999183230124138 -1.9866894159673874e-8
vn 0.9914578053250618 0.13042783544938436 -1.2876997724510532e-8
vn 0.9914578053250618 0.13042783544938436 -1.2876997724510532e-8
vn 0.1304259736594723 0.9914580502446783 -1.0117635692488712e-10
vn 0.1304259736594723 0.9914580502446783 -1.0117635692488712e-10
vn 0.8660737322260962 0.4999162833394809 1.316225553051764e-8
vn 0.8660737322260962 0.4999162833394809 1.316225553051764e-8
vn 0.4999238933450079 0.8660693395235558 3.2529451632454634e-8
vn 0.4999238933450079 0.8660693395235558 3.2529451632454634e-8
vn 0.4999238933450079 0.8660693395235558 3.2529451632454634e-8
vn 0.4999238933450079 0.8660693395235558 3.2529451632454634e-8
vn 0.13052621823454208 1.0081600442937882e-8 0.9914448579489374
vn 0.991445202412966 1.0890434770526349e-8 0.1305236017443315
vn 0.5000000514340684 9.278054617298993e-9 0.8660253740889634
vn 0.8660267213894837 1.3957949815010836e-8 0.49999771783417324
vn 0.991445202412966 1.0890434770526349e-8 0.1305236017443315
vn 0.13052621823454208 1.0081600442937882e-8 0.9914448579489374
vn 0.8660267213894837 1.3957949815010836e-8 0.49999771783417324
vn 0.5000000514340684 9.278054617298993e-9 0.8660253740889634
vn -0.13052629147097858 9.970962634515516e-9 0.9914448483071728
vn -0.991445202412966 8.736674134153595e-9 0.13052360174433106
vn -0.5000000514340689 9.93134358509289e-9 0.8660253740889632
vn -0.8660267213894839 1.2514137597665583e-8 0.4999977178341729
vn -0.991445202412966 8.736674134153595e-9 0.13052360174433106
vn -0.13052629147097858 9.970962634515516e-9 0.9914448483071728
vn -0.8660267213894839 1.2514137597665583e-8 0.4999977178341729
vn -0.5000000514340689 9.93134358509289e-9 0.8660253740889632
vn 8.397842421459245e-10 -1.0222636959156262e-8 1
vn 0.008400731167847281 0.25942678430283866 0.9657262403508222
vn 0.008400731167847281 0.25942678430283866 0.9657262403508222
vn 0.03119893525996495 0.9656151452627229 0.2580969152816339
vn 0.03119893525996495 0.9656151452627229 0.2580969152816339
vn 0.032313988343802225 0.9994777667148562 7.175146775351632e-18
vn 0.016245437636001524 0.5023512793892846 0.8645110050496544
vn 0.016245437636001524 0.5023512793892846 0.8645110050496544
vn 0.016245437636001524 0.5023512793892846 0.8645110050496544
vn 0.016245437636001524 0.5023512793892846 0.8645110050496544
vn 0.028007026869926857 0.8666780624480168 0.4980810601872536
vn 0.028007026869926857 0.8666780624480168 0.4980810601872536
vn -1.1052100767905346e-7 -1.2815687178146993e-8 0.9999999999999938
vn -1.1052100767905346e-7 -1.2815687178146993e-8 0.9999999999999938
vn -1.1052100767905346e-7 -1.2815687178146993e-8 0.9999999999999938
vn 0.16498390493732965 0.19776162992565624 0.9662663446694074
vn 0.16498390493732965 0.19776162992565624 0.9662663446694074
vn 0.6112480480443866 0.7458075540369846 0.26485263091632233
vn 0.6112480480443866 0.7458075540369846 0.26485263091632233
vn 0.6351681883662936 0.772373834450516 0.00017984350729442436
vn 0.3186879303219419 0.38555989800711177 0.8658992828937224
vn 0.3186879303219419 0.38555989800711177 0.8658992828937224
vn 0.3186879303219419 0.38555989800711177 0.8658992828937224
vn 0.3186879303219419 0.38555989800711177 0.8658992828937224
vn 0.5483071950401321 0.6676450420222525 0.5035963837542197
vn 0.5483071950401321 0.6676450420222525 0.5035963837542197
vn -2.2204460492503126e-16 2.3071040189392982e-8 0.9999999999999998
vn 0.14159277174775486 0.2130298181502218 0.9667314950738244
vn 0.14159277174775486 0.2130298181502218 0.9667314950738244
vn 0.5379263195848393 0.8012344886692548 0.26202780170208473
vn 0.5379263195848393 0.8012344886692548 0.26202780170208473
vn 0.5566436673829093 0.8307513632625017 1.2359972320805862e-16
vn 0.2774699571430827 0.4151370440195747 0.8664130986808231
vn 0.2774699571430827 0.4151370440195747 0.8664130986808231
vn 0.2774699571430827 0.4151370440195747 0.8664130986808231
vn 0.2774699571430827 0.4151370440195747 0.8664130986808231
vn 0.48166209763674744 0.7181593972823914 0.5022436697412529
vn 0.48166209763674744 0.7181593972823914 0.5022436697412529
vn 6.675760721996923e-8 8.222937331048267e-10 0.9999999999999978
vn 0.1265461001113701 0.22419831215086067 0.9662925030110233
vn 0.1265461001113701 0.22419831215086067 0.9662925030110233
vn 0.47698070247411833 0.8395000458297593 0.2602481172249446
vn 0.47698070247411833 0.8395000458297593 0.2602481172249446
vn 0.4935614717011067 0.8697109138395756 7.538591759051359e-7
vn 0.24659440244041608 0.4352804549319389 0.8658649584313355
vn 0.24659440244041608 0.4352804549319389 0.8658649584313355
vn 0.24659440244041608 0.4352804549319389 0.8658649584313355
vn 0.24659440244041608 0.4352804549319389 0.8658649584313355
vn 0.4274178415377461 0.7527646965664252 0.5006588662337579
vn 0.4274178415377461 0.7527646965664252 0.5006588662337579
vn -1.2070543697895088e-7 1.460586407375775e-8 0.9999999999999927
vn 0.10638191958189536 0.23647850000888684 0.9657954266922255
vn 0.10638191958189536 0.23647850000888684 0.9657954266922255
vn 0.39886722716043504 0.8798596305075286 0.25836401781304796
vn 0.39886722716043504 0.8798596305075286 0.25836401781304796
vn 0.4124195707850846 0.9109940162442791 7.515144187570308e-7
vn 0.20701029375584326 0.458191979317298 0.8644112726986015
vn 0.20701029375584326 0.458191979317298 0.8644112726986015
vn 0.20701029375584326 0.458191979317298 0.8644112726986015
vn 0.20701029375584326 0.458191979317298 0.8644112726986015
vn 0.35778218009804724 0.7898325810175917 0.4981529941367188
vn 0.35778218009804724 0.7898325810175917 0.4981529941367188
vn -6.719697887014304e-8 1.7911769845113625e-8 0.9999999999999976
vn 0.09202952335129563 0.2427771297722361 0.965706907964983
vn 0.09202952335129563 0.2427771297722361 0.965706907964983
vn 0.34450208703882934 0.9026269613447692 0.25803658786962635
vn 0.34450208703882934 0.9026269613447692 0.25803658786962635
vn 0.35621435001451923 0.9344042684211535 2.5021526934763954e-7
vn 0.17891316083902764 0.4701805404372026 0.8642455323996581
vn 0.17891316083902764 0.4701805404372026 0.8642455323996581
vn 0.17891316083902764 0.4701805404372026 0.8642455323996581
vn 0.17891316083902764 0.4701805404372026 0.8642455323996581
vn 0.3090763032594983 0.810357257039005 0.4977880620582043
vn 0.3090763032594983 0.810357257039005 0.4977880620582043
vn -2.220446049250313e-16 4.35223368455695e-9 1
vn 0.07634164696105412 0.2484391783911024 0.9656344689268439
vn 0.07634164696105412 0.2484391783911024 0.9656344689268439
vn 0.28561092994082365 0.923033311124741 0.2577516309403975
vn 0.28561092994082365 0.923033311124741 0.2577516309403975
vn 0.295280319699676 0.9554106618611667 2.5399022173997044e-7
vn 0.1484161908269774 0.4811160845831788 0.8640022844042495
vn 0.1484161908269774 0.4811160845831788 0.8640022844042495
vn 0.1484161908269774 0.4811160845831788 0.8640022844042495
vn 0.1484161908269774 0.4811160845831788 0.8640022844042495
vn 0.25627982281422057 0.8288091908833929 0.49738916104548087
vn 0.25627982281422057 0.8288091908833929 0.49738916104548087
vn -6.075935510274621e-8 -2.2986917258549464e-8 0.999999999999998
vn 0.060629747460299074 0.2529013129629806 0.9655904720037893
vn 0.060629747460299074 0.2529013129629806 0.9655904720037893
vn 0.22672656216138473 0.9392743701033194 0.25760187048523653
vn 0.22672656216138473 0.9392743701033194 0.25760187048523653
vn 0.23439146928247176 0.9721422936617214 -0.0000013159790537836784
vn 0.1178473928162321 0.4896853365518281 0.8638982944609508
vn 0.1178473928162321 0.4896853365518281 0.8638982944609508
vn 0.1178473928162321 0.4896853365518281 0.8638982944609508
vn 0.1178473928162321 0.4896853365518281 0.8638982944609508
vn 0.20345729991322128 0.8434442426626416 0.4971990915430805
vn 0.20345729991322128 0.8434442426626416 0.4971990915430805
vn -1.2854110331694707e-7 -1.739638100239901e-9 0.9999999999999918
vn 0.04718157816638758 0.25560193143729215 0.9656301317415769
vn 0.04718157816638758 0.25560193143729215 0.9656301317415769
vn 0.17644595002361402 0.9499695306222223 0.2577299315362092
vn 0.17644595002361402 0.9499695306222223 0.2577299315362092
vn 0.18243528320645233 0.983217863670805 4.0508770383962907e-17
vn 0.09171130243875776 0.49511449102196553 0.8639737714682354
vn 0.09171130243875776 0.49511449102196553 0.8639737714682354
vn 0.09171130243875776 0.49511449102196553 0.8639737714682354
vn 0.09171130243875776 0.49511449102196553 0.8639737714682354
vn 0.15833488495405407 0.8529837936935721 0.49734164505167683
vn 0.15833488495405407 0.8529837936935721 0.49734164505167683
vn -2.220446049250313e-16 -3.569091910904376e-9 1
vn 0.03080204818805374 0.25813279510261367 0.9656182961812253
vn 0.03080204818805374 0.25813279510261367 0.9656182961812253
vn 0.11524054425730572 0.9593253150379932 0.25771021882442896
vn 0.11524054425730572 0.9593253150379932 0.25771021882442896
vn 0.11913941703720018 0.9928775348993065 -5.589969259502166e-7
vn 0.05988833315669322 0.5000126057038973 0.8639448950534472
vn 0.05988833315669322 0.5000126057038973 0.8639448950534472
vn 0.05988833315669322 0.5000126057038973 0.8639448950534472
vn 0.05988833315669322 0.5000126057038973 0.8639448950534472
vn 0.10340790616317506 0.8613940019390963 0.4972998877601884
vn 0.10340790616317506 0.8613940019390963 0.4972998877601884
vn -1.4175053331122313e-7 -8.809927010133746e-9 0.99999999999999
vn 0.01888778045003131 0.25909530901509786 0.9656670609459777
vn 0.01888778045003131 0.25909530901509786 0.9656670609459777
vn 0.0704839946624542 0.9636094783173377 0.2578541831993644
vn 0.0704839946624542 0.9636094783173377 0.2578541831993644
vn 0.07291784543999258 0.9973379506548367 1.6191014182707648e-17
vn 0.03665251519705961 0.5018490960462466 0.8641782674467662
vn 0.03665251519705961 0.5018490960462466 0.8641782674467662
vn 0.03665251519705961 0.5018490960462466 0.8641782674467662
vn 0.03665251519705961 0.5018490960462466 0.8641782674467662
vn 0.06325536074464018 0.865088442752792 0.4976150576023749
vn 0.06325536074464018 0.865088442752792 0.4976150576023749
vn -0.030576962918205622 -0.9656351197728889 0.2580966191175264
vn -0.030576962918205622 -0.9656351197728889 0.2580966191175264
vn -0.031636526771909035 -0.9994994398061448 0.0000010065984347986482
vn -7.467473306377315e-10 -1.0333464750544863e-8 1
vn -0.008208068072368459 -0.2594271297378335 0.9657278042877863
vn -0.027416877804723103 -0.8658509978592936 0.49955016196324703
vn -0.027416877804723103 -0.8658509978592936 0.49955016196324703
vn -0.027416877804723103 -0.8658509978592936 0.49955016196324703
vn -0.027416877804723103 -0.8658509978592936 0.49955016196324703
vn -0.015822582845268187 -0.4998064034579283 0.8659926125173096
vn -0.601695720914879 -0.7489305791066675 0.2776062807496896
vn -0.601695720914879 -0.7489305791066675 0.2776062807496896
vn -0.6274001016116494 -0.7786970607993997 -2.605603172617789e-7
vn -7.007412983206487e-8 -3.448093721658542e-8 0.9999999999999971
vn -7.007412983206487e-8 -3.448093721658542e-8 0.9999999999999971
vn -0.16048069117946562 -0.19931074392419826 0.966706354129807
vn -0.16048069117946562 -0.19931074392419826 0.966706354129807
vn -0.5348534035940207 -0.6660689771273407 0.5198884056914805
vn -0.5348534035940207 -0.6660689771273407 0.5198884056914805
vn -0.5348534035940207 -0.6660689771273407 0.5198884056914805
vn -0.5348534035940207 -0.6660689771273407 0.5198884056914805
vn -0.304068178705208 -0.37864267921559885 0.8741694710840291
vn -0.304068178705208 -0.37864267921559885 0.8741694710840291
vn -0.5387549533735708 -0.7996776609366079 0.2650636504962485
vn -0.5387549533735708 -0.7996776609366079 0.2650636504962485
vn -0.5591442684332518 -0.8290703752265064 -1.53161239087951e-7
vn -2.220446049250313e-16 1.805161709000913e-8 1
vn -0.14159703321694384 -0.2091798572112346 0.9675712209037881
vn -0.4809624572289753 -0.7135728184507618 0.5094005766629073
vn -0.4809624572289753 -0.7135728184507618 0.5094005766629073
vn -0.4809624572289753 -0.7135728184507618 0.5094005766629073
vn -0.4809624572289753 -0.7135728184507618 0.5094005766629073
vn -0.2740570621270816 -0.40595381261661073 0.8718338309106333
vn -0.4658113149620782 -0.8453713219943372 0.261471120399264
vn -0.4658113149620782 -0.8453713219943372 0.261471120399264
vn -0.48300600419636663 -0.8756170395271197 -1.4913626159682798e-7
vn 5.233260913506392e-8 -8.030504261569139e-9 0.9999999999999987
vn -0.1241588297042761 -0.22401265991617772 0.9666451847517494
vn -0.41683622433824813 -0.7560514073649234 0.5046125558296707
vn -0.41683622433824813 -0.7560514073649234 0.5046125558296707
vn -0.41683622433824813 -0.7560514073649234 0.5046125558296707
vn -0.41683622433824813 -0.7560514073649234 0.5046125558296707
vn -0.2391612063895309 -0.43292596595467736 0.8691242864864116
vn -0.3977833227254315 -0.8800437089833436 0.25940604935189004
vn -0.3977833227254315 -0.8800437089833436 0.25940604935189004
vn -0.4122389544132774 -0.9110757621977228 -2.943160446691685e-7
vn -1.2087002709826235e-7 1.1519574627527533e-8 0.9999999999999927
vn -0.10688242425227716 -0.23502674790259614 0.9660944959766026
vn -0.3564584834518798 -0.7881385584096897 0.5017718229664577
vn -0.3564584834518798 -0.7881385584096897 0.5017718229664577
vn -0.3564584834518798 -0.7881385584096897 0.5017718229664577
vn -0.3564584834518798 -0.7881385584096897 0.5017718229664577
vn -0.20536635535714787 -0.4531288054345756 0.8674669709981795
vn -0.33475042952879747 -0.9062335107620705 0.25823046664198596
vn -0.33475042952879747 -0.9062335107620705 0.25823046664198596
vn -0.34678831196453996 -0.9379434240319068 -2.963785151504733e-7
vn -5.463014596251972e-8 1.7565170651323543e-8 0.9999999999999984
vn -0.09034200334254046 -0.24314302556396342 0.9657741928378798
vn -0.30021634280961507 -0.8122652445992959 0.5000953108419091
vn -0.30021634280961507 -0.8122652445992959 0.5000953108419091
vn -0.30021634280961507 -0.8122652445992959 0.5000953108419091
vn -0.30021634280961507 -0.8122652445992959 0.5000953108419091
vn -0.17338649190486724 -0.4681767622015369 0.8664569485897202
vn -0.28460353938924404 -0.9232699010023341 0.2580184397872668
vn -0.28460353938924404 -0.9232699010023341 0.2580184397872668
vn -0.29479813609324684 -0.9555595528043157 6.032314565195868e-7
vn -2.220446049250313e-16 5.146717718673699e-9 1
vn -0.07684723859487862 -0.24796090460631112 0.9657172938842722
vn -0.2552745944951931 -0.8276719698332381 0.4997939493007913
vn -0.2552745944951931 -0.8276719698332381 0.4997939493007913
vn -0.2552745944951931 -0.8276719698332381 0.4997939493007913
vn -0.2552745944951931 -0.8276719698332381 0.4997939493007913
vn -0.14748281095438945 -0.47730190230466923 0.8662746184261293
vn -0.2245601384672047 -0.939771698868854 0.257685657762976
vn -0.2245601384672047 -0.939771698868854 0.257685657762976
vn -0.23259038169378515 -0.9725747859900231 -5.164543941255876e-17
vn -6.964080534466159e-8 -1.967211815667719e-8 0.9999999999999973
vn -0.0607272325992395 -0.25274213178559735 0.9656260239043423
vn -0.2014668049827442 -0.8426559176322722 0.4993416976073181
vn -0.2014668049827442 -0.8426559176322722 0.4993416976073181
vn -0.2014668049827442 -0.8426559176322722 0.4993416976073181
vn -0.2014668049827442 -0.8426559176322722 0.4993416976073181
vn -0.11647857961270287 -0.48626578837929924 0.8660128887858805
vn -0.17618925306073924 -0.9500058974238558 0.2577714917631374
vn -0.17618925306073924 -0.9500058974238558 0.2577714917631374
vn -0.18247398707052453 -0.9832106814119678 -4.051736436816989e-17
vn -1.4100702139252379e-7 -1.9083481461734474e-9 0.99999999999999
vn -0.047605514088211676 -0.2554396069381323 0.9656522781186246
vn -0.15805273101830183 -0.8517876245712251 0.4994769032147192
vn -0.15805273101830183 -0.8517876245712251 0.4994769032147192
vn -0.15805273101830183 -0.8517876245712251 0.4994769032147192
vn -0.15805273101830183 -0.8517876245712251 0.4994769032147192
vn -0.09134438473978992 -0.4914567980545174 0.8660983887656821
vn -0.11503929202278027 -0.9593523346431683 0.2576995523969721
vn -0.11503929202278027 -0.9593523346431683 0.2576995523969721
vn -0.11914896000962039 -0.9928763897527817 3.291184515920719e-7
vn -2.220446049250313e-16 -3.3401614807360147e-9 1
vn -0.031106968337611177 -0.2580519091785378 0.965630140732027
vn -0.10320799096515923 -0.8602203142282837 0.49936872307937796
vn -0.10320799096515923 -0.8602203142282837 0.49936872307937796
vn -0.10320799096515923 -0.8602203142282837 0.49936872307937796
vn -0.10320799096515923 -0.8602203142282837 0.49936872307937796
vn -0.059666730672205785 -0.49641558582444695 0.8660320129195349
vn -0.06933206308906135 -0.9636949881657831 0.25784692127688
vn -0.06933206308906135 -0.9636949881657831 0.25784692127688
vn -0.0717800628198279 -0.9974204843397658 0.0000010042576777331796
vn -1.4175232387891724e-7 -8.990459043900411e-9 0.99999999999999
vn -0.018696400248936873 -0.2591104664205343 0.9656667182879737
vn -0.06218764181698765 -0.8641027802344142 0.499458789487579
vn -0.06218764181698765 -0.8641027802344142 0.499458789487579
vn -0.06218764181698765 -0.8641027802344142 0.499458789487579
vn -0.06218764181698765 -0.8641027802344142 0.499458789487579
vn -0.03592652852926057 -0.4986870324140315 0.8660372556939585
vn 0.13043597874703317 0.000008205669781763541 0.9914567339934559
vn 0.9914560270711492 0.000006770717358902324 0.1304413521029658
vn 0.499938370280902 -0.000007756654228529642 0.866060982760862
vn 0.8660584452995882 -0.00000922942829167369 0.4999427659643431
vn 0.129640463987943 -0.9830499058841021 0.12963885466266975
vn 0.129640463987943 -0.9830499058841021 0.12963885466266975
vn 0.9830485836191482 -0.1296420648268138 0.12964728023305033
vn 0.12964516982414787 -0.12964154884236506 0.9830489299902728
vn 0.49158286684660224 -0.8623025949580022 0.12157516091526034
vn 0.12157229742145174 -0.8622998952233052 0.4915883106803362
vn 0.4473471075961498 -0.77444094946927 0.44734973020053803
vn 0.8623028255245999 -0.12157392205892989 0.4915827687861941
vn 0.8623013464630708 -0.491584150172206 0.12157882705243252
vn 0.8623013464630708 -0.491584150172206 0.12157882705243252
vn 0.7744392044951908 -0.44735261152967437 0.4473472471117221
vn 0.7744392044951908 -0.44735261152967437 0.4473472471117221
vn 0.12157389735606293 -0.4915890773711204 0.862299232570149
vn 0.12157389735606293 -0.4915890773711204 0.862299232570149
vn 0.49158437078900086 -0.12158233195265684 0.86230072651769
vn 0.44735336848824736 -0.4473560506972951 0.7744336818648434
vn 0.44735336848824736 -0.4473560506972951 0.7744336818648434
vn 0.12959514558198273 -0.12964014708878796 0.9830557107836677
vn 0.1296484484455407 -0.9830481516847407 0.12964417181223165
vn 0.1296484484455407 -0.9830481516847407 0.12964417181223165
vn 0.9830577572322993 -0.12963366770661283 0.12958610319912034
vn 0.12157429809118016 -0.4915882662542609 0.8622996384811759
vn 0.12157429809118016 -0.4915882662542609 0.8622996384811759
vn 0.491541990166282 -0.12156980710141252 0.8623266515101432
vn 0.44734408137895276 -0.4473507272962075 0.7744421215576895
vn 0.44734408137895276 -0.4473507272962075 0.7744421215576895
vn 0.4915800316358342 -0.8623047933305023 0.12157103230684638
vn 0.12157920743349879 -0.8622986074967525 0.4915888605623645
vn 0.4473394417452381 -0.7744486349587585 0.4473440909071836
vn 0.8623249809245268 -0.121567304425429 0.49154553987219685
vn 0.8623005032995303 -0.49158766188730985 0.12157060783571236
vn 0.8623005032995303 -0.49158766188730985 0.12157060783571236
vn 0.7744316865432676 -0.44736229279770595 0.4473505804852941
vn 0.7744316865432676 -0.44736229279770595 0.4473505804852941
vn 0.12959581730438827 0.12964166817779554 0.9830554216366877
vn 0.9830576925826174 0.12963375644830352 0.1295865048654449
vn 0.1296400508481283 0.9830509501973441 0.12963134857044994
vn 0.4915427370378048 0.12157278762268021 0.8623258055833849
vn 0.12157462816052254 0.49158156980536133 0.8623034094884046
vn 0.4473447836519687 0.44734627376810054 0.7744442884321433
vn 0.8623034429999115 0.4915826319908075 0.1215700954819431
vn 0.8623251005936268 0.12156790053667807 0.49154518250644647
vn 0.7744346862757018 0.4473553899234914 0.44735229048196096
vn 0.7744346862757018 0.4473553899234914 0.44735229048196096
vn 0.12157627670316405 0.8623006748484084 0.4915859590132482
vn 0.12157627670316405 0.8623006748484084 0.4915859590132482
vn 0.49157791343959384 0.8623058696265193 0.12157196315774242
vn 0.49157791343959384 0.8623058696265193 0.12157196315774242
vn 0.4473416100403151 0.7744427731001345 0.4473520706552189
vn 0.4473416100403151 0.7744427731001345 0.4473520706552189
vn 0.4473416100403151 0.7744427731001345 0.4473520706552189
vn 0.13042947675592698 -0.9914575894072194 -2.6283830795975582e-8
vn 0.13042947675592698 -0.9914575894072194 -2.6283830795975582e-8
vn 0.13042947675592698 -0.9914575894072194 -2.6283830795975582e-8
vn 0.9914560850086059 -0.1304409119080649 -1.7174324597956744e-8
vn 0.9914560850086059 -0.1304409119080649 -1.7174324597956744e-8
vn 0.49992923321116906 -0.8660662571540885 -2.72561147508327e-8
vn 0.49992923321116906 -0.8660662571540885 -2.72561147508327e-8
vn 0.8660659742187955 -0.49992972336164254 -1.790513308472854e-8
vn 0.8660659742187955 -0.49992972336164254 -1.790513308472854e-8
vn 0.8660659742187955 -0.49992972336164254 -1.790513308472854e-8
vn 0.8660659742187955 -0.49992972336164254 -1.790513308472854e-8
vn -0.5221179498795854 -0.8528732886036104 3.572212582331824e-8
vn -0.5221179498795854 -0.8528732886036104 3.572212582331824e-8
vn -0.6427821494528176 -0.7660490247659186 2.0526446105988304e-8
vn -0.6427821494528176 -0.7660490247659186 2.0526446105988304e-8
vn 0 -1 0
vn 0 -1 0
vn -0.1482469589572207 -0.9889503724454113 -1.35959013066424e-7
vn -0.1482469589572207 -0.9889503724454113 -1.35959013066424e-7
vn -0.43424146267562724 -0.9007965098141376 1.4497307779135388e-8
vn -0.43424146267562724 -0.9007965098141376 1.4497307779135388e-8
vn -0.2463672358841121 -0.9691765500066628 -7.181612607782369e-8
vn -0.2463672358841121 -0.9691765500066628 -7.181612607782369e-8
vn 0.22027969235706354 -0.9754367415546209 0.00014268980804654094
vn 0.22027969235706354 -0.9754367415546209 0.00014268980804654094
vn 0 -1 0
vn 0 -1 0
vn 0.7938082065322295 -0.6081679942330158 0.0004712034333572718
vn 0.7938082065322295 -0.6081679942330158 0.0004712034333572718
vn 0.9049175411490851 -0.4255869402609693 2.0093205791417936e-16
vn 0.9049175411490851 -0.4255869402609693 2.0093205791417936e-16
vn 0.3836473491478048 -0.9234795965436191 0.0003824388802133604
vn 0.3836473491478048 -0.9234795965436191 0.0003824388802133604
vn 0.3836473491478048 -0.9234795965436191 0.0003824388802133604
vn 0.3836473491478048 -0.9234795965436191 0.0003824388802133604
vn 0.6751720892305931 -0.7376600489720503 0.0005496130896397425
vn 0.6751720892305931 -0.7376600489720503 0.0005496130896397425
vn 0.9049175181940786 -0.4255869890697662 2.0093205281714402e-16
vn 0.9049175181940786 -0.4255869890697662 2.0093205281714402e-16
vn 0.977724286090483 -0.2098933547991816 -3.7055924730235134e-11
vn 0.977724286090483 -0.2098933547991816 -3.7055924730235134e-11
vn 0.6575868951399046 0.7533787064552994 1.2877022424095155e-8
vn 0.6575868951399046 0.7533787064552994 1.2877022424095155e-8
vn 0.8109082766607592 0.5851732793310691 -1.4581678947957177e-8
vn 0.8109082766607592 0.5851732793310691 -1.4581678947957177e-8
vn 0.9999972387007431 -0.0023500193380098138 -4.895787165929109e-9
vn 0.9999972387007431 -0.0023500193380098138 -4.895787165929109e-9
vn 0.9999972387007431 -0.0023500193380098138 -4.895787165929109e-9
vn 0.9999972387007431 -0.0023500193380098138 -4.895787165929109e-9
vn 0.9147334670692144 0.40405777337347953 -1.2329537240140938e-8
vn 0.9147334670692144 0.40405777337347953 -1.2329537240140938e-8
vn -0.9914458488991034 0 -0.13051869100146674
vn -0.13052467177622418 0 -0.9914450615428515
vn -0.8660274590973693 0 -0.4999964400766812
vn -0.49999574877552433 0 -0.8660278582161215
vn -0.13052467177622418 0 -0.9914450615428515
vn -0.9914458488991034 0 -0.13051869100146674
vn -0.49999574877552433 0 -0.8660278582161215
vn -0.8660274590973693 0 -0.4999964400766812
vn 0.9914459126335119 0 -0.1305182068613513
vn 0.13052396099274421 0 -0.9914451551179039
vn 0.8660274034860211 0 -0.49999653639926384
vn 0.49999445557969313 0 -0.8660286048333312
vn 0.13052396099274421 0 -0.9914451551179039
vn 0.9914459126335119 0 -0.1305182068613513
vn 0.49999445557969313 0 -0.8660286048333312
vn 0.8660274034860211 0 -0.49999653639926384
vn -0.9049178361556577 -0.42558631299345406 -2.0093212341879722e-16
vn -0.8274879207227976 -0.5360956241020577 -0.16692879582770156
vn -0.15814396802785524 -0.2841756683583466 -0.9456398230243329
vn 1.1459722792927985e-7 9.904892017686895e-9 -0.9999999999999933
vn 0 -1 0
vn -0.13759586439905527 -0.9793558876839644 -0.14808586481845892
vn -0.7515740123732656 -0.4622685742674349 -0.4705786535425332
vn -0.6771009596469866 -0.7313486968347722 -0.08162949272910139
vn -0.6318020790849351 -0.6805303660753457 -0.3710856420198838
vn -0.09671116526536194 -0.5744387605245793 -0.812814284397119
vn -0.4345116476074958 -0.31395071565904004 -0.844176863122057
vn -0.3688781812584689 -0.6012960599179008 -0.7087820086025408
vn -0.3688781812584689 -0.6012960599179008 -0.7087820086025408
vn -0.3751027057458616 -0.9238501224175397 -0.07615058405048614
vn -0.3751027057458616 -0.9238501224175397 -0.07615058405048614
vn -0.09638646713098678 -0.8979072214764093 -0.42950235223397976
vn -0.09638646713098678 -0.8979072214764093 -0.42950235223397976
vn -0.34045522780881027 -0.8726098377459902 -0.3502032394575582
vn -0.34045522780881027 -0.8726098377459902 -0.3502032394575582
vn -0.34045522780881027 -0.8726098377459902 -0.3502032394575582
vn -0.2846419954727361 0.05677829747081714 -0.9569509701910617
vn 1.1459722792927985e-7 9.904892017686895e-9 -0.9999999999999933
vn -0.9049178361556577 -0.42558631299345406 -2.0093212341879722e-16
vn -0.942294399902627 -0.2812519613093499 -0.18160010509851604
vn -0.6575867218704943 0.7533788320167777 -0.00019669431425528238
vn -0.7504102380498534 0.6370528670445605 -0.17620476503281066
vn -0.5105688213002316 -0.12307631104230907 -0.8509827850058478
vn -0.41568761878256255 0.3146044299851506 -0.8533626756687929
vn -0.41568761878256255 0.3146044299851506 -0.8533626756687929
vn -0.6459022373929776 0.13558749043306614 -0.7512831238413444
vn -0.6459022373929776 0.13558749043306614 -0.7512831238413444
vn -0.9925808846780532 -0.010255922817064134 -0.12115281019812695
vn -0.9925808846780532 -0.010255922817064134 -0.12115281019812695
vn -0.8247310692715756 -0.27693826542749755 -0.49307591760313396
vn -0.8997320370288651 -0.00733319794400865 -0.43638112442199334
vn -0.8997320370288651 -0.00733319794400865 -0.43638112442199334
vn -0.6453645788777507 0.5862541761521436 -0.4897046061393694
vn -0.9047039227034319 0.4084507886154851 -0.12115595538152933
vn -0.8208175757498466 0.3685397412452931 -0.43639084140595497
vn 1.1860155080256827e-9 0.9999999999999831 -1.8450194261276608e-7
vn 1.1860155080256827e-9 0.9999999999999831 -1.8450194261276608e-7
vn -5.94878051799044e-10 0.9660969667185619 -0.25817949356444575
vn -5.94878051799044e-10 0.9660969667185619 -0.25817949356444575
vn -3.1643520989795183e-8 0.2594817700272474 -0.9657480059640432
vn -3.1643520989795183e-8 0.2594817700272474 -0.9657480059640432
vn -3.449527574694854e-8 0 -0.9999999999999996
vn -3.449527574694854e-8 0 -0.9999999999999996
vn -8.001776777839839e-9 0.8673170067591365 -0.4977561750359025
vn -8.001776777839839e-9 0.8673170067591365 -0.4977561750359025
vn -2.451817174026087e-8 0.503257086595341 -0.8641367396376389
vn -2.451817174026087e-8 0.503257086595341 -0.8641367396376389
vn -2.451817174026087e-8 0.503257086595341 -0.8641367396376389
vn -2.451817174026087e-8 0.503257086595341 -0.8641367396376389
vn -0.5964113227466322 0.8026789691198253 -0.00008143922268607881
vn -0.5758670297420639 0.7738184564677939 -0.26378430674673164
vn -0.5758670297420639 0.7738184564677939 -0.26378430674673164
vn -0.1510731721900737 0.20431786183000772 -0.9671768752310211
vn -0.1510731721900737 0.20431786183000772 -0.9671768752310211
vn 6.947684760838496e-8 -1.6264123381404221e-9 -0.9999999999999976
vn -0.515027417831721 0.6925134641656359 -0.5051453858355044
vn -0.515027417831721 0.6925134641656359 -0.5051453858355044
vn -0.2955610368686784 0.3982924004281378 -0.8683356708360562
vn -0.2955610368686784 0.3982924004281378 -0.8683356708360562
vn -0.2955610368686784 0.3982924004281378 -0.8683356708360562
vn -0.2955610368686784 0.3982924004281378 -0.8683356708360562
vn -0.5206355233325112 0.8537790415817312 -2.4987175021067075e-7
vn -0.5029918383433472 0.8240382396107343 -0.26069175326278016
vn -0.5029918383433472 0.8240382396107343 -0.26069175326278016
vn -0.13335811672414585 0.21967802250909296 -0.9664146000192069
vn -0.13335811672414585 0.21967802250909296 -0.9664146000192069
vn -5.20709801943297e-8 1.4443945595132826e-8 -0.9999999999999987
vn -0.4505637842039186 0.7385541239160494 -0.5015277483952822
vn -0.4505637842039186 0.7385541239160494 -0.5015277483952822
vn -0.25963274533674624 0.42638286494475475 -0.8664805191291995
vn -0.25963274533674624 0.42638286494475475 -0.8664805191291995
vn -0.25963274533674624 0.42638286494475475 -0.8664805191291995
vn -0.25963274533674624 0.42638286494475475 -0.8664805191291995
vn -0.45350622757906395 0.8912531074540153 -7.534940221877041e-7
vn -0.4386998495570555 0.8603927662679592 -0.25935830380457453
vn -0.4386998495570555 0.8603927662679592 -0.25935830380457453
vn -0.11635821446923535 0.23070247737524024 -0.9660419933204035
vn -0.11635821446923535 0.23070247737524024 -0.9660419933204035
vn 5.285281567957149e-8 -1.0997194266337814e-8 -0.9999999999999987
vn -0.3933765851695903 0.772337667924786 -0.4987478209925484
vn -0.3933765851695903 0.772337667924786 -0.4987478209925484
vn -0.22750776598959072 0.44834341796476357 -0.8644237363597201
vn -0.22750776598959072 0.44834341796476357 -0.8644237363597201
vn -0.22750776598959072 0.44834341796476357 -0.8644237363597201
vn -0.22750776598959072 0.44834341796476357 -0.8644237363597201
vn -0.3837981495511553 0.923417013272196 -7.523468572185896e-7
vn -0.3711130850639802 0.8919911820954731 -0.25812169447416794
vn -0.3711130850639802 0.8919911820954731 -0.25812169447416794
vn -0.0991811792305681 0.23984037995052337 -0.9657327196650337
vn -0.0991811792305681 0.23984037995052337 -0.9657327196650337
vn 1.2174457730829057e-7 8.628920689090984e-9 -0.9999999999999927
vn -0.33291707831017253 0.8006706571653417 -0.49808906605529735
vn -0.33291707831017253 0.8006706571653417 -0.49808906605529735
vn -0.19263491049069834 0.4642526747813608 -0.8645005756033901
vn -0.19263491049069834 0.4642526747813608 -0.8645005756033901
vn -0.19263491049069834 0.4642526747813608 -0.8645005756033901
vn -0.19263491049069834 0.4642526747813608 -0.8645005756033901
vn -0.32614911335539676 0.9453183357246532 -5.105981917012644e-7
vn -0.3154364406142624 0.9132355699838363 -0.2578771910210411
vn -0.3154364406142624 0.9132355699838363 -0.2578771910210411
vn -0.08430606703202943 0.24571378037561942 -0.9656693146181631
vn -0.08430606703202943 0.24571378037561942 -0.9656693146181631
vn 2.220446049250313e-16 8.77051320458122e-9 -1
vn -0.2830203333559807 0.8199305724795394 -0.4976076237563535
vn -0.2830203333559807 0.8199305724795394 -0.4976076237563535
vn -0.16386174954319466 0.47580290889764515 -0.8641532959615338
vn -0.16386174954319466 0.47580290889764515 -0.8641532959615338
vn -0.16386174954319466 0.47580290889764515 -0.8641532959615338
vn -0.16386174954319466 0.47580290889764515 -0.8641532959615338
vn -0.2648043692039711 0.9643021549542422 0.0000010448565230654544
vn -0.25611705644131033 0.9316711917971362 -0.25766808839113686
vn -0.25611705644131033 0.9316711917971362 -0.25766808839113686
vn -0.06850619014825014 0.25081334304119335 -0.9656083931200435
vn -0.06850619014825014 0.25081334304119335 -0.9656083931200435
vn 2.220446049250313e-16 -1.5968458555448706e-8 -1
vn -0.22982022760922108 0.8365451963639073 -0.4973678693101492
vn -0.22982022760922108 0.8365451963639073 -0.4973678693101492
vn -0.13309377183526233 0.4855263738635588 -0.8640313583323044
vn -0.13309377183526233 0.4855263738635588 -0.8640313583323044
vn -0.13309377183526233 0.4855263738635588 -0.8640313583323044
vn -0.13309377183526233 0.4855263738635588 -0.8640313583323044
vn -0.20869539024908706 0.977980692083695 5.276734808505094e-7
vn -0.20177206224816635 0.9449442442573249 -0.25762067102830705
vn -0.20177206224816635 0.9449442442573249 -0.25762067102830705
vn -0.0540723016452478 0.25433651751653163 -0.9656029836596136
vn -0.0540723016452478 0.25433651751653163 -0.9656029836596136
vn 6.893848358835426e-8 1.5943456554978717e-9 -0.9999999999999978
vn -0.18104765015345162 0.8482640375434601 -0.49766441603190864
vn -0.18104765015345162 0.8482640375434601 -0.49766441603190864
vn -0.10481393294748632 0.4918187487127559 -0.8643658703782208
vn -0.10481393294748632 0.4918187487127559 -0.8643658703782208
vn -0.10481393294748632 0.4918187487127559 -0.8643658703782208
vn -0.10481393294748632 0.4918187487127559 -0.8643658703782208
vn -0.15083339079126462 0.9885591981375771 -3.349174066774921e-17
vn -0.14587517010953382 0.9551478577372061 -0.257707207127664
vn -0.14587517010953382 0.9551478577372061 -0.257707207127664
vn -0.039017774808090745 0.2569991445202641 -0.9656236601103337
vn -0.039017774808090745 0.2569991445202641 -0.9656236601103337
vn 1.4025313554988235e-7 -5.213096176959146e-9 -0.9999999999999902
vn -0.1308977191728406 0.8575867262587962 -0.4974040551303024
vn -0.1308977191728406 0.8575867262587962 -0.4974040551303024
vn -0.07580692593245282 0.49766415233450473 -0.8640507516702074
vn -0.07580692593245282 0.49766415233450473 -0.8640507516702074
vn -0.07580692593245282 0.49766415233450473 -0.8640507516702074
vn -0.07580692593245282 0.49766415233450473 -0.8640507516702074
vn -0.09540919755418359 0.9954381372148419 5.589344476251257e-7
vn -0.09221615495337297 0.9618027652992235 -0.25774332470188716
vn -0.09221615495337297 0.9618027652992235 -0.25774332470188716
vn -0.024735042306628693 0.2587495495118148 -0.9656276965319099
vn -0.024735042306628693 0.2587495495118148 -0.9656276965319099
vn 6.92759558607035e-8 0 -0.9999999999999976
vn -0.08273743116921042 0.8632176362094393 -0.4980058533998454
vn -0.08273743116921042 0.8632176362094393 -0.4980058533998454
vn -0.04788404899496997 0.5000995809620401 -0.8646430055077292
vn -0.04788404899496997 0.5000995809620401 -0.8646430055077292
vn -0.04788404899496997 0.5000995809620401 -0.8646430055077292
vn -0.04788404899496997 0.5000995809620401 -0.8646430055077292
vn -0.05152027680279077 0.9986719486789263 -1.1439799508303931e-17
vn -0.049769256965919946 0.9648780362794452 -0.2579406834266008
vn -0.049769256965919946 0.9648780362794452 -0.2579406834266008
vn -0.013372754567683503 0.25935521507636783 -0.9656894127243829
vn -0.013372754567683503 0.25935521507636783 -0.9656894127243829
vn 1.4450515117836306e-7 -1.9182543553597292e-8 -0.9999999999999893
vn -0.044655498835622746 0.865806819314006 -0.49838181954512123
vn -0.044655498835622746 0.865806819314006 -0.49838181954512123
vn -0.025849871448021356 0.50127166724115 -0.8649037517362256
vn -0.025849871448021356 0.50127166724115 -0.8649037517362256
vn -0.025849871448021356 0.50127166724115 -0.8649037517362256
vn -0.025849871448021356 0.50127166724115 -0.8649037517362256
vn 0.09299748074646076 -0.3195156346378716 -0.9430064834330515
vn 0.09299748074646076 -0.3195156346378716 -0.9430064834330515
vn 4.24315091951399e-8 -1.75687659975665e-8 -0.9999999999999991
vn 4.24315091951399e-8 -1.75687659975665e-8 -0.9999999999999991
vn 0.642782055775978 -0.7660491033689489 1.9262478537275425e-7
vn 0.5680030558115502 -0.8040373040544692 -0.17577412288946956
vn 0 -1 0
vn 0.08768551497576112 -0.9846523664299188 -0.15090052268761817
vn 0.2830350717521574 -0.4231670679939746 -0.8607094635959536
vn 0.04891374159925464 -0.5769451650472173 -0.8153169459856702
vn 0.04891374159925464 -0.5769451650472173 -0.8153169459856702
vn 0.22577170568791358 -0.666244791318089 -0.7107355450181777
vn 0.22577170568791358 -0.666244791318089 -0.7107355450181777
vn 0.4416268259535954 -0.8925897057918034 -0.09082600790882824
vn 0.5135187414075428 -0.7058030239623617 -0.48799650981210835
vn 0.5135187414075428 -0.7058030239623617 -0.48799650981210835
vn 0.41552429541726005 -0.8205573398559853 -0.39246045906111193
vn 0.41552429541726005 -0.8205573398559853 -0.39246045906111193
vn 0.41552429541726005 -0.8205573398559853 -0.39246045906111193
vn 0.05311286364715002 -0.9005565464071649 -0.4314822481150288
vn 0.05311286364715002 -0.9005565464071649 -0.4314822481150288
vn 0.05311286364715002 -0.9005565464071649 -0.4314822481150288
vn 0.2371681467846739 -0.9678786924833616 -0.08343924009374469
vn 0.1995851471769834 -0.9129392758790233 -0.35596017696341614
vn 0.1995851471769834 -0.9129392758790233 -0.35596017696341614
vn 0.1995851471769834 -0.9129392758790233 -0.35596017696341614
vn -6.98103759431574e-8 -0.25945046548197387 -0.9657564164742486
vn -6.98103759431574e-8 -0.25945046548197387 -0.9657564164742486
vn -3.4495279299662216e-8 0 -0.9999999999999996
vn -3.4495279299662216e-8 0 -0.9999999999999996
vn 1.186139741982018e-9 -0.999999999999797 -6.373058454299623e-7
vn 1.186139741982018e-9 -0.999999999999797 -6.373058454299623e-7
vn 2.362894194570142e-9 -0.9660854169388305 -0.25822270848654266
vn 2.362894194570142e-9 -0.9660854169388305 -0.25822270848654266
vn -3.6761835523964105e-8 -0.4978715408236864 -0.8672507877412663
vn -3.6761835523964105e-8 -0.4978715408236864 -0.8672507877412663
vn 1.112173187728547e-16 -0.8655177371087078 -0.5008782753825741
vn 1.112173187728547e-16 -0.8655177371087078 -0.5008782753825741
vn 1.112173187728547e-16 -0.8655177371087078 -0.5008782753825741
vn 1.112173187728547e-16 -0.8655177371087078 -0.5008782753825741
vn 0.1487021904170217 -0.20141898243349204 -0.968151874491103
vn 5.446718653878682e-8 7.584426420237366e-9 -0.9999999999999984
vn 0.5918249222806107 -0.8060665365634828 3.1743933005778847e-7
vn 0.5696191144009597 -0.7772208169956353 -0.26732352335270393
vn 0.5696191144009597 -0.7772208169956353 -0.26732352335270393
vn 0.28762275150109107 -0.39123880020210994 -0.8741883973351255
vn 0.5076117874351073 -0.6921519909640286 -0.5130846856625784
vn 0.5076117874351073 -0.6921519909640286 -0.5130846856625784
vn 0.5076117874351073 -0.6921519909640286 -0.5130846856625784
vn 0.5076117874351073 -0.6921519909640286 -0.5130846856625784
vn 0.1334382721769667 -0.21653835136714777 -0.9671118704191484
vn -6.703455546208643e-8 1.859468312659369e-8 -0.9999999999999976
vn 0.5214798642318323 -0.8532635883481432 1.1579179042971618e-16
vn 0.5022889980165723 -0.8236864819049937 -0.2631469969398896
vn 0.5022889980165723 -0.8236864819049937 -0.2631469969398896
vn 0.2561722386561473 -0.4182155411962442 -0.8714766464133338
vn 0.4487950285148117 -0.7352475165694978 -0.5079312077031447
vn 0.4487950285148117 -0.7352475165694978 -0.5079312077031447
vn 0.4487950285148117 -0.7352475165694978 -0.5079312077031447
vn 0.4487950285148117 -0.7352475165694978 -0.5079312077031447
vn 0.11582017679591873 -0.22958661595329172 -0.9663724294608563
vn 6.721960965627701e-8 -3.073318488588932e-9 -0.9999999999999978
vn 0.4474853005186315 -0.8942912868968104 4.4355207064035507e-7
vn 0.43137118065038543 -0.8637883035312626 -0.26036257639468097
vn 0.43137118065038543 -0.8637883035312626 -0.26036257639468097
vn 0.22179480191883416 -0.4422008454915641 -0.8690601118957947
vn 0.38620674979226016 -0.7726132943557166 -0.5038978505607115
vn 0.38620674979226016 -0.7726132943557166 -0.5038978505607115
vn 0.38620674979226016 -0.7726132943557166 -0.5038978505607115
vn 0.38620674979226016 -0.7726132943557166 -0.5038978505607115
vn 0.09876760608100241 -0.23917719159214684 -0.9659395586738962
vn 1.218099472399805e-7 1.0797094773806669e-8 -0.9999999999999927
vn 0.379089151428824 -0.9253601543555278 2.96431157064165e-7
vn 0.36560736565628155 -0.894071482177912 -0.2587806772811019
vn 0.36560736565628155 -0.894071482177912 -0.2587806772811019
vn 0.18887578589048717 -0.45993843931697054 -0.8676304337348479
vn 0.3277088750848617 -0.8006494629245656 -0.501564881854002
vn 0.3277088750848617 -0.8006494629245656 -0.501564881854002
vn 0.3277088750848617 -0.8006494629245656 -0.501564881854002
vn 0.3277088750848617 -0.8006494629245656 -0.501564881854002
vn 0.08367336943375653 -0.24563846474981418 -0.9657435021179053
vn 2.220446049250313e-16 7.2782557758444e-9 -1
vn 0.3207913668371334 -0.9471498819947521 -3.0124178637755867e-7
vn 0.30960322897427867 -0.9151625187133419 -0.2581151001994119
vn 0.30960322897427867 -0.9151625187133419 -0.2581151001994119
vn 0.1603513509123657 -0.47256267073379704 -0.8665863872052921
vn 0.27766891838101265 -0.8202129461868005 -0.5001506719706446
vn 0.27766891838101265 -0.8202129461868005 -0.5001506719706446
vn 0.27766891838101265 -0.8202129461868005 -0.5001506719706446
vn 0.27766891838101265 -0.8202129461868005 -0.5001506719706446
vn 0.06896439508974815 -0.25038899407443377 -0.9656859033124064
vn 2.2204460492503126e-16 -2.0146105228491248e-8 -0.9999999999999998
vn 0.26381522956033604 -0.9645732344679361 -3.020447824873288e-7
vn 0.25454329043471213 -0.9320450508248689 -0.2578754283128531
vn 0.25454329043471213 -0.9320450508248689 -0.2578754283128531
vn 0.13183420773944576 -0.48095669895229404 -0.8667758622634949
vn 0.22829962552367483 -0.835268590535928 -0.5002056203701377
vn 0.22829962552367483 -0.835268590535928 -0.5002056203701377
vn 0.22829962552367483 -0.835268590535928 -0.5002056203701377
vn 0.22829962552367483 -0.835268590535928 -0.5002056203701377
vn 0.05422562904399688 -0.2541663254264297 -0.965639197720354
vn 6.153038634160158e-8 1.423018036739163e-9 -0.9999999999999982
vn 0.20767719413974714 -0.9781974151643632 4.611360052469918e-17
vn 0.20049183411682645 -0.9451882893526837 -0.2577248962033321
vn 0.20049183411682645 -0.9451882893526837 -0.2577248962033321
vn 0.10395163061355324 -0.4888150282847757 -0.8661719959775526
vn 0.17985877063815148 -0.8474243723429407 -0.4995225278040081
vn 0.17985877063815148 -0.8474243723429407 -0.4995225278040081
vn 0.17985877063815148 -0.8474243723429407 -0.4995225278040081
vn 0.17985877063815148 -0.8474243723429407 -0.4995225278040081
vn 0.03944146427410484 -0.2568223342444185 -0.9656534883327262
vn 1.2961844242376122e-7 -5.341485920240485e-9 -0.9999999999999916
vn 0.1508638198531819 -0.988554554821992 3.349849727678087e-17
vn 0.1455861700321627 -0.9551711174987746 -0.2577844126232393
vn 0.1455861700321627 -0.9551711174987746 -0.2577844126232393
vn 0.07541364706295722 -0.49315541888454634 -0.866666322561037
vn 0.13058090237170467 -0.856096686716582 -0.5000470887113351
vn 0.13058090237170467 -0.856096686716582 -0.5000470887113351
vn 0.13058090237170467 -0.856096686716582 -0.5000470887113351
vn 0.13058090237170467 -0.856096686716582 -0.5000470887113351
vn 0.024728843604276577 -0.25868132356876167 -0.9656461345289531
vn 7.238275423482301e-8 0 -0.9999999999999973
vn 0.09478189981672033 -0.9954980620102363 -9.984829013408905e-7
vn 0.09152100058491705 -0.9618673734889545 -0.2577499995526592
vn 0.09152100058491705 -0.9618673734889545 -0.2577499995526592
vn 0.047445071380969955 -0.49759087489658144 -0.8661133219280889
vn 0.08209953386705034 -0.8624262139741624 -0.49948042202773607
vn 0.08209953386705034 -0.8624262139741624 -0.49948042202773607
vn 0.08209953386705034 -0.8624262139741624 -0.49948042202773607
vn 0.08209953386705034 -0.8624262139741624 -0.49948042202773607
vn 0.01304920081102021 -0.25933357482006697 -0.9656996506829845
vn 1.4449248930681182e-7 -1.9175955046079957e-8 -0.9999999999999893
vn 0.05022315234049687 -0.9987380211887257 -0.0000010059274259795454
vn 0.048533511395536466 -0.9649319698736384 -0.25797440141882144
vn 0.025112820873186514 -0.49913662838936446 -0.8661593227737543
vn 0.04351865006939481 -0.8651330682526546 -0.4996507793568278
vn 0.04351865006939481 -0.8651330682526546 -0.4996507793568278
vn -0.13052621823454208 1.0081600442937882e-8 -0.9914448579489374
vn -0.991445202412966 1.0890434770526349e-8 -0.1305236017443315
vn -0.5000000514340684 9.278054617298993e-9 -0.8660253740889634
vn -0.8660267213894837 1.3957949815010836e-8 -0.49999771783417324
vn -0.991445202412966 1.0890434770526349e-8 -0.1305236017443315
vn -0.13052621823454208 1.0081600442937882e-8 -0.9914448579489374
vn -0.8660267213894837 1.3957949815010836e-8 -0.49999771783417324
vn -0.5000000514340684 9.278054617298993e-9 -0.8660253740889634
vn 0.13052629147097858 9.970962634515516e-9 -0.9914448483071728
vn 0.991445202412966 8.736674134153595e-9 -0.13052360174433106
vn 0.5000000514340689 9.93134358509289e-9 -0.8660253740889632
vn 0.8660267213894839 1.2514137597665583e-8 -0.4999977178341729
vn 0.991445202412966 8.736674134153595e-9 -0.13052360174433106
vn 0.13052629147097858 9.970962634515516e-9 -0.9914448483071728
vn 0.8660267213894839 1.2514137597665583e-8 -0.4999977178341729
vn 0.5000000514340689 9.93134358509289e-9 -0.8660253740889632
vn -0.008400731167847281 0.25942678430283866 -0.9657262403508222
vn -0.008400731167847281 0.25942678430283866 -0.9657262403508222
vn -8.397842421459245e-10 -1.0222636959156262e-8 -1
vn -0.032313988343802225 0.9994777667148562 -7.175146775351632e-18
vn -0.03119893525996495 0.9656151452627229 -0.2580969152816339
vn -0.03119893525996495 0.9656151452627229 -0.2580969152816339
vn -0.016245437636001524 0.5023512793892846 -0.8645110050496544
vn -0.016245437636001524 0.5023512793892846 -0.8645110050496544
vn -0.016245437636001524 0.5023512793892846 -0.8645110050496544
vn -0.016245437636001524 0.5023512793892846 -0.8645110050496544
vn -0.028007026869926857 0.8666780624480168 -0.4980810601872536
vn -0.028007026869926857 0.8666780624480168 -0.4980810601872536
vn -0.16498390493732965 0.19776162992565624 -0.9662663446694074
vn -0.16498390493732965 0.19776162992565624 -0.9662663446694074
vn 1.1052100767905346e-7 -1.2815687178146993e-8 -0.9999999999999938
vn 1.1052100767905346e-7 -1.2815687178146993e-8 -0.9999999999999938
vn 1.1052100767905346e-7 -1.2815687178146993e-8 -0.9999999999999938
vn -0.6351681883662936 0.772373834450516 -0.00017984350729442436
vn -0.6112480480443866 0.7458075540369846 -0.26485263091632233
vn -0.6112480480443866 0.7458075540369846 -0.26485263091632233
vn -0.3186879303219419 0.38555989800711177 -0.8658992828937224
vn -0.3186879303219419 0.38555989800711177 -0.8658992828937224
vn -0.3186879303219419 0.38555989800711177 -0.8658992828937224
vn -0.3186879303219419 0.38555989800711177 -0.8658992828937224
vn -0.5483071950401321 0.6676450420222525 -0.5035963837542197
vn -0.5483071950401321 0.6676450420222525 -0.5035963837542197
vn -0.14159277174775486 0.2130298181502218 -0.9667314950738244
vn -0.14159277174775486 0.2130298181502218 -0.9667314950738244
vn 2.2204460492503126e-16 2.3071040189392982e-8 -0.9999999999999998
vn -0.5566436673829093 0.8307513632625017 -1.2359972320805862e-16
vn -0.5379263195848393 0.8012344886692548 -0.26202780170208473
vn -0.5379263195848393 0.8012344886692548 -0.26202780170208473
vn -0.2774699571430827 0.4151370440195747 -0.8664130986808231
vn -0.2774699571430827 0.4151370440195747 -0.8664130986808231
vn -0.2774699571430827 0.4151370440195747 -0.8664130986808231
vn -0.2774699571430827 0.4151370440195747 -0.8664130986808231
vn -0.48166209763674744 0.7181593972823914 -0.5022436697412529
vn -0.48166209763674744 0.7181593972823914 -0.5022436697412529
vn -0.1265461001113701 0.22419831215086067 -0.9662925030110233
vn -0.1265461001113701 0.22419831215086067 -0.9662925030110233
vn -6.675760721996923e-8 8.222937331048267e-10 -0.9999999999999978
vn -0.4935614717011067 0.8697109138395756 -7.538591759051359e-7
vn -0.47698070247411833 0.8395000458297593 -0.2602481172249446
vn -0.47698070247411833 0.8395000458297593 -0.2602481172249446
vn -0.24659440244041608 0.4352804549319389 -0.8658649584313355
vn -0.24659440244041608 0.4352804549319389 -0.8658649584313355
vn -0.24659440244041608 0.4352804549319389 -0.8658649584313355
vn -0.24659440244041608 0.4352804549319389 -0.8658649584313355
vn -0.4274178415377461 0.7527646965664252 -0.5006588662337579
vn -0.4274178415377461 0.7527646965664252 -0.5006588662337579
vn -0.10638191958189536 0.23647850000888684 -0.9657954266922255
vn -0.10638191958189536 0.23647850000888684 -0.9657954266922255
vn 1.2070543697895088e-7 1.460586407375775e-8 -0.9999999999999927
vn -0.4124195707850846 0.9109940162442791 -7.515144187570308e-7
vn -0.39886722716043504 0.8798596305075286 -0.25836401781304796
vn -0.39886722716043504 0.8798596305075286 -0.25836401781304796
vn -0.20701029375584326 0.458191979317298 -0.8644112726986015
vn -0.20701029375584326 0.458191979317298 -0.8644112726986015
vn -0.20701029375584326 0.458191979317298 -0.8644112726986015
vn -0.20701029375584326 0.458191979317298 -0.8644112726986015
vn -0.35778218009804724 0.7898325810175917 -0.4981529941367188
vn -0.35778218009804724 0.7898325810175917 -0.4981529941367188
vn -0.09202952335129563 0.2427771297722361 -0.965706907964983
vn -0.09202952335129563 0.2427771297722361 -0.965706907964983
vn 6.719697887014304e-8 1.7911769845113625e-8 -0.9999999999999976
vn -0.35621435001451923 0.9344042684211535 -2.5021526934763954e-7
vn -0.34450208703882934 0.9026269613447692 -0.25803658786962635
vn -0.34450208703882934 0.9026269613447692 -0.25803658786962635
vn -0.17891316083902764 0.4701805404372026 -0.8642455323996581
vn -0.17891316083902764 0.4701805404372026 -0.8642455323996581
vn -0.17891316083902764 0.4701805404372026 -0.8642455323996581
vn -0.17891316083902764 0.4701805404372026 -0.8642455323996581
vn -0.3090763032594983 0.810357257039005 -0.4977880620582043
vn -0.3090763032594983 0.810357257039005 -0.4977880620582043
vn -0.07634164696105412 0.2484391783911024 -0.9656344689268439
vn -0.07634164696105412 0.2484391783911024 -0.9656344689268439
vn 2.220446049250313e-16 4.35223368455695e-9 -1
vn -0.295280319699676 0.9554106618611667 -2.5399022173997044e-7
vn -0.28561092994082365 0.923033311124741 -0.2577516309403975
vn -0.28561092994082365 0.923033311124741 -0.2577516309403975
vn -0.1484161908269774 0.4811160845831788 -0.8640022844042495
vn -0.1484161908269774 0.4811160845831788 -0.8640022844042495
vn -0.1484161908269774 0.4811160845831788 -0.8640022844042495
vn -0.1484161908269774 0.4811160845831788 -0.8640022844042495
vn -0.25627982281422057 0.8288091908833929 -0.49738916104548087
vn -0.25627982281422057 0.8288091908833929 -0.49738916104548087
vn -0.060629747460299074 0.2529013129629806 -0.9655904720037893
vn -0.060629747460299074 0.2529013129629806 -0.9655904720037893
vn 6.075935510274621e-8 -2.2986917258549464e-8 -0.999999999999998
vn -0.23439146928247176 0.9721422936617214 0.0000013159790537836784
vn -0.22672656216138473 0.9392743701033194 -0.25760187048523653
vn -0.22672656216138473 0.9392743701033194 -0.25760187048523653
vn -0.1178473928162321 0.4896853365518281 -0.8638982944609508
vn -0.1178473928162321 0.4896853365518281 -0.8638982944609508
vn -0.1178473928162321 0.4896853365518281 -0.8638982944609508
vn -0.1178473928162321 0.4896853365518281 -0.8638982944609508
vn -0.20345729991322128 0.8434442426626416 -0.4971990915430805
vn -0.20345729991322128 0.8434442426626416 -0.4971990915430805
vn -0.04718157816638758 0.25560193143729215 -0.9656301317415769
vn -0.04718157816638758 0.25560193143729215 -0.9656301317415769
vn 1.2854110331694707e-7 -1.739638100239901e-9 -0.9999999999999918
vn -0.18243528320645233 0.983217863670805 -4.0508770383962907e-17
vn -0.17644595002361402 0.9499695306222223 -0.2577299315362092
vn -0.17644595002361402 0.9499695306222223 -0.2577299315362092
vn -0.09171130243875776 0.49511449102196553 -0.8639737714682354
vn -0.09171130243875776 0.49511449102196553 -0.8639737714682354
vn -0.09171130243875776 0.49511449102196553 -0.8639737714682354
vn -0.09171130243875776 0.49511449102196553 -0.8639737714682354
vn -0.15833488495405407 0.8529837936935721 -0.49734164505167683
vn -0.15833488495405407 0.8529837936935721 -0.49734164505167683
vn -0.03080204818805374 0.25813279510261367 -0.9656182961812253
vn -0.03080204818805374 0.25813279510261367 -0.9656182961812253
vn 2.220446049250313e-16 -3.569091910904376e-9 -1
vn -0.11913941703720018 0.9928775348993065 5.589969259502166e-7
vn -0.11524054425730572 0.9593253150379932 -0.25771021882442896
vn -0.11524054425730572 0.9593253150379932 -0.25771021882442896
vn -0.05988833315669322 0.5000126057038973 -0.8639448950534472
vn -0.05988833315669322 0.5000126057038973 -0.8639448950534472
vn -0.05988833315669322 0.5000126057038973 -0.8639448950534472
vn -0.05988833315669322 0.5000126057038973 -0.8639448950534472
vn -0.10340790616317506 0.8613940019390963 -0.4972998877601884
vn -0.10340790616317506 0.8613940019390963 -0.4972998877601884
vn -0.01888778045003131 0.25909530901509786 -0.9656670609459777
vn -0.01888778045003131 0.25909530901509786 -0.9656670609459777
vn 1.4175053331122313e-7 -8.809927010133746e-9 -0.99999999999999
vn -0.07291784543999258 0.9973379506548367 -1.6191014182707648e-17
vn -0.0704839946624542 0.9636094783173377 -0.2578541831993644
vn -0.0704839946624542 0.9636094783173377 -0.2578541831993644
vn -0.03665251519705961 0.5018490960462466 -0.8641782674467662
vn -0.03665251519705961 0.5018490960462466 -0.8641782674467662
vn -0.03665251519705961 0.5018490960462466 -0.8641782674467662
vn -0.03665251519705961 0.5018490960462466 -0.8641782674467662
vn -0.06325536074464018 0.865088442752792 -0.4976150576023749
vn -0.06325536074464018 0.865088442752792 -0.4976150576023749
vn 0.031636526771909035 -0.9994994398061448 -0.0000010065984347986482
vn 0.030576962918205622 -0.9656351197728889 -0.2580966191175264
vn 0.030576962918205622 -0.9656351197728889 -0.2580966191175264
vn 0.008208068072368459 -0.2594271297378335 -0.9657278042877863
vn 7.467473306377315e-10 -1.0333464750544863e-8 -1
vn 0.027416877804723103 -0.8658509978592936 -0.49955016196324703
vn 0.027416877804723103 -0.8658509978592936 -0.49955016196324703
vn 0.027416877804723103 -0.8658509978592936 -0.49955016196324703
vn 0.027416877804723103 -0.8658509978592936 -0.49955016196324703
vn 0.015822582845268187 -0.4998064034579283 -0.8659926125173096
vn 0.6274001016116494 -0.7786970607993997 2.605603172617789e-7
vn 0.601695720914879 -0.7489305791066675 -0.2776062807496896
vn 0.601695720914879 -0.7489305791066675 -0.2776062807496896
vn 0.16048069117946562 -0.19931074392419826 -0.966706354129807
vn 0.16048069117946562 -0.19931074392419826 -0.966706354129807
vn 7.007412983206487e-8 -3.448093721658542e-8 -0.9999999999999971
vn 7.007412983206487e-8 -3.448093721658542e-8 -0.9999999999999971
vn 0.5348534035940207 -0.6660689771273407 -0.5198884056914805
vn 0.5348534035940207 -0.6660689771273407 -0.5198884056914805
vn 0.5348534035940207 -0.6660689771273407 -0.5198884056914805
vn 0.5348534035940207 -0.6660689771273407 -0.5198884056914805
vn 0.304068178705208 -0.37864267921559885 -0.8741694710840291
vn 0.304068178705208 -0.37864267921559885 -0.8741694710840291
vn 0.5591442684332518 -0.8290703752265064 1.53161239087951e-7
vn 0.5387549533735708 -0.7996776609366079 -0.2650636504962485
vn 0.5387549533735708 -0.7996776609366079 -0.2650636504962485
vn 0.14159703321694384 -0.2091798572112346 -0.9675712209037881
vn 2.220446049250313e-16 1.805161709000913e-8 -1
vn 0.4809624572289753 -0.7135728184507618 -0.5094005766629073
vn 0.4809624572289753 -0.7135728184507618 -0.5094005766629073
vn 0.4809624572289753 -0.7135728184507618 -0.5094005766629073
vn 0.4809624572289753 -0.7135728184507618 -0.5094005766629073
vn 0.2740570621270816 -0.40595381261661073 -0.8718338309106333
vn 0.48300600419636663 -0.8756170395271197 1.4913626159682798e-7
vn 0.4658113149620782 -0.8453713219943372 -0.261471120399264
vn 0.4658113149620782 -0.8453713219943372 -0.261471120399264
vn 0.1241588297042761 -0.22401265991617772 -0.9666451847517494
vn -5.233260913506392e-8 -8.030504261569139e-9 -0.9999999999999987
vn 0.41683622433824813 -0.7560514073649234 -0.5046125558296707
vn 0.41683622433824813 -0.7560514073649234 -0.5046125558296707
vn 0.41683622433824813 -0.7560514073649234 -0.5046125558296707
vn 0.41683622433824813 -0.7560514073649234 -0.5046125558296707
vn 0.2391612063895309 -0.43292596595467736 -0.8691242864864116
vn 0.4122389544132774 -0.9110757621977228 2.943160446691685e-7
vn 0.3977833227254315 -0.8800437089833436 -0.25940604935189004
vn 0.3977833227254315 -0.8800437089833436 -0.25940604935189004
vn 0.10688242425227716 -0.23502674790259614 -0.9660944959766026
vn 1.2087002709826235e-7 1.1519574627527533e-8 -0.9999999999999927
vn 0.3564584834518798 -0.7881385584096897 -0.5017718229664577
vn 0.3564584834518798 -0.7881385584096897 -0.5017718229664577
vn 0.3564584834518798 -0.7881385584096897 -0.5017718229664577
vn 0.3564584834518798 -0.7881385584096897 -0.5017718229664577
vn 0.20536635535714787 -0.4531288054345756 -0.8674669709981795
vn 0.34678831196453996 -0.9379434240319068 2.963785151504733e-7
vn 0.33475042952879747 -0.9062335107620705 -0.25823046664198596
vn 0.33475042952879747 -0.9062335107620705 -0.25823046664198596
vn 0.09034200334254046 -0.24314302556396342 -0.9657741928378798
vn 5.463014596251972e-8 1.7565170651323543e-8 -0.9999999999999984
vn 0.30021634280961507 -0.8122652445992959 -0.5000953108419091
vn 0.30021634280961507 -0.8122652445992959 -0.5000953108419091
vn 0.30021634280961507 -0.8122652445992959 -0.5000953108419091
vn 0.30021634280961507 -0.8122652445992959 -0.5000953108419091
vn 0.17338649190486724 -0.4681767622015369 -0.8664569485897202
vn 0.29479813609324684 -0.9555595528043157 -6.032314565195868e-7
vn 0.28460353938924404 -0.9232699010023341 -0.2580184397872668
vn 0.28460353938924404 -0.9232699010023341 -0.2580184397872668
vn 0.07684723859487862 -0.24796090460631112 -0.9657172938842722
vn 2.220446049250313e-16 5.146717718673699e-9 -1
vn 0.2552745944951931 -0.8276719698332381 -0.4997939493007913
vn 0.2552745944951931 -0.8276719698332381 -0.4997939493007913
vn 0.2552745944951931 -0.8276719698332381 -0.4997939493007913
vn 0.2552745944951931 -0.8276719698332381 -0.4997939493007913
vn 0.14748281095438945 -0.47730190230466923 -0.8662746184261293
vn 0.23259038169378515 -0.9725747859900231 5.164543941255876e-17
vn 0.2245601384672047 -0.939771698868854 -0.257685657762976
vn 0.2245601384672047 -0.939771698868854 -0.257685657762976
vn 0.0607272325992395 -0.25274213178559735 -0.9656260239043423
vn 6.964080534466159e-8 -1.967211815667719e-8 -0.9999999999999973
vn 0.2014668049827442 -0.8426559176322722 -0.4993416976073181
vn 0.2014668049827442 -0.8426559176322722 -0.4993416976073181
vn 0.2014668049827442 -0.8426559176322722 -0.4993416976073181
vn 0.2014668049827442 -0.8426559176322722 -0.4993416976073181
vn 0.11647857961270287 -0.48626578837929924 -0.8660128887858805
vn 0.18247398707052453 -0.9832106814119678 4.051736436816989e-17
vn 0.17618925306073924 -0.9500058974238558 -0.2577714917631374
vn 0.17618925306073924 -0.9500058974238558 -0.2577714917631374
vn 0.047605514088211676 -0.2554396069381323 -0.9656522781186246
vn 1.4100702139252379e-7 -1.9083481461734474e-9 -0.99999999999999
vn 0.15805273101830183 -0.8517876245712251 -0.4994769032147192
vn 0.15805273101830183 -0.8517876245712251 -0.4994769032147192
vn 0.15805273101830183 -0.8517876245712251 -0.4994769032147192
vn 0.15805273101830183 -0.8517876245712251 -0.4994769032147192
vn 0.09134438473978992 -0.4914567980545174 -0.8660983887656821
vn 0.11914896000962039 -0.9928763897527817 -3.291184515920719e-7
vn 0.11503929202278027 -0.9593523346431683 -0.2576995523969721
vn 0.11503929202278027 -0.9593523346431683 -0.2576995523969721
vn 0.031106968337611177 -0.2580519091785378 -0.965630140732027
vn 2.220446049250313e-16 -3.3401614807360147e-9 -1
vn 0.10320799096515923 -0.8602203142282837 -0.49936872307937796
vn 0.10320799096515923 -0.8602203142282837 -0.49936872307937796
vn 0.10320799096515923 -0.8602203142282837 -0.49936872307937796
vn 0.10320799096515923 -0.8602203142282837 -0.49936872307937796
vn 0.059666730672205785 -0.49641558582444695 -0.8660320129195349
vn 0.0717800628198279 -0.9974204843397658 -0.0000010042576777331796
vn 0.06933206308906135 -0.9636949881657831 -0.25784692127688
vn 0.06933206308906135 -0.9636949881657831 -0.25784692127688
vn 0.018696400248936873 -0.2591104664205343 -0.9656667182879737
vn 1.4175232387891724e-7 -8.990459043900411e-9 -0.99999999999999
vn 0.06218764181698765 -0.8641027802344142 -0.499458789487579
vn 0.06218764181698765 -0.8641027802344142 -0.499458789487579
vn 0.06218764181698765 -0.8641027802344142 -0.499458789487579
vn 0.06218764181698765 -0.8641027802344142 -0.499458789487579
vn 0.03592652852926057 -0.4986870324140315 -0.8660372556939585
vn -0.13043597874703317 0.000008205669781763541 -0.9914567339934559
vn -0.9914560270711492 0.000006770717358902324 -0.1304413521029658
vn -0.499938370280902 -0.000007756654228529642 -0.866060982760862
vn -0.8660584452995882 -0.00000922942829167369 -0.4999427659643431
vn -0.129640463987943 -0.9830499058841021 -0.12963885466266975
vn -0.9830485836191482 -0.1296420648268138 -0.12964728023305033
vn -0.12964516982414787 -0.12964154884236506 -0.9830489299902728
vn -0.49158286684660224 -0.8623025949580022 -0.12157516091526034
vn -0.12157229742145174 -0.8622998952233052 -0.4915883106803362
vn -0.4473471075961498 -0.77444094946927 -0.44734973020053803
vn -0.8623028255245999 -0.12157392205892989 -0.4915827687861941
vn -0.8623013464630708 -0.491584150172206 -0.12157882705243252
vn -0.8623013464630708 -0.491584150172206 -0.12157882705243252
vn -0.7744392044951908 -0.44735261152967437 -0.4473472471117221
vn -0.7744392044951908 -0.44735261152967437 -0.4473472471117221
vn -0.12157389735606293 -0.4915890773711204 -0.862299232570149
vn -0.12157389735606293 -0.4915890773711204 -0.862299232570149
vn -0.49158437078900086 -0.12158233195265684 -0.86230072651769
vn -0.44735336848824736 -0.4473560506972951 -0.7744336818648434
vn -0.44735336848824736 -0.4473560506972951 -0.7744336818648434
vn 4.424681527193098e-8 -0.130430451977399 -0.9914574611131682
vn 4.424681527193098e-8 -0.130430451977399 -0.9914574611131682
vn 5.531161268591715e-9 -0.9914574302817489 -0.13043068633995156
vn 5.531161268591715e-9 -0.9914574302817489 -0.13043068633995156
vn 3.6645885991406056e-8 -0.49991827485148055 -0.8660725826797186
vn 3.6645885991406056e-8 -0.49991827485148055 -0.8660725826797186
vn 3.6645885991406056e-8 -0.49991827485148055 -0.8660725826797186
vn 3.6645885991406056e-8 -0.49991827485148055 -0.8660725826797186
vn 2.119604398548086e-8 -0.8660739466508054 -0.4999159118618825
vn 2.119604398548086e-8 -0.8660739466508054 -0.4999159118618825
vn 4.155669016228057e-8 -0.13043404372545617 -0.9914569885967943
vn 4.155669016228057e-8 -0.13043404372545617 -0.9914569885967943
vn 5.7151376762080425e-9 -0.9914557252438233 -0.13044364638128098
vn 5.7151376762080425e-9 -0.9914557252438233 -0.13044364638128098
vn 3.7524186312351524e-8 -0.4999234995150553 -0.8660695668551224
vn 3.7524186312351524e-8 -0.4999234995150553 -0.8660695668551224
vn 3.7524186312351524e-8 -0.4999234995150553 -0.8660695668551224
vn 3.7524186312351524e-8 -0.4999234995150553 -0.8660695668551224
vn 2.2722965882911248e-8 -0.866068620810465 -0.49992513844320585
vn 2.2722965882911248e-8 -0.866068620810465 -0.49992513844320585
vn -0.12959514558198273 -0.12964014708878796 -0.9830557107836677
vn -0.1296484484455407 -0.9830481516847407 -0.12964417181223165
vn -0.9830577572322993 -0.12963366770661283 -0.12958610319912034
vn -0.12157429809118016 -0.4915882662542609 -0.8622996384811759
vn -0.12157429809118016 -0.4915882662542609 -0.8622996384811759
vn -0.491541990166282 -0.12156980710141252 -0.8623266515101432
vn -0.44734408137895276 -0.4473507272962075 -0.7744421215576895
vn -0.44734408137895276 -0.4473507272962075 -0.7744421215576895
vn -0.4915800316358342 -0.8623047933305023 -0.12157103230684638
vn -0.12157920743349879 -0.8622986074967525 -0.4915888605623645
vn -0.4473394417452381 -0.7744486349587585 -0.4473440909071836
vn -0.8623249809245268 -0.121567304425429 -0.49154553987219685
vn -0.8623005032995303 -0.49158766188730985 -0.12157060783571236
vn -0.8623005032995303 -0.49158766188730985 -0.12157060783571236
vn -0.7744316865432676 -0.44736229279770595 -0.4473505804852941
vn -0.7744316865432676 -0.44736229279770595 -0.4473505804852941
vn 5.4659632750779405e-9 0.9914594098647855 -0.13041563782986726
vn 5.4659632750779405e-9 0.9914594098647855 -0.13041563782986726
vn 4.266057508281645e-8 0.13043404372545617 -0.9914569885967943
vn 4.266057508281645e-8 0.13043404372545617 -0.9914569885967943
vn 2.075518222885028e-8 0.8660765742871408 -0.49991135961393224
vn 2.075518222885028e-8 0.8660765742871408 -0.49991135961393224
vn 2.075518222885028e-8 0.8660765742871408 -0.49991135961393224
vn 2.075518222885028e-8 0.8660765742871408 -0.49991135961393224
vn 3.694488230753107e-8 0.4999127423017451 -0.8660757761791674
vn 3.694488230753107e-8 0.4999127423017451 -0.8660757761791674
vn -0.12959581730438827 0.12964166817779554 -0.9830554216366877
vn -0.9830576925826174 0.12963375644830352 -0.1295865048654449
vn -0.1296400508481283 0.9830509501973441 -0.12963134857044994
vn -0.4915427370378048 0.12157278762268021 -0.8623258055833849
vn -0.12157462816052254 0.49158156980536133 -0.8623034094884046
vn -0.4473447836519687 0.44734627376810054 -0.7744442884321433
vn -0.4473447836519687 0.44734627376810054 -0.7744442884321433
vn -0.8623034429999115 0.4915826319908075 -0.1215700954819431
vn -0.8623251005936268 0.12156790053667807 -0.49154518250644647
vn -0.7744346862757018 0.4473553899234914 -0.44735229048196096
vn -0.12157627670316405 0.8623006748484084 -0.4915859590132482
vn -0.12157627670316405 0.8623006748484084 -0.4915859590132482
vn -0.49157791343959384 0.8623058696265193 -0.12157196315774242
vn -0.49157791343959384 0.8623058696265193 -0.12157196315774242
vn -0.4473416100403151 0.7744427731001345 -0.4473520706552189
vn -0.4473416100403151 0.7744427731001345 -0.4473520706552189
vn -0.4473416100403151 0.7744427731001345 -0.4473520706552189
vn 0.13052477430727916 0 -0.9914450480445367
vn 0.9914458488991034 0 -0.1305186910014663
vn 0.49999574877552466 0 -0.8660278582161213
vn 0.8660274590973696 0 -0.49999644007668087
vn 0.9914458488991034 0 -0.1305186910014663
vn 0.13052477430727916 0 -0.9914450480445367
vn 0.8660274590973696 0 -0.49999644007668087
vn 0.49999574877552466 0 -0.8660278582161213
vn -0.13052556604044047 0 -0.9914449438117189
vn -0.991445881781707 0 -0.130518441218448
vn -0.4999959533998586 0 -0.8660277400775142
vn -0.8660272982519822 0 -0.49999671867160533
vn -0.991445881781707 0 -0.130518441218448
vn -0.13052556604044047 0 -0.9914449438117189
vn -0.8660272982519822 0 -0.49999671867160533
vn -0.4999959533998586 0 -0.8660277400775142
vn 0.9049172231870429 -0.42558761633704956 2.0093198731242333e-16
vn 0.8299648146819802 -0.5274146783273306 -0.18163745063941147
vn 0 -1 0
vn 0.145312516456802 -0.979257574017876 -0.14120508591979156
vn 0.17268592046240008 -0.29323375101146787 -0.9403156598407783
vn 2.220446049250313e-16 -9.904892017686961e-9 -1
vn 0.6855881004910324 -0.7190776247871264 -0.11356199186172562
vn 0.7479344735436261 -0.44809726062939165 -0.4896967105274999
vn 0.6235408086830035 -0.6645170939597547 -0.4118420713601619
vn 0.10064583482782563 -0.89812220338026 -0.42807350271559286
vn 0.10064583482782563 -0.89812220338026 -0.42807350271559286
vn 0.3795544038753095 -0.9202851244926841 -0.09494074012953205
vn 0.3795544038753095 -0.9202851244926841 -0.09494074012953205
vn 0.34988612198246943 -0.8579182688980084 -0.37623921318107306
vn 0.34988612198246943 -0.8579182688980084 -0.37623921318107306
vn 0.34988612198246943 -0.8579182688980084 -0.37623921318107306
vn 0.43400472779648974 -0.31321430478428813 -0.8447110130268162
vn 0.10566482180186157 -0.5735246856842002 -0.812344988502065
vn 0.3758123262018318 -0.5946137973163927 -0.7107738933836469
vn 0.3758123262018318 -0.5946137973163927 -0.7107738933836469
vn 0.2815605973234854 0.05829146453049647 -0.9577712332272942
vn 2.220446049250313e-16 -9.904892017686961e-9 -1
vn 0.6575869753107353 0.753378610808112 -0.0001966685473069788
vn 0.7504179350601906 0.6370437127395867 -0.17620508164909007
vn 0.9049172231870429 -0.42558761633704956 2.0093198731242333e-16
vn 0.9422764039599658 -0.28125774435063927 -0.18168450617228132
vn 0.4156880045427982 0.3146087798603139 -0.8533608841012289
vn 0.4156880045427982 0.3146087798603139 -0.8533608841012289
vn 0.5080596481995392 -0.12164964499461187 -0.8526879603606734
vn 0.6459031184918991 0.13559818435513696 -0.7512804362699924
vn 0.6459031184918991 0.13559818435513696 -0.7512804362699924
vn 0.9047081692208432 0.4084414372726662 -0.12115577107058872
vn 0.6453686106811185 0.5862496268390394 -0.48970473897912176
vn 0.8208199660349772 0.3685386175765131 -0.4363872943992887
vn 0.8247315811103653 -0.27688958997396784 -0.4931023971582828
vn 0.992580738019221 -0.01026487563800255 -0.1211532535318589
vn 0.992580738019221 -0.01026487563800255 -0.1211532535318589
vn 0.8997309615153734 -0.0073375937851755816 -0.43638326802028654
vn 0.8997309615153734 -0.0073375937851755816 -0.43638326802028654
vn 0.1510758634438682 0.20432095860294638 -0.9671758006486012
vn 0.1510758634438682 0.20432095860294638 -0.9671758006486012
vn 6.847811584442794e-8 1.6264088964490462e-9 -0.9999999999999978
vn 0.5964104712276336 0.8026796018187402 -0.00008145023615616511
vn 0.5758670236969089 0.7738187463678533 -0.26378346951268095
vn 0.5758670236969089 0.7738187463678533 -0.26378346951268095
vn 0.2955614070741404 0.3982930237826283 -0.8683352589031754
vn 0.2955614070741404 0.3982930237826283 -0.8683352589031754
vn 0.2955614070741404 0.3982930237826283 -0.8683352589031754
vn 0.2955614070741404 0.3982930237826283 -0.8683352589031754
vn 0.5150271102933427 0.6925133527027716 -0.5051458521964279
vn 0.5150271102933427 0.6925133527027716 -0.5051458521964279
vn 0.13335984094982012 0.21968130856752263 -0.9664136151192716
vn 0.13335984094982012 0.21968130856752263 -0.9664136151192716
vn 1.039748556141967e-7 -1.4443950036024865e-8 -0.9999999999999944
vn 0.5206356801716009 0.8537789459410394 -2.498718815414847e-7
vn 0.5029924463274591 0.8240381399586149 -0.26069089518252164
vn 0.5029924463274591 0.8240381399586149 -0.26069089518252164
vn 0.2596325903841239 0.42638388760773804 -0.8664800623205022
vn 0.2596325903841239 0.42638388760773804 -0.8664800623205022
vn 0.2596325903841239 0.42638388760773804 -0.8664800623205022
vn 0.2596325903841239 0.42638388760773804 -0.8664800623205022
vn 0.45056386990134856 0.7385538090589008 -0.5015281350673256
vn 0.45056386990134856 0.7385538090589008 -0.5015281350673256
vn 0.11635989200061937 0.23070459575071856 -0.9660412853667807
vn 0.11635989200061937 0.23070459575071856 -0.9660412853667807
vn -8.29325370599318e-8 1.0997194266337789e-8 -0.9999999999999964
vn 0.4535059189936361 0.8912532644749234 -7.279910843549729e-7
vn 0.4386995920066802 0.8603930267691953 -0.25935787526141435
vn 0.4386995920066802 0.8603930267691953 -0.25935787526141435
vn 0.22750780402681134 0.4483437922579151 -0.8644235322171009
vn 0.22750780402681134 0.4483437922579151 -0.8644235322171009
vn 0.22750780402681134 0.4483437922579151 -0.8644235322171009
vn 0.22750780402681134 0.4483437922579151 -0.8644235322171009
vn 0.3933760967842773 0.772337527134404 -0.4987484242167392
vn 0.3933760967842773 0.772337527134404 -0.4987484242167392
vn 0.09918141050741626 0.23983936430272426 -0.9657329481490339
vn 0.09918141050741626 0.23983936430272426 -0.9657329481490339
vn -1.2025417772676406e-8 -8.628923353626305e-9 -1
vn 0.38379824262442036 0.9234169745882898 -7.85336682999218e-7
vn 0.3711134840377229 0.8919910310270998 -0.25812164289844897
vn 0.3711134840377229 0.8919910310270998 -0.25812164289844897
vn 0.19263660134107866 0.46425658969222006 -0.8644980964415758
vn 0.19263660134107866 0.46425658969222006 -0.8644980964415758
vn 0.19263660134107866 0.46425658969222006 -0.8644980964415758
vn 0.19263660134107866 0.46425658969222006 -0.8644980964415758
vn 0.3329178504993436 0.8006726652285562 -0.4980853219827876
vn 0.3329178504993436 0.8006726652285562 -0.4980853219827876
vn 0.08430640900401883 0.24571614064654146 -0.9656686841907094
vn 0.08430640900401883 0.24571614064654146 -0.9656686841907094
vn 9.097746578312599e-8 -8.770510540045925e-9 -0.9999999999999958
vn 0.3261488635442037 0.9453184219132357 -5.421325686503095e-7
vn 0.31543643819002654 0.9132355629653112 -0.2578772188414884
vn 0.31543643819002654 0.9132355629653112 -0.2578772188414884
vn 0.16386229097803365 0.47580383093146394 -0.8641526856212235
vn 0.16386229097803365 0.47580383093146394 -0.8641526856212235
vn 0.16386229097803365 0.47580383093146394 -0.8641526856212235
vn 0.16386229097803365 0.47580383093146394 -0.8641526856212235
vn 0.2830207722463872 0.8199304296753535 -0.49760760943684224
vn 0.2830207722463872 0.8199304296753535 -0.49760760943684224
vn 0.06850701615700645 0.2508157508228694 -0.9656077091015915
vn 0.06850701615700645 0.2508157508228694 -0.9656077091015915
vn 1.0493744917461298e-7 1.5968453226378098e-8 -0.9999999999999944
vn 0.2648042458614009 0.9643021888250685 9.78077998712034e-7
vn 0.2561176438015154 0.9316710409903483 -0.2576680498500368
vn 0.2561176438015154 0.9316710409903483 -0.2576680498500368
vn 0.13309426871334706 0.485527411137641 -0.864030698916213
vn 0.13309426871334706 0.485527411137641 -0.864030698916213
vn 0.13309426871334706 0.485527411137641 -0.864030698916213
vn 0.13309426871334706 0.485527411137641 -0.864030698916213
vn 0.22982064912973735 0.8365450927629725 -0.49736784878777174
vn 0.22982064912973735 0.8365450927629725 -0.49736784878777174
vn 0.05407336526561096 0.25433907723258037 -0.9656022498737933
vn 0.05407336526561096 0.25433907723258037 -0.9656022498737933
vn -3.051486507921196e-8 -1.5943456554978746e-9 -0.9999999999999996
vn 0.20869538816224958 0.9779806925290642 4.243594669621936e-7
vn 0.201772059318082 0.9449442407159424 -0.2576206863128647
vn 0.201772059318082 0.9449442407159424 -0.2576206863128647
vn 0.10481388625128361 0.4918199366132353 -0.8643652001316667
vn 0.10481388625128361 0.4918199366132353 -0.8643652001316667
vn 0.10481388625128361 0.4918199366132353 -0.8643652001316667
vn 0.10481388625128361 0.4918199366132353 -0.8643652001316667
vn 0.181047099673044 0.8482641011892709 -0.4976645078097665
vn 0.181047099673044 0.8482641011892709 -0.4976645078097665
vn 0.03901784086751621 0.2569982088243453 -0.9656239064745216
vn 0.03901784086751621 0.2569982088243453 -0.9656239064745216
vn 3.7702371225023486e-8 5.213096176959194e-9 -0.9999999999999993
vn 0.15083331798052108 0.9885592092469662 3.3491724500516423e-17
vn 0.14587505343696378 0.9551478743469108 -0.2577072116091068
vn 0.14587505343696378 0.9551478743469108 -0.2577072116091068
vn 0.07580706404404963 0.49766125797402966 -0.864052406600854
vn 0.07580706404404963 0.49766125797402966 -0.864052406600854
vn 0.07580706404404963 0.49766125797402966 -0.864052406600854
vn 0.07580706404404963 0.49766125797402966 -0.864052406600854
vn 0.13089792181178037 0.8575854138172843 -0.4974062646099203
vn 0.13089792181178037 0.8575854138172843 -0.4974062646099203
vn 0.024735504202151638 0.25875213157304355 -0.9656269928074049
vn 0.024735504202151638 0.25875213157304355 -0.9656269928074049
vn -2.295809564678563e-8 0 -0.9999999999999998
vn 0.09540921231971115 0.9954381357997315 2.957788684426274e-7
vn 0.09221602937059536 0.961802776533155 -0.2577433277123493
vn 0.09221602937059536 0.961802776533155 -0.2577433277123493
vn 0.04788441539543725 0.5001031114431974 -0.8646409432169345
vn 0.04788441539543725 0.5001031114431974 -0.8646409432169345
vn 0.04788441539543725 0.5001031114431974 -0.8646409432169345
vn 0.04788441539543725 0.5001031114431974 -0.8646409432169345
vn 0.08273743632561242 0.8632189417048111 -0.49800358965803765
vn 0.08273743632561242 0.8632189417048111 -0.49800358965803765
vn 0.013372963824868939 0.25935506043288825 -0.9656894513591787
vn 0.013372963824868939 0.25935506043288825 -0.9656894513591787
vn -6.653930717526165e-8 0 -0.9999999999999978
vn 0.05152027002061852 0.9986719490287912 -1.943757607772068e-7
vn 0.04976927144758365 0.9648780281466314 -0.25794071105477956
vn 0.04976927144758365 0.9648780281466314 -0.25794071105477956
vn 0.02585013264587979 0.5012741066876786 -0.8649023300966764
vn 0.02585013264587979 0.5012741066876786 -0.8649023300966764
vn 0.02585013264587979 0.5012741066876786 -0.8649023300966764
vn 0.02585013264587979 0.5012741066876786 -0.8649023300966764
vn 0.04465559821070444 0.8658082390322511 -0.4983793442472474
vn 0.04465559821070444 0.8658082390322511 -0.4983793442472474
vn 0 -1 0
vn -0.08792400238965058 -0.9860475880039347 -0.1413489440901756
vn -0.6427822781074809 -0.7660489168133472 2.336776699127649e-7
vn -0.5680027869905716 -0.8040373453917127 -0.17577480247860078
vn -0.09319794701636701 -0.3123713359525759 -0.9453773273921569
vn -0.09319794701636701 -0.3123713359525759 -0.9453773273921569
vn 2.220446049250313e-16 1.7568765997566516e-8 -1
vn 2.220446049250313e-16 1.7568765997566516e-8 -1
vn -0.2371669169812573 -0.9678790178374772 -0.08343896164002647
vn -0.053787153916911294 -0.9029704391619987 -0.42632303253883164
vn -0.053787153916911294 -0.9029704391619987 -0.42632303253883164
vn -0.19958200980364652 -0.912936982272726 -0.3559678184351858
vn -0.19958200980364652 -0.912936982272726 -0.3559678184351858
vn -0.19958200980364652 -0.912936982272726 -0.3559678184351858
vn -0.5135187775726024 -0.7058035281877265 -0.4879957424794783
vn -0.5135187775726024 -0.7058035281877265 -0.4879957424794783
vn -0.5135187775726024 -0.7058035281877265 -0.4879957424794783
vn -0.4416255537934421 -0.8925900816662327 -0.09082849964468197
vn -0.4155248218577843 -0.820557320106066 -0.39245994297559567
vn -0.4155248218577843 -0.820557320106066 -0.39245994297559567
vn -0.4155248218577843 -0.820557320106066 -0.39245994297559567
vn -0.049495515459190405 -0.5721032467253754 -0.818686795444823
vn -0.2830354178469861 -0.4231675721456239 -0.8607091019203645
vn -0.2830354178469861 -0.4231675721456239 -0.8607091019203645
vn -0.2257760986076254 -0.6662429945540331 -0.7107358338406711
vn -0.2257760986076254 -0.6662429945540331 -0.7107358338406711
vn -0.5918241732037282 -0.806067086545314 2.7002596502009815e-7
vn -0.5696196336749112 -0.777220696084915 -0.26732276840804253
vn -0.5696196336749112 -0.777220696084915 -0.26732276840804253
vn -0.14870353797943583 -0.20142111676419513 -0.9681512234738243
vn 8.307274890206856e-8 -7.584430861129452e-9 -0.9999999999999967
vn -0.5076120675334339 -0.6921514896855224 -0.5130850847769254
vn -0.5076120675334339 -0.6921514896855224 -0.5130850847769254
vn -0.5076120675334339 -0.6921514896855224 -0.5130850847769254
vn -0.5076120675334339 -0.6921514896855224 -0.5130850847769254
vn -0.28762316062799376 -0.3912390871997125 -0.8741881342808877
vn -0.5214802644405361 -0.853263343756796 -1.1579187929389969e-16
vn -0.5022882026971441 -0.8236868655873543 -0.2631473140470032
vn -0.5022882026971441 -0.8236868655873543 -0.2631473140470032
vn -0.13343959565419547 -0.21654055231516767 -0.9671111950105256
vn 1.4720961893921308e-7 -1.8594690232020892e-8 -0.9999999999999891
vn -0.44879414810318574 -0.7352474901206911 -0.507932023896466
vn -0.44879414810318574 -0.7352474901206911 -0.507932023896466
vn -0.44879414810318574 -0.7352474901206911 -0.507932023896466
vn -0.44879414810318574 -0.7352474901206911 -0.507932023896466
vn -0.2561723837573719 -0.4182161010564372 -0.8714763350873146
vn -0.4474847522319358 -0.8942915612482019 4.2021422618351695e-7
vn -0.4313715726570981 -0.8637881338815275 -0.26036248974998394
vn -0.4313715726570981 -0.8637881338815275 -0.26036248974998394
vn -0.11582108164338174 -0.22958881315151097 -0.9663717990104209
vn -9.728726246827035e-8 3.073318488588924e-9 -0.9999999999999953
vn -0.38620649435105614 -0.7726133199062872 -0.5038980071645978
vn -0.38620649435105614 -0.7726133199062872 -0.5038980071645978
vn -0.38620649435105614 -0.7726133199062872 -0.5038980071645978
vn -0.38620649435105614 -0.7726133199062872 -0.5038980071645978
vn -0.22179470091643036 -0.4422019249658713 -0.8690595884068417
vn -0.3790894785714033 -0.925360020336071 2.9643127516620743e-7
vn -0.36560736565628144 -0.894071482177912 -0.258780677281102
vn -0.36560736565628144 -0.894071482177912 -0.258780677281102
vn -0.09876766736493332 -0.2391781163893818 -0.9659393234172203
vn -3.412525706458778e-8 -1.079709655016358e-8 -0.9999999999999993
vn -0.3277093770212948 -0.8006493454325009 -0.5015647414550019
vn -0.3277093770212948 -0.8006493454325009 -0.5015647414550019
vn -0.3277093770212948 -0.8006493454325009 -0.5015647414550019
vn -0.3277093770212948 -0.8006493454325009 -0.5015647414550019
vn -0.188875900246741 -0.45993864259947453 -0.8676303010785963
vn -0.32079144704348606 -0.9471498548295593 -3.012418631452338e-7
vn -0.30960232901893614 -0.9151627993387919 -0.25811518469946004
vn -0.30960232901893614 -0.9151627993387919 -0.25811518469946004
vn -0.08367529420231572 -0.24564097553922562 -0.9657426967242846
vn 7.815595659543793e-8 -7.278253999487538e-9 -0.9999999999999969
vn -0.2776684428806775 -0.820213069344946 -0.500150733983229
vn -0.2776684428806775 -0.820213069344946 -0.500150733983229
vn -0.2776684428806775 -0.820213069344946 -0.500150733983229
vn -0.2776684428806775 -0.820213069344946 -0.500150733983229
vn -0.16035229342908716 -0.4725638440567926 -0.8665855729714746
vn -0.263814980007197 -0.9645733027218363 -3.020440934346733e-7
vn -0.2545430792379967 -0.932045100980758 -0.2578754555009214
vn -0.2545430792379967 -0.932045100980758 -0.2578754555009214
vn -0.06896515238541298 -0.2503914579966507 -0.9656852103655561
vn 9.245461307649764e-8 2.0146098123063804e-8 -0.9999999999999956
vn -0.22829912987624826 -0.8352686954430677 -0.5002056714098546
vn -0.22829912987624826 -0.8352686954430677 -0.5002056714098546
vn -0.22829912987624826 -0.8352686954430677 -0.5002056714098546
vn -0.22829912987624826 -0.8352686954430677 -0.5002056714098546
vn -0.13183410646898508 -0.48095787232488924 -0.8667752265842857
vn -0.20767722050686419 -0.9781974095664654 -4.611360637937527e-17
vn -0.20049183411682633 -0.9451882893526837 -0.2577248962033322
vn -0.20049183411682633 -0.9451882893526837 -0.2577248962033322
vn -0.054225867594209186 -0.25416878217486477 -0.965638537679292
vn -2.6334429525931562e-8 -1.423018036739165e-9 -0.9999999999999998
vn -0.1798587679606061 -0.8474243597273922 -0.499522550169972
vn -0.1798587679606061 -0.8474243597273922 -0.499522550169972
vn -0.1798587679606061 -0.8474243597273922 -0.499522550169972
vn -0.1798587679606061 -0.8474243597273922 -0.499522550169972
vn -0.10395171165943726 -0.4888161862938413 -0.8661713327397864
vn -0.1508637235918504 -0.9885545695124773 5.01382642022889e-8
vn -0.14558565013866887 -0.9551711879099903 -0.2577844453420707
vn -0.14558565013866887 -0.9551711879099903 -0.2577844453420707
vn -0.03944128756192784 -0.2568249760791563 -0.9656527929320136
vn 4.010716403435308e-8 5.341485920240526e-9 -0.9999999999999993
vn -0.13058082524434486 -0.8560966695295013 -0.5000471382769845
vn -0.13058082524434486 -0.8560966695295013 -0.5000471382769845
vn -0.13058082524434486 -0.8560966695295013 -0.5000471382769845
vn -0.13058082524434486 -0.8560966695295013 -0.5000471382769845
vn -0.07541373837468175 -0.49315662343327643 -0.8666656291951611
vn -0.09478189067343427 -0.995498062880783 -9.889349729571375e-7
vn -0.0915211483483878 -0.9618673603712935 -0.2577499960375414
vn -0.0915211483483878 -0.9618673603712935 -0.2577499960375414
vn -0.024729384125545747 -0.25868389027342165 -0.9656454331035692
vn -1.969271834489916e-8 0 -0.9999999999999998
vn -0.08209945986343808 -0.862426219249528 -0.49948042508300244
vn -0.08209945986343808 -0.862426219249528 -0.49948042508300244
vn -0.08209945986343808 -0.862426219249528 -0.49948042508300244
vn -0.08209945986343808 -0.862426219249528 -0.49948042508300244
vn -0.04744519038877508 -0.49759202580655926 -0.8661126541984576
vn -0.05022313303489126 -0.9987380221595591 -9.855792489403826e-7
vn -0.048533514738914374 -0.9649319622805522 -0.2579744291911316
vn -0.013049162948756831 -0.2593341885586137 -0.965699486378129
vn -6.667600849219454e-8 0 -0.9999999999999978
vn -0.0435184679977787 -0.865133032396432 -0.49965085729905484
vn -0.0435184679977787 -0.865133032396432 -0.49965085729905484
vn -0.025112620195264616 -0.49913683226122757 -0.8661592111079555
vn 0.9914451782577255 1.1748823182483274e-8 -0.13052378522517274
vn 0.1305262914709786 6.459469659827208e-9 -0.991444848307173
vn 0.866026843520998 6.4701579267375504e-9 -0.4999975062948385
vn 0.5000005123001001 -2.8086205337604163e-9 -0.8660251080076359
vn 0.1305262914709786 6.459469659827208e-9 -0.991444848307173
vn 0.9914451782577255 1.1748823182483274e-8 -0.13052378522517274
vn 0.5000005123001001 -2.8086205337604163e-9 -0.8660251080076359
vn 0.866026843520998 6.4701579267375504e-9 -0.4999975062948385
vn -0.991445202412966 -1.2561942966627885e-8 -0.1305236017443315
vn -0.13052621823454208 6.570107878189602e-9 -0.9914448579489374
vn -0.8660267213894837 -1.371833437036431e-8 -0.49999771783417324
vn -0.5000000514340684 2.069506532297702e-9 -0.8660253740889634
vn -0.13052621823454208 6.570107878189602e-9 -0.9914448579489374
vn -0.991445202412966 -1.2561942966627885e-8 -0.1305236017443315
vn -0.5000000514340684 2.069506532297702e-9 -0.8660253740889634
vn -0.8660267213894837 -1.371833437036431e-8 -0.49999771783417324
vn 0.032313997582944835 0.9994777664161398 -1.1780079759958806e-7
vn 0.031199004045578904 0.9656151392140815 -0.2580969295964871
vn 0.031199004045578904 0.9656151392140815 -0.2580969295964871
vn 0.008400797402510627 0.259425358253708 -0.9657266228586313
vn 0.008400797402510627 0.259425358253708 -0.9657266228586313
vn 2.0451899951368088e-8 0 -0.9999999999999998
vn 0.028007160242467116 0.8666794701248894 -0.4980786032738144
vn 0.028007160242467116 0.8666794701248894 -0.4980786032738144
vn 0.016245610318487955 0.5023531699312312 -0.8645099032431168
vn 0.016245610318487955 0.5023531699312312 -0.8645099032431168
vn 0.016245610318487955 0.5023531699312312 -0.8645099032431168
vn 0.016245610318487955 0.5023531699312312 -0.8645099032431168
vn 0.6351679228534944 0.7723740527975752 -0.00017984166840610466
vn 0.6112471787079485 0.7458085378892717 -0.2648518667728056
vn 0.6112471787079485 0.7458085378892717 -0.2648518667728056
vn 0.16498474098977173 0.19776409051998337 -0.9662656983156039
vn 0.16498474098977173 0.19776409051998337 -0.9662656983156039
vn 6.7584291496558535e-9 1.2815685401790233e-8 -1
vn 6.7584291496558535e-9 1.2815685401790233e-8 -1
vn 6.7584291496558535e-9 1.2815685401790233e-8 -1
vn 0.5483063221396429 0.6676447101709599 -0.5035977741039301
vn 0.5483063221396429 0.6676447101709599 -0.5035977741039301
vn 0.3186870005721106 0.38555918189374866 -0.8658999439448964
vn 0.3186870005721106 0.38555918189374866 -0.8658999439448964
vn 0.3186870005721106 0.38555918189374866 -0.8658999439448964
vn 0.3186870005721106 0.38555918189374866 -0.8658999439448964
vn 0.5566432827511497 0.8307516209842888 1.2359963780265153e-16
vn 0.5379270612016832 0.8012342007349209 -0.2620271596602022
vn 0.5379270612016832 0.8012342007349209 -0.2620271596602022
vn 0.14159482966579662 0.21303408222608713 -0.9667302540119465
vn 0.14159482966579662 0.21303408222608713 -0.9667302540119465
vn 5.6201965970004054e-8 -2.3071045518463467e-8 -0.9999999999999982
vn 0.48166282429447654 0.7181588182363947 -0.5022438008397644
vn 0.48166282429447654 0.7181588182363947 -0.5022438008397644
vn 0.27747139354616396 0.41513823014084583 -0.86641207034475
vn 0.27747139354616396 0.41513823014084583 -0.86641207034475
vn 0.27747139354616396 0.41513823014084583 -0.86641207034475
vn 0.27747139354616396 0.41513823014084583 -0.86641207034475
vn 0.4935610056370197 0.8697111783310628 -7.538581234394046e-7
vn 0.4769806258810538 0.8395003139528395 -0.26024739270010366
vn 0.4769806258810538 0.8395003139528395 -0.26024739270010366
vn 0.12654795222249846 0.22420043925532424 -0.9662917669244689
vn 0.12654795222249846 0.22420043925532424 -0.9662917669244689
vn 1.5361649752243342e-7 -8.223006164875715e-10 -0.9999999999999882
vn 0.4274169502598863 0.752764589390994 -0.500659788268986
vn 0.4274169502598863 0.752764589390994 -0.500659788268986
vn 0.24659439350577317 0.43528055137153254 -0.8658649124945614
vn 0.24659439350577317 0.43528055137153254 -0.8658649124945614
vn 0.24659439350577317 0.43528055137153254 -0.8658649124945614
vn 0.24659439350577317 0.43528055137153254 -0.8658649124945614
vn 0.4124199347664965 0.9109938514647172 -8.243554042613103e-7
vn 0.3988673007803746 0.8798596675599937 -0.25836377797476884
vn 0.3988673007803746 0.8798596675599937 -0.25836377797476884
vn 0.10638388353197398 0.23648089242008535 -0.9657946245682131
vn 0.10638388353197398 0.23648089242008535 -0.9657946245682131
vn -5.0624720193681517e-8 -1.4605864073757837e-8 -0.9999999999999987
vn 0.3577816529881006 0.7898326612230652 -0.49815324554838863
vn 0.3577816529881006 0.7898326612230652 -0.49815324554838863
vn 0.20701073783492782 0.45819292644942083 -0.8644106643099417
vn 0.20701073783492782 0.45819292644942083 -0.8644106643099417
vn 0.20701073783492782 0.45819292644942083 -0.8644106643099417
vn 0.20701073783492782 0.45819292644942083 -0.8644106643099417
vn 0.35621410216994936 0.9344043629046314 -2.164067727101369e-7
vn 0.34450176920556297 0.90262706561028 -0.25803664747863314
vn 0.34450176920556297 0.90262706561028 -0.25803664747863314
vn 0.09202958317623162 0.2427766237139139 -0.9657070294859004
vn 0.09202958317623162 0.2427766237139139 -0.9657070294859004
vn 1.8474565210979677e-9 -1.7911769845113668e-8 -1
vn 0.30907725763485755 0.8103595834581954 -0.49778368224598957
vn 0.30907725763485755 0.8103595834581954 -0.49778368224598957
vn 0.1789147953031532 0.47018370767229223 -0.8642434709392761
vn 0.1789147953031532 0.47018370767229223 -0.8642434709392761
vn 0.1789147953031532 0.47018370767229223 -0.8642434709392761
vn 0.1789147953031532 0.47018370767229223 -0.8642434709392761
vn 0.2952804621456555 0.9554106178366323 -2.6961220605938373e-7
vn 0.2856116836574636 0.9230331006888874 -0.25775154934744243
vn 0.2856116836574636 0.9230331006888874 -0.25775154934744243
vn 0.0763420667262997 0.24844170492960285 -0.9656337857074127
vn 0.0763420667262997 0.24844170492960285 -0.9656337857074127
vn 9.135623479927763e-8 -4.352235016824561e-9 -0.9999999999999958
vn 0.2562802139180513 0.8288090835546551 -0.4973891383729752
vn 0.2562802139180513 0.8288090835546551 -0.4973891383729752
vn 0.14841631061988095 0.4811172189633116 -0.8640016321506527
vn 0.14841631061988095 0.4811172189633116 -0.8640016321506527
vn 0.14841631061988095 0.4811172189633116 -0.8640016321506527
vn 0.14841631061988095 0.4811172189633116 -0.8640016321506527
vn 0.23439125854587167 0.9721423444722143 0.0000011614985238072752
vn 0.2267269565041754 0.9392742774041297 -0.25760186140884883
vn 0.2267269565041754 0.9392742774041297 -0.25760186140884883
vn 0.060630820357619346 0.2529037878888016 -0.9655897564153516
vn 0.060630820357619346 0.2529037878888016 -0.9655897564153516
vn -2.1722333931606376e-8 2.2986910153122143e-8 -0.9999999999999996
vn 0.2034573111827834 0.8434442276076368 -0.49719911247067683
vn 0.2034573111827834 0.8434442276076368 -0.49719911247067683
vn 0.1178476470133065 0.489686411924274 -0.8638976502284038
vn 0.1178476470133065 0.489686411924274 -0.8638976502284038
vn 0.1178476470133065 0.489686411924274 -0.8638976502284038
vn 0.1178476470133065 0.489686411924274 -0.8638976502284038
vn 0.18243528320645233 0.983217863670805 4.0508770383962907e-17
vn 0.17644574654697373 0.949969558293429 -0.25772996884582206
vn 0.17644574654697373 0.949969558293429 -0.25772996884582206
vn 0.04718181313554146 0.255600740838961 -0.9656304354108859
vn 0.04718181313554146 0.255600740838961 -0.9656304354108859
vn 8.407056606429819e-9 1.7396381002399153e-9 -1
vn 0.15833463406573267 0.8529838457256232 -0.4973416356855686
vn 0.15833463406573267 0.8529838457256232 -0.4973416356855686
vn 0.09171136492436889 0.4951141385268597 -0.8639739668384199
vn 0.09171136492436889 0.4951141385268597 -0.8639739668384199
vn 0.09171136492436889 0.4951141385268597 -0.8639739668384199
vn 0.09171136492436889 0.4951141385268597 -0.8639739668384199
vn 0.1191393435889576 0.9928775437127707 2.9581192986512616e-7
vn 0.11524033093698689 0.9593253354833808 -0.25771023810712773
vn 0.11524033093698689 0.9593253354833808 -0.25771023810712773
vn 0.030802367442384154 0.25813535012800515 -0.9656176029745089
vn 0.030802367442384154 0.25813535012800515 -0.9656176029745089
vn -1.0403664374436516e-8 3.569091910904376e-9 -1
vn 0.10340789882825106 0.8613926295366288 -0.49730226647371956
vn 0.10340789882825106 0.8613926295366288 -0.49730226647371956
vn 0.05988847164364429 0.5000114501507307 -0.8639455542349599
vn 0.05988847164364429 0.5000114501507307 -0.8639455542349599
vn 0.05988847164364429 0.5000114501507307 -0.8639455542349599
vn 0.05988847164364429 0.5000114501507307 -0.8639455542349599
vn 0.07291783802902466 0.9973379511966366 -2.6108013395093007e-7
vn 0.07048394276749297 0.9636094818595906 -0.25785418414724287
vn 0.07048394276749297 0.9636094818595906 -0.25785418414724287
vn 0.01888824272429648 0.2590978766550135 -0.9656663629844685
vn 0.01888824272429648 0.2590978766550135 -0.9656663629844685
vn -2.035095270080944e-8 0 -0.9999999999999998
vn 0.06325539506254438 0.8650897735201382 -0.4976127397347837
vn 0.06325539506254438 0.8650897735201382 -0.4976127397347837
vn 0.036652880385125146 0.5018525546165663 -0.864176243473691
vn 0.036652880385125146 0.5018525546165663 -0.864176243473691
vn 0.036652880385125146 0.5018525546165663 -0.864176243473691
vn 0.036652880385125146 0.5018525546165663 -0.864176243473691
vn -0.008208103460241456 -0.25942712966247344 -0.9657278040072556
vn 1.982594199922971e-8 0 -0.9999999999999998
vn -0.03163652677191072 -0.999499439806198 -9.521837111322526e-7
vn -0.030576960822107677 -0.9656351124003375 -0.25809664694929846
vn -0.030576960822107677 -0.9656351124003375 -0.25809664694929846
vn -0.01582260332923366 -0.4998064032958958 -0.865992612236563
vn -0.02741688476528974 -0.8658509808231067 -0.49955019110939264
vn -0.02741688476528974 -0.8658509808231067 -0.49955019110939264
vn -0.02741688476528974 -0.8658509808231067 -0.49955019110939264
vn -0.02741688476528974 -0.8658509808231067 -0.49955019110939264
vn -0.16048190398162612 -0.19931133228298553 -0.9667060314894148
vn -0.16048190398162612 -0.19931133228298553 -0.9667060314894148
vn 8.759266423297156e-9 3.44809372165855e-8 -0.9999999999999993
vn 8.759266423297156e-9 3.44809372165855e-8 -0.9999999999999993
vn -0.627400268279108 -0.7786969265145612 2.8109087355155877e-7
vn -0.6016960026161237 -0.7489304991860662 -0.27760588578898543
vn -0.6016960026161237 -0.7489304991860662 -0.27760588578898543
vn -0.30406910010427923 -0.378643331787273 -0.8741688679281635
vn -0.30406910010427923 -0.378643331787273 -0.8741688679281635
vn -0.5348537324649983 -0.6660690605248268 -0.5198879605067179
vn -0.5348537324649983 -0.6660690605248268 -0.5198879605067179
vn -0.5348537324649983 -0.6660690605248268 -0.5198879605067179
vn -0.5348537324649983 -0.6660690605248268 -0.5198879605067179
vn -0.14159847124970742 -0.20918195448492738 -0.9675705570435738
vn 3.386304947561312e-8 -1.8051620642722797e-8 -0.9999999999999993
vn -0.5591438301518113 -0.8290706708135027 1.057572922509425e-7
vn -0.5387537779707889 -0.7996785490419686 -0.26506336020720356
vn -0.5387537779707889 -0.7996785490419686 -0.26506336020720356
vn -0.2740573924555766 -0.4059540845450879 -0.8718336004545879
vn -0.48096177014677216 -0.7135729198546539 -0.5094010833394322
vn -0.48096177014677216 -0.7135729198546539 -0.5094010833394322
vn -0.48096177014677216 -0.7135729198546539 -0.5094010833394322
vn -0.48096177014677216 -0.7135729198546539 -0.5094010833394322
vn -0.1241602589380849 -0.22401499709328324 -0.9666444595494892
vn 1.1391380660974376e-7 8.030499820677e-9 -0.9999999999999936
vn -0.4830061436528198 -0.8756169626004374 1.2580418255226972e-7
vn -0.4658118290273337 -0.845371037447809 -0.2614711245675609
vn -0.4658118290273337 -0.845371037447809 -0.2614711245675609
vn -0.23916116627542885 -0.43292690096271697 -0.8691238317803708
vn -0.41683595877615265 -0.756051233373489 -0.5046130358855105
vn -0.41683595877615265 -0.756051233373489 -0.5046130358855105
vn -0.41683595877615265 -0.756051233373489 -0.5046130358855105
vn -0.41683595877615265 -0.756051233373489 -0.5046130358855105
vn -0.10688418253366694 -0.2350291036458509 -0.966093728353278
vn -2.3883568678328964e-8 -1.1519574627527615e-8 -0.9999999999999998
vn -0.41223863752597345 -0.9110759055812212 2.94315228065859e-7
vn -0.3977828568127541 -0.8800439056370527 -0.25940609664571573
vn -0.3977828568127541 -0.8800439056370527 -0.25940609664571573
vn -0.2053670436740105 -0.45312994731707135 -0.8674662115708169
vn -0.3564581010981581 -0.7881386888431073 -0.5017718897169936
vn -0.3564581010981581 -0.7881386888431073 -0.5017718897169936
vn -0.3564581010981581 -0.7881386888431073 -0.5017718897169936
vn -0.3564581010981581 -0.7881386888431073 -0.5017718897169936
vn -0.09034097078867415 -0.24314359493760426 -0.9657741460806342
vn 3.022660544083065e-8 -1.7565170651323556e-8 -0.9999999999999993
vn -0.3467883769577161 -0.9379434000018048 2.963785734936233e-7
vn -0.3347499699613664 -0.9062336767238315 -0.2582304799640627
vn -0.3347499699613664 -0.9062336767238315 -0.2582304799640627
vn -0.1733866920824154 -0.4681770970432948 -0.8664567276054995
vn -0.30021652535834287 -0.8122652161280182 -0.5000952474981816
vn -0.30021652535834287 -0.8122652161280182 -0.5000952474981816
vn -0.30021652535834287 -0.8122652161280182 -0.5000952474981816
vn -0.30021652535834287 -0.8122652161280182 -0.5000952474981816
vn -0.07684896016858604 -0.24796336487770484 -0.9657165251767899
vn 1.0518141402293621e-7 -5.1467190509412996e-9 -0.9999999999999944
vn -0.2947978576014119 -0.9555596387213379 -6.03230924042808e-7
vn -0.2846033298202054 -0.9232699575160299 -0.25801846872578665
vn -0.2846033298202054 -0.9232699575160299 -0.25801846872578665
vn -0.1474832925002323 -0.47730310963641465 -0.866273871223587
vn -0.25527409687049285 -0.8276720586662007 -0.4997940563574235
vn -0.25527409687049285 -0.8276720586662007 -0.4997940563574235
vn -0.25527409687049285 -0.8276720586662007 -0.4997940563574235
vn -0.25527409687049285 -0.8276720586662007 -0.4997940563574235
vn -0.06072742516662878 -0.2527446602062369 -0.9656253500037504
vn -2.726665626617829e-8 1.9672112827606715e-8 -0.9999999999999996
vn -0.23259040927207775 -0.9725747793946988 -5.164544553616984e-17
vn -0.2245601384672046 -0.939771698868854 -0.2576856577629761
vn -0.2245601384672046 -0.939771698868854 -0.2576856577629761
vn -0.11647866076225437 -0.48626694730157216 -0.8660122271359924
vn -0.20146681510165654 -0.8426559003510383 -0.49934172268735555
vn -0.20146681510165654 -0.8426559003510383 -0.49934172268735555
vn -0.20146681510165654 -0.8426559003510383 -0.49934172268735555
vn -0.20146681510165654 -0.8426559003510383 -0.49934172268735555
vn -0.0476052267539611 -0.2554422367428441 -0.9656515966297144
vn 8.408946650106941e-9 1.9083481461734664e-9 -1
vn -0.1824738899468311 -0.9832106994371408 -4.0517342802377757e-17
vn -0.17618876525711194 -0.9500059782439592 -0.2577715273219917
vn -0.17618876525711194 -0.9500059782439592 -0.2577715273219917
vn -0.09134431863917311 -0.4914580548880934 -0.8660976825612438
vn -0.15805262281135476 -0.8517876242610893 -0.49947693798422854
vn -0.15805262281135476 -0.8517876242610893 -0.49947693798422854
vn -0.15805262281135476 -0.8517876242610893 -0.49947693798422854
vn -0.15805262281135476 -0.8517876242610893 -0.49947693798422854
vn -0.031107486872448492 -0.2580544328927335 -0.9656294495948694
vn -1.5879286996423048e-8 3.3401614807360147e-9 -1
vn -0.11914897469923595 -0.9928763879899678 -3.402600444531838e-7
vn -0.11503943192976335 -0.9593523259061095 -0.2576995224671852
vn -0.11503943192976335 -0.9593523259061095 -0.2576995224671852
vn -0.059666982543216326 -0.49641673606195236 -0.8660313362412387
vn -0.10320806314135332 -0.8602202948114397 -0.4993687416099752
vn -0.10320806314135332 -0.8602202948114397 -0.4993687416099752
vn -0.10320806314135332 -0.8602202948114397 -0.4993687416099752
vn -0.10320806314135332 -0.8602202948114397 -0.4993687416099752
vn -0.01869653275125672 -0.2591124070987641 -0.9656661949921233
vn -2.1856576770673538e-8 0 -0.9999999999999998
vn -0.07178004372806036 -0.9974204857137868 -9.334371470624711e-7
vn -0.06933206308906124 -0.9636949881657831 -0.25784692127688
vn -0.06933206308906124 -0.9636949881657831 -0.25784692127688
vn -0.03592633892317169 -0.49868796161236334 -0.8660367285020211
vn -0.06218737657493451 -0.8641028373083203 -0.4994587237704813
vn -0.06218737657493451 -0.8641028373083203 -0.4994587237704813
vn -0.06218737657493451 -0.8641028373083203 -0.4994587237704813
vn -0.06218737657493451 -0.8641028373083203 -0.4994587237704813
vn 0.9914560714974425 0.0000065642833953300676 -0.13044101443858855
vn 0.13043726927656207 0.000008245411630143252 -0.991456564210297
vn 0.8660576709537317 -0.0000096121027302364 -0.49994410736581874
vn 0.49993786468610646 -0.000007886648785509622 -0.866061274616812
vn 0.12964073638297932 -0.9830499971408717 -0.12963789026133948
vn 0.12964628853801208 -0.1296395085095552 -0.9830490515237372
vn 0.9830495727833629 -0.12963478283930224 -0.1296470613961416
vn 0.12157321198883328 -0.8623002464597902 -0.49158746839408274
vn 0.491578832290473 -0.8623047283306845 -0.12157634285698557
vn 0.44734729607479456 -0.7744403185609111 -0.44735063393477426
vn 0.4915843594505139 -0.12158008636428914 -0.8623010496011703
vn 0.12157509365777215 -0.49158706815617875 -0.8623002093376276
vn 0.12157509365777215 -0.49158706815617875 -0.8623002093376276
vn 0.44735532762047014 -0.44735359908578065 -0.7744339663487007
vn 0.44735532762047014 -0.44735359908578065 -0.7744339663487007
vn 0.8623026360981493 -0.4915811832132543 -0.12158167661633686
vn 0.8623026360981493 -0.4915811832132543 -0.12158167661633686
vn 0.8623027049935583 -0.1215718878642522 -0.4915834832883565
vn 0.7744392045007378 -0.44735010813783394 -0.4473497505099703
vn 0.7744392045007378 -0.44735010813783394 -0.4473497505099703
vn 0.12959636356164136 -0.12963960673011876 -0.9830556214774722
vn 0.9830581702570845 -0.12963004535126008 -0.1295865935697949
vn 0.12964769220197353 -0.9830481860804515 -0.12964466726647925
vn 0.4915437962360061 -0.12156952088360526 -0.8623256623654583
vn 0.1215748227449229 -0.4915905143405836 -0.8622982828957165
vn 0.1215748227449229 -0.4915905143405836 -0.8622982828957165
vn 0.44734657454371046 -0.4473541741360285 -0.7744386903603668
vn 0.44734657454371046 -0.4473541741360285 -0.7744386903603668
vn 0.8623022557475364 -0.49158439726449105 -0.12157137861691546
vn 0.8623022557475364 -0.49158439726449105 -0.12157137861691546
vn 0.8623258249362437 -0.12156360188083493 -0.49154497489628
vn 0.7744341482695717 -0.447359029532028 -0.44734958219511595
vn 0.7744341482695717 -0.447359029532028 -0.44734958219511595
vn 0.1215780753028751 -0.8623000405447139 -0.4915866268342064
vn 0.4915791619558369 -0.8623052010683714 -0.12157165681700993
vn 0.4473378005414239 -0.7744512539685127 -0.4473411980059064
vn 0.12959665641097312 0.12964141949605928 -0.9830553438124137
vn 0.129639772901104 0.983051227857827 -0.12962952090233384
vn 0.9830583356914577 0.1296282335051287 -0.12958715100611207
vn 0.1215747264103585 0.49158404935148386 -0.8623019820929584
vn 0.49154286741858344 0.12157244036765738 -0.8623257802205435
vn 0.4473457975402602 0.44734925460922953 -0.774441980927968
vn 0.49157694590038437 0.8623063744203578 -0.12157229492474102
vn 0.49157694590038437 0.8623063744203578 -0.12157229492474102
vn 0.12157579648516738 0.862303213868656 -0.49158162400641503
vn 0.12157579648516738 0.862303213868656 -0.49158162400641503
vn 0.4473404003087266 0.7744451863539811 -0.4473491025863088
vn 0.4473404003087266 0.7744451863539811 -0.4473491025863088
vn 0.4473404003087266 0.7744451863539811 -0.4473491025863088
vn 0.8623253963717393 0.1215618140479325 -0.4915461688770432
vn 0.8623058960499176 0.49157750709369646 -0.12157341879331691
vn 0.7744362906168215 0.4473491583589579 -0.4473557446721679
vn 0.7744362906168215 0.4473491583589579 -0.4473557446721679
vn 4.431532141246915e-8 0 -0.9999999999999991
vn -4.114994234249987e-8 0 0.9999999999999991
vn 4.273263010112767e-8 0 -0.9999999999999991
vn 4.273263010112767e-8 0 -0.9999999999999991
vn -4.273263010112767e-8 0 0.9999999999999991
vn -4.273263010112767e-8 0 0.9999999999999991
vn 1.8790920597311352e-8 0 0.9999999999999998
vn 1.879975841667658e-8 0 -0.9999999999999998
vn 1.8790920597311352e-8 0 0.9999999999999998
vn 1.879975841667658e-8 0 -0.9999999999999998
vn 5.832563254593017e-8 0 -0.9999999999999984
vn 5.832563254593017e-8 0 -0.9999999999999984
vn -5.0847983823487586e-8 0 0.9999999999999987
vn -5.0847983823487586e-8 0 0.9999999999999987
vn 2.220446049250313e-16 -5.618335130463947e-9 -1
vn -4.623865401676136e-8 5.61833823908841e-9 0.9999999999999989
vn 4.268643061244855e-8 1.181376951819856e-8 -0.9999999999999991
vn -1.4738801512592655e-8 -1.1813806821692193e-8 0.9999999999999998
vn 7.053693473757487e-8 -1.592623100066244e-8 -0.9999999999999973
vn -4.2403531574919344e-8 1.592628606772449e-8 0.9999999999999991
vn 5.6195102127176624e-8 9.397269629118895e-9 -0.9999999999999984
vn -4.2216278695050806e-8 -9.397269629118901e-9 0.9999999999999991
vn 3.5530792752425073e-8 1.0363262248347376e-8 -0.9999999999999993
vn -2.8431785148441677e-8 -1.0363262248347377e-8 0.9999999999999996
vn 4.3609258648658016e-8 1.1767319563205082e-8 -0.9999999999999991
vn -3.609552856609352e-8 -1.1767319563205084e-8 0.9999999999999993
vn 3.010803006908701e-8 9.532774569720454e-9 -0.9999999999999996
vn -4.4706734536603636e-8 -9.532774569720451e-9 0.9999999999999991
vn 2.2919248943153996e-8 5.51199441645167e-9 -0.9999999999999998
vn -4.60342948205294e-8 -5.511994416451665e-9 0.9999999999999989
vn 6.112510697597873e-8 4.621797611292769e-9 -0.9999999999999982
vn -4.957111010561727e-8 -4.621797611292772e-9 0.9999999999999989
vn 4.4795534615005255e-8 2.5320474605905453e-9 -0.9999999999999991
vn -3.284396066227656e-8 -2.532047460590546e-9 0.9999999999999996
vn -1.071729018864425e-7 0 0.9999999999999942
vn 7.549501668258053e-8 0 -0.9999999999999971
vn -1.071729018864425e-7 0 0.9999999999999942
vn 7.549501668258053e-8 0 -0.9999999999999971
vn -9.73055380715233e-8 0 0.9999999999999953
vn 7.927436507237903e-8 0 -0.9999999999999969
vn -9.73055380715233e-8 0 0.9999999999999953
vn 7.927436507237903e-8 0 -0.9999999999999969
vn 4.934489106211965e-8 1.4097754075237373e-9 -0.9999999999999989
vn -4.584773116711456e-8 -1.4097754075237377e-9 0.9999999999999991
vn 8.399521811419644e-8 -2.6417250609256276e-9 -0.9999999999999964
vn -3.128552372722025e-8 2.6416691056851947e-9 0.9999999999999996
vn 1.4544597748411547e-8 7.173005300842306e-9 -1
vn -2.90990789242329e-8 -7.17301107400203e-9 0.9999999999999996
vn 7.0593088929982e-8 -7.697841475362547e-9 -0.9999999999999976
vn -2.817398248033952e-8 7.697861015287796e-9 0.9999999999999996
vn 5.5984486602156294e-8 -7.065757756663505e-9 -0.9999999999999984
vn -4.195135638873633e-8 7.065765750269286e-9 0.9999999999999991
vn 4.231439043600456e-8 1.1483460404804181e-8 -0.9999999999999991
vn -2.11571953290246e-8 -1.1483460404804188e-8 0.9999999999999998
vn 4.290589949995645e-8 1.2895671197554736e-8 -0.9999999999999991
vn -5.005646053213291e-8 -1.2895671197554731e-8 0.9999999999999987
vn 2.955771827295449e-8 1.0608112610555049e-8 -0.9999999999999996
vn -3.6769663092073275e-8 -1.0608112610555047e-8 0.9999999999999993
vn 4.177409373973258e-8 8.43802272498805e-9 -0.9999999999999991
vn -4.5508020685147646e-8 -8.438022724988049e-9 0.9999999999999989
vn 3.3161576817875e-8 4.195897851388962e-9 -0.9999999999999996
vn -2.1520007331687904e-8 -4.1958978513889625e-9 0.9999999999999998
vn 5.3713009373623704e-8 3.5552600863297766e-9 -0.9999999999999987
vn -6.566304500132945e-8 -3.555260086329774e-9 0.999999999999998
vn 1.6611001307786694e-7 -3.66836006016053e-9 -0.9999999999999862
vn -2.220446049250313e-16 3.668251036259562e-9 1
vn 4.114994234249987e-8 0 -0.9999999999999991
vn -4.431532141246915e-8 0 0.9999999999999991
vn -2.220446049250313e-16 0 1
vn 2.220446049250313e-16 0 -1
vn -2.220446049250313e-16 0 1
vn 2.220446049250313e-16 0 -1
vn 1.5942817066516568e-8 -7.273361912751852e-10 -1
vn -6.05916741225342e-8 7.273641133842533e-10 0.9999999999999982
vn 4.345140447448155e-8 -1.1813800604443249e-8 -0.9999999999999991
vn -4.268640219073912e-8 1.1813806821692187e-8 0.9999999999999991
vn 5.5859875169872353e-8 2.0502504582964284e-8 -0.9999999999999982
vn -2.85402743660512e-8 -2.05025223465327e-8 0.9999999999999993
vn 4.207638348852068e-8 -9.39727318183258e-9 -0.9999999999999991
vn -4.221630356404656e-8 9.39727495818942e-9 0.9999999999999991
vn 2.841986934676298e-8 -1.4002579540317577e-8 -0.9999999999999996
vn -4.2617905871011846e-8 1.4002584869388088e-8 0.9999999999999991
vn 2.9072822593789725e-8 -1.1767313345956149e-8 -0.9999999999999996
vn -4.344555315505257e-8 1.1767313345956144e-8 0.9999999999999991
vn 1.5145081855294507e-8 -7.03476432661887e-9 -1
vn -4.470673098388996e-8 7.034764326618863e-9 0.9999999999999991
vn 3.082004362831013e-8 -7.129943746519981e-9 -0.9999999999999996
vn -4.603426284610629e-8 7.129943746519976e-9 0.9999999999999989
vn 6.332448543311373e-8 -4.6217962790251386e-9 -0.999999999999998
vn -6.308118138953476e-8 4.6217962790251386e-9 0.999999999999998
vn 1.5918807827475234e-8 -2.0214103724214283e-9 -1
vn -3.185423858020896e-8 2.0214103724214275e-9 0.9999999999999996
vn -9.133775358272051e-8 0 0.9999999999999958
vn 9.133775358272051e-8 0 -0.9999999999999958
vn -9.133775358272051e-8 0 0.9999999999999958
vn 9.133775358272051e-8 0 -0.9999999999999958
vn -8.828503461621973e-8 0 0.9999999999999962
vn 8.828503461621973e-8 0 -0.9999999999999962
vn -8.828503461621973e-8 0 0.9999999999999962
vn 8.828503461621973e-8 0 -0.9999999999999962
vn 3.188808528342689e-8 -8.984602506423296e-10 -0.9999999999999996
vn -3.190060859914466e-8 8.984602506423296e-10 0.9999999999999996
vn 8.563878872713784e-8 2.6417246168364177e-9 -0.9999999999999964
vn -3.128552372722025e-8 -2.6416691056851947e-9 0.9999999999999996
vn 2.9089209485633192e-8 -1.3607738047483047e-8 -0.9999999999999996
vn -4.365353611923691e-8 1.360777091008457e-8 0.9999999999999991
vn 2.825303213604967e-8 7.697837922648884e-9 -0.9999999999999996
vn -5.6506007206635814e-8 -7.697857462574109e-9 0.9999999999999984
vn 5.605855002421825e-8 1.1698095825352066e-8 -0.9999999999999984
vn -2.7918204859034277e-8 -1.169809404899524e-8 0.9999999999999996
vn 4.2314404646859276e-8 -1.5087247007272695e-8 -0.9999999999999991
vn -4.2246313336491386e-8 1.5087252336343213e-8 0.9999999999999991
vn 2.8603931889747956e-8 -1.2895670309376323e-8 -0.9999999999999996
vn -4.29050361905325e-8 1.2895670309376316e-8 0.9999999999999991
vn 1.4811122328595161e-8 -8.12679168404884e-9 -1
vn -4.417521659583197e-8 8.126791684048833e-9 0.9999999999999991
vn 3.037204998612707e-8 -8.438020060452797e-9 -0.9999999999999996
vn -4.550800292157925e-8 8.43802006045279e-9 0.9999999999999989
vn 3.126791647822812e-8 -5.820633752762203e-9 -0.9999999999999996
vn -4.686458532354715e-8 5.820633752762199e-9 0.9999999999999989
vn 6.368832594638705e-8 -3.555260308374379e-9 -0.999999999999998
vn -4.775494510944606e-8 3.555260308374382e-9 0.9999999999999989
vn 1.3842500856675467e-7 3.668360060160545e-9 -0.9999999999999905
vn -2.220446049250313e-16 -3.668251036259562e-9 1
vn -4.2355180771726605e-8 0.1305258959941982 0.991444900372638
vn -5.200683305828183e-9 0.9914458084059485 0.13051899859512853
vn -3.6955646057841785e-8 0.4999979224581183 0.8660266032504799
vn -2.012039714839385e-8 0.8660279783508843 0.4999955406935944
vn 5.600736628014e-9 0.991445810334196 -0.13051898394781214
vn 4.3951534721658054e-8 0.13052607176166367 -0.9914448772324496
vn 2.1352261994120677e-8 0.866027926732055 -0.49999563010108183
vn 3.7776883085781303e-8 0.4999979671617219 -0.8660265774409839
vn -4.315335470689023e-8 0.1305258959941982 0.991444900372638
vn -4.315335470689023e-8 0.1305258959941982 0.991444900372638
vn -5.4007099614747e-9 0.9914458084059485 0.13051899859512853
vn -5.4007099614747e-9 0.9914458084059485 0.13051899859512853
vn -3.777688065890194e-8 0.4999979224581183 0.8660266032504799
vn -3.777688065890194e-8 0.4999979224581183 0.8660266032504799
vn -2.114694756727233e-8 0.8660280170650041 0.49999547363796837
vn -2.114694756727233e-8 0.8660280170650041 0.49999547363796837
vn 5.70074950085528e-9 0.9914458084059485 -0.13051899859512853
vn 5.70074950085528e-9 0.9914458084059485 -0.13051899859512853
vn 4.2753311061515704e-8 0.13052607176166367 -0.9914448772324496
vn 4.2753311061515704e-8 0.13052607176166367 -0.9914448772324496
vn 2.104430036785521e-8 0.866027926732055 -0.49999563010108183
vn 2.104430036785521e-8 0.866027926732055 -0.49999563010108183
vn 3.695564495648232e-8 0.4999979671617219 -0.8660265774409839
vn 3.695564495648232e-8 0.4999979671617219 -0.8660265774409839
vn 0.9914445230173151 0 0.1305287622670523
vn 0.13052685656087623 0 0.9914447739114551
vn 0.8660223428715265 0 0.5000053016192051
vn 0.4999975733502796 0 0.8660268048067749
vn 0.1305266653665618 0 -0.9914447990827758
vn 0.9914445423011993 0 -0.13052861579426012
vn 0.49999739107809116 0 -0.8660269100409652
vn 0.8660224501037113 0 -0.5000051158901928
vn 0.1305262405952402 0 0.9914448550050948
vn 0.9914445230173151 0 0.1305287622670523
vn 0.4999967633752792 0 0.8660272724425283
vn 0.8660223428715265 0 0.5000053016192051
vn 0.9914445423011993 0 -0.13052861579426012
vn 0.1305260424670873 0 -0.9914448810891507
vn 0.8660224501037113 0 -0.5000051158901928
vn 0.4999965587511084 0 -0.8660273905812965
vn -5.375411057323694e-9 -0.9914235701800693 0.13068781309443206
vn -5.375411057323694e-9 -0.9914235701800693 0.13068781309443206
vn -5.6502309300371927e-8 -0.1291572679159946 0.9916241224095312
vn -5.6502309300371927e-8 -0.1291572679159946 0.9916241224095312
vn -2.4802500843893297e-8 -0.8653476606320778 0.501172052531453
vn -2.4802500843893297e-8 -0.8653476606320778 0.501172052531453
vn -5.0495021417691627e-8 -0.4979355852115255 0.867214017979445
vn -5.0495021417691627e-8 -0.4979355852115255 0.867214017979445
vn 6.032567425731706e-8 -0.12915698951686075 -0.9916241586704803
vn 6.032567425731706e-8 -0.12915698951686075 -0.9916241586704803
vn 3.583607375719803e-9 -0.9914235277046549 -0.13068813532091336
vn 3.583607375719803e-9 -0.9914235277046549 -0.13068813532091336
vn 4.8426184069107306e-8 -0.4979354731458259 -0.8672140823251432
vn 4.8426184069107306e-8 -0.4979354731458259 -0.8672140823251432
vn 2.020944513189974e-8 -0.865347753152636 -0.501171892780994
vn 2.020944513189974e-8 -0.865347753152636 -0.501171892780994
vn 0.5866280878649098 -0.7992125648719287 0.13086925795920382
vn 0.07617775364724931 -0.10374289770004207 0.9916825908656749
vn 0.5118232178129892 -0.6973013021207081 0.5018046310750056
vn 0.2941725860633151 -0.40071978229068356 0.867690120774536
vn 0.07617765823498639 -0.10374278790959832 -0.9916826096804247
vn 0.5866278836116511 -0.7992127306274821 -0.13086916127292467
vn 0.2941726203128572 -0.40071972874401734 -0.8676901338920412
vn 0.5118231712390332 -0.69730149868748 -0.5018044054320502
vn 0.51523524017657 -0.8469979083946897 0.13087089231457585
vn 0.06674992054818144 -0.10967869665069582 0.9917232636213672
vn 0.4494776563768805 -0.7388988466978526 0.50199435332136
vn 0.25816217848212114 -0.42432048286217317 0.8679311132947001
vn 0.06675006845948805 -0.1096787544474065 -0.9917232472739154
vn 0.5152352879772234 -0.8469978889900498 -0.13087082971169334
vn 0.25816235080261524 -0.42432046156846787 -0.8679310724489532
vn 0.44947777129809535 -0.738898780044029 -0.5019943485322749
vn 0.4424203245984574 -0.8872272787296789 0.1307364228519507
vn 0.05757209417905745 -0.11541119480380338 0.9916479768979496
vn 0.38611032088535097 -0.7742991152595164 0.5013778018761313
vn 0.22209352960246848 -0.44532088844404166 0.86738905366861
vn 0.05757208749574915 -0.11541108458319933 -0.9916479901137859
vn 0.4424203736876355 -0.887227257802785 -0.13073639874894605
vn 0.22209353576125032 -0.44532084126447524 -0.8673890763138343
vn 0.38611042004080265 -0.7742991348089645 -0.5013776953255936
vn 0.37501197320594215 -0.9177677452048224 0.13064603252239088
vn 0.048980063584112776 -0.11983533678064309 0.9915848150460788
vn 0.3273836631438419 -0.801201141390833 0.5008958655654346
vn 0.18854145436033604 -0.4613666468435669 0.8669445986728407
vn 0.04898012920165831 -0.11983505759173434 -0.9915848455454402
vn 0.3750119212536704 -0.9177677639324939 -0.13064605008947258
vn 0.1885416209214195 -0.46136634863962334 -0.8669447211462018
vn 0.3273838325667346 -0.8012011184083347 -0.5008957915925724
vn 0.31692472448676356 -0.9394255383772597 0.13053113365624605
vn 0.041633188828868975 -0.12339367389377995 0.9914840789598869
vn 0.27680037910638566 -0.820481911685375 0.5001909462631985
vn 0.15970741244793976 -0.4733775863721877 0.8662604707186089
vn 0.04163331473799779 -0.12339354114881118 -0.9914840901934248
vn 0.31692482987319576 -0.9394254974036763 -0.13053117266653777
vn 0.15970752636350585 -0.4733776004837631 -0.8662604420052235
vn 0.27680049743447965 -0.8204819090733858 -0.5001908850662081
vn 0.2603206067934749 -0.9566317904966343 0.13072413354037105
vn 0.0338790161417775 -0.12445239178628502 0.9916470210936642
vn 0.22719112738287303 -0.8348833032053234 0.5013522331330209
vn 0.13068797011023586 -0.4801860914636828 0.8673764880565403
vn 0.03387905732425031 -0.12445233293204172 -0.9916470270729362
vn 0.2603206038752057 -0.9566317894635855 -0.13072414691152603
vn 0.13068806173064593 -0.4801860399919059 -0.8673765027472088
vn 0.227191212175022 -0.8348832862467793 -0.5013522229493176
vn 0.20483018327775507 -0.9700416264902982 0.13062862968912256
vn 0.026778818487386447 -0.12678703404346722 0.9915684257169952
vn 0.17882722674251322 -0.8468909887151317 0.5007958428428578
vn 0.10301796452557578 -0.4878251900636138 0.8668413251134293
vn 0.026778832174255335 -0.12678684339806107 -0.991568449724243
vn 0.2048302257069794 -0.9700416157197885 -0.1306286431398952
vn 0.10301798813781458 -0.4878251662301697 -0.866841335719833
vn 0.17882730051462734 -0.8468910448451538 -0.5007957215789041
vn 0.14880287566318828 -0.9801903909779991 0.13070769536933613
vn 0.019379613956662285 -0.12761064160824245 0.9916349906650246
vn 0.12987436188001136 -0.855499218081775 0.5012521700578777
vn 0.07472663109488538 -0.4921683092340593 0.8672867380462452
vn 0.01937963438489282 -0.1276103852516709 -0.9916350232555463
vn 0.14880291821754157 -0.9801903768213102 -0.1307077530861952
vn 0.07472666061831312 -0.49216809004517464 -0.8672868598878459
vn 0.12987445225438785 -0.8554992034008134 -0.5012521716982348
vn 0.09422849885775954 -0.9869463282482546 0.13060603033666515
vn 0.012338072960997875 -0.12919950451863613 0.991541859927128
vn 0.08227672401497728 -0.8617555471431125 0.5006075485382117
vn 0.047421834800797875 -0.49664805809683105 0.8666555694004238
vn 0.012338180954217013 -0.12919951899884552 -0.991541856696533
vn 0.09422853577989065 -0.9869463247837911 -0.13060602987820064
vn 0.0474219369051885 -0.4966481038344029 -0.8666555376029468
vn 0.08227680541656257 -0.8617555413322033 -0.5006075451625618
vn 0.05109911412652413 -0.9901214243244388 0.13056969644304553
vn 0.006707088972610172 -0.12994041943615817 0.9914991186855735
vn 0.04462609686185708 -0.8646844976543017 0.5003291226734697
vn 0.025741097611611224 -0.49873635902674696 0.866371421549957
vn 0.006707150993682903 -0.12994031683524424 -0.99149913171233
vn 0.051099115526336406 -0.9901214262910842 -0.13056968098197758
vn 0.025741158123419074 -0.49873640640551625 -0.866371392477947
vn 0.0446261357330875 -0.8646845886159845 -0.5003289620035382
vn -0.13052520679209664 0 0.9914449911073637
vn -0.9914452351942818 0 0.13052335274024784
vn -0.4999961202355844 0 0.8660276437558808
vn -0.8660251338172205 0 0.5000004675966468
vn -0.9914452274810366 0 -0.13052341132944656
vn -0.13052544886211492 0 -0.9914449592384558
vn -0.8660250523956597 0 -0.5000006086227243
vn -0.49999632485984824 0 -0.8660275256171973
vn -0.9914452351942818 0 0.13052335274024784
vn -0.13052455459787146 0 0.9914450769694847
vn -0.8660251338172205 0 0.5000004675966468
vn -0.4999952844503496 0 0.8660281262911811
vn -0.13052481824915796 0 -0.9914450422595416
vn -0.9914452274810366 0 -0.13052341132944656
vn -0.49999553723605455 0 -0.8660279803470723
vn -0.8660250523956597 0 -0.5000006086227243
vn 0.9914445403728117 0 0.13052863044154012
vn 0.1305251628502211 0 0.9914449968923758
vn 0.8660243573886353 0 0.5000018124063166
vn 0.49999947189349625 0 0.8660257086866561
vn 0.13052525073397095 0 -0.9914449853223496
vn 0.9914445307308714 0 -0.1305287036779362
vn 0.4999993824864623 0 -0.8660257603057523
vn 0.8660242799597364 0 -0.5000019465164313
vn 0.13052493542749885 0 0.9914450268328785
vn 0.9914445403728117 0 0.13052863044154012
vn 0.49999947189349625 0 0.8660257086866561
vn 0.8660243573886353 0 0.5000018124063166
vn 0.9914445307308714 0 -0.1305287036779362
vn 0.13052502409063946 0 -0.9914450151602648
vn 0.8660242799597364 0 -0.5000019465164313
vn 0.4999993824864623 0 -0.8660257603057523
vn 0.004075461565912071 -0.1292695413563693 0.991601117531913
vn 0.03123337100898765 -0.9909329643093017 0.1306764584024032
vn 0.01569620474173883 -0.49795706610364937 0.8670596227908155
vn 0.027263485078068826 -0.8650023404264963 0.5010265995314838
vn 0.03123337845229981 -0.990932964078705 -0.1306764583719939
vn 0.004075551522997085 -0.1292693355500908 -0.991601143991989
vn 0.027263539732939063 -0.865002420786126 -0.5010264578197168
vn 0.01569629250428303 -0.4979570139352254 -0.8670596511626715
vn 0.08012835166577931 -0.10125548486980544 0.9916283447154511
vn 0.6150620086079177 -0.777545866550309 0.13084781609840793
vn 0.3088001411693622 -0.3903215058984926 0.8673474475934745
vn 0.5367383995230844 -0.6785346914099528 0.5015003120942176
vn 0.6150620050102026 -0.7775458620021684 -0.13084786003651225
vn 0.0801282870963787 -0.10125523469132276 -0.9916283754787402
vn 0.5367387899974863 -0.6785341807457307 -0.5015005851160638
vn 0.30880035805389006 -0.39032067401691856 -0.8673477447372349
vn 0.07188121958132429 -0.10684566920555744 0.991673884522285
vn 0.5532676322598966 -0.8226652958359731 0.1308309524563607
vn 0.27751919486089516 -0.41259701379766656 0.8676098205351347
vn 0.4827542562491171 -0.7178161680046078 0.5016854363289236
vn 0.5532677007485507 -0.8226652494411533 -0.13083095455715865
vn 0.07188124526698753 -0.1068456258335749 -0.9916738873334817
vn 0.4827545177058105 -0.7178160387375043 -0.5016853696948198
vn 0.2775194297630725 -0.4125969336685362 -0.867609783503679
vn 0.06195069149482027 -0.11299318967998331 0.9916625690774342
vn 0.47647908189568994 -0.8694059227121884 0.13077089151951427
vn 0.23910088408758087 -0.4362093132066247 0.8674976670287603
vn 0.415798111290409 -0.7586827575657502 0.5015101235466315
vn 0.47647904066740593 -0.8694059614684883 -0.13077078407550413
vn 0.06195075123578507 -0.11299313777456348 -0.9916625712595895
vn 0.41579796254655405 -0.75868299647287 -0.5015098854510062
vn 0.23910081073289166 -0.4362093451090111 -0.8674976712051978
vn 0.052821188424652735 -0.11744758983906477 0.9916733260980665
vn 0.40650451316905434 -0.9042438231489403 0.13075622000569662
vn 0.2039505838864263 -0.4536030854090912 0.8675531109043056
vn 0.3547290473969658 -0.7890695663302898 0.5015341687504149
vn 0.40650436845566185 -0.9042438923146814 -0.130756191585938
vn 0.05282130011080414 -0.11744746385044776 -0.9916733350704265
vn 0.3547291540771547 -0.7890695518371975 -0.5015341160989452
vn 0.2039508289303101 -0.4536029213304144 -0.8675531390866805
vn 0.04438993678022131 -0.1207890204569301 0.9916852051178858
vn 0.3418479261692112 -0.9306136148751478 0.13076044961233205
vn 0.17147028097169215 -0.4667164480777618 0.8676253222659921
vn 0.2982950269772883 -0.8120475953364642 0.5015962318328206
vn 0.34184811265484716 -0.9306135380768461 -0.13076050865002592
vn 0.04438994408457787 -0.12078874915189572 -0.9916852378363249
vn 0.29829529128964927 -0.8120474654870458 -0.5015962848651181
vn 0.1714703786351363 -0.46671611292282267 -0.8676254832523845
vn 0.03849532324843348 -0.12315310865821119 0.9916407726166858
vn 0.2957533759370098 -0.9462788264000653 0.13071466378634253
vn 0.1484863594076393 -0.475063837745509 0.8673327799272744
vn 0.2581237839571161 -0.8258725601699684 0.5013049236881305
vn 0.29575342917589165 -0.9462788060324773 -0.13071469077517658
vn 0.03849546452903749 -0.12315312266225409 -0.9916407653930073
vn 0.25812381480817065 -0.8258726588785756 -0.5013047451857094
vn 0.14848648371211137 -0.47506402093063355 -0.8673326583105422
vn 0.029935308802166126 -0.12592857713794953 0.991587550722038
vn 0.22922611124347206 -0.9645644348140416 0.13065542857479784
vn 0.11523875166074442 -0.484858912100414 0.8669670498193551
vn 0.2001097033931119 -0.8420382060609524 0.5009269069850152
vn 0.22922619416743822 -0.9645644075341487 -0.13065548448422878
vn 0.029935277671132406 -0.12592844527359123 -0.991587568408221
vn 0.20010979348094513 -0.8420382058282896 -0.500926871387919
vn 0.1152387409936214 -0.48485875110089477 -0.8669671412776184
vn 0.02347997129509359 -0.1272491373654779 0.991592833771868
vn 0.17984990777223464 -0.9749788046771308 0.13065351547000856
vn 0.09040297878976183 -0.4900260226624215 0.8670073809025997
vn 0.1570008721941935 -0.8511084251781766 0.5009642449526579
vn 0.17984990742208687 -0.9749788027789553 -0.13065353011680175
vn 0.023480018636937935 -0.1272488733485866 -0.9915928665315845
vn 0.1570008928274339 -0.8511085158566668 -0.5009640844288645
vn 0.0904030357985311 -0.49002592976791104 -0.8670074274615551
vn 0.015322676846978875 -0.12846897531730617 0.991595148210783
vn 0.11738094290860712 -0.9844532843589345 0.1306653938760883
vn 0.05900255757786475 -0.49478219217031966 0.8670116957171937
vn 0.10246866761246207 -0.859378021842058 0.5009686494507993
vn 0.11738100835112787 -0.9844532737155528 -0.13066541527582257
vn 0.015322713416312094 -0.12846885746957687 -0.9915951629137887
vn 0.10246874439568486 -0.8593780409422003 -0.5009686009804584
vn 0.059002603658942124 -0.49478214268077103 -0.8670117208237101
vn 0.009230401982823919 -0.1290267363799453 0.9915981549893967
vn 0.070722282806296 -0.988900390687631 0.1306689558101573
vn 0.03554616383899875 -0.4969715021331767 0.86703852065743
vn 0.061736466980692156 -0.8632417147117147 0.5010013479286464
vn 0.07072228308170543 -0.9889003945386443 -0.1306689265166935
vn 0.009230493665836656 -0.1290266993379856 -0.9915981589558494
vn 0.06173651813755867 -0.8632417678879926 -0.5010012500003009
vn 0.03554623453007903 -0.4969715008828073 -0.8670385184759802
vn 0.626881008290292 -0.7680510938725733 0.13083469970191455
vn 0.08176762518688613 -0.10017982757642095 0.9916037805585733
vn 0.5471080270347457 -0.670311715746551 0.5013531793925945
vn 0.3148815628459103 -0.3857883508799148 0.8671891083870189
vn 0.08176760144745568 -0.10017942354491428 -0.9916038233345708
vn 0.6268812482535477 -0.7680508573465179 -0.13083493844288074
vn 0.3148821147208278 -0.3857867835543088 -0.8671896052558289
vn 0.5471089600502593 -0.6703103925557546 -0.501353930337116
vn -5.600736617121217e-9 0.9914458084059485 0.13051899859512853
vn -4.395152864205385e-8 0.1305258959941982 0.991444900372638
vn -2.2173499648197015e-8 0.8660279783508843 0.4999955406935944
vn -3.859811228240283e-8 0.499997900106315 0.8660266161552276
vn 4.155508740137336e-8 0.13052607176166367 -0.9914448772324496
vn 5.800761951781955e-9 0.991445810334196 -0.13051898394781214
vn 3.6134406827183334e-8 0.4999979671617219 -0.8660265774409839
vn 2.0736334791907178e-8 0.8660279247358632 -0.4999956335586276
vn -0.1305266653665618 0 0.9914447990827758
vn -0.9914445365160363 0 0.13052865973609856
vn -0.49999739107809116 0 0.8660269100409652
vn -0.8660224242939671 0 0.5000051605933685
vn -0.9914445288024825 0 -0.13052871832521568
vn -0.13052685656087623 0 -0.9914447739114551
vn -0.866022372674476 0 -0.5000052499997084
vn -0.4999975733502796 0 -0.8660268048067749
vn -0.9914445365160363 0 0.13052865973609856
vn -0.1305260278197988 0 0.9914448830175006
vn -0.8660224242939671 0 0.5000051605933685
vn -0.4999965587511084 0 0.8660273905812965
vn -0.130526225947952 0 -0.9914448569334474
vn -0.9914445288024825 0 -0.13052871832521568
vn -0.4999967633752792 0 -0.8660272724425283
vn -0.866022372674476 0 -0.5000052499997084
vn -0.07617774741752831 -0.10374275035105826 0.9916826067588305
vn -0.5866280208270922 -0.7992126143497256 0.13086925630095597
vn -0.29417260127743866 -0.40071980301525295 0.8676901060454025
vn -0.5118232365020706 -0.6973014467917589 0.5018044109796818
vn -0.5866277383882792 -0.7992128359953968 -0.13086916876654997
vn -0.07617764626598394 -0.10374278920675158 -0.9916826104641435
vn -0.5118231059759936 -0.6973015505831953 -0.5018043998844155
vn -0.29417269348670627 -0.40071971742556745 -0.8676901143110655
vn -0.0667500764223333 -0.10967868078331962 0.9917232548847703
vn -0.5152354005472062 -0.8469978184710268 0.1308708429264576
vn -0.2581622030335339 -0.42432050403399774 0.8679310956413573
vn -0.44947758901836754 -0.7388988935558611 0.5019943446615306
vn -0.5152354275636422 -0.8469978032788236 -0.13087083488752638
vn -0.06674996537976087 -0.10967865215769418 -0.9917232655245476
vn -0.44947779507944474 -0.7388987701461243 -0.5019943418078193
vn -0.2581623240917341 -0.42432041766596523 -0.8679311018573623
vn -0.057572190679058756 -0.11541123877327475 0.9916479661781352
vn -0.4424205383120618 -0.8872271697425866 0.1307364392593923
vn -0.222093577951894 -0.44532095543525657 0.8673890068952663
vn -0.38611034624470686 -0.774299106349669 0.5013777961067849
vn -0.44242046755020337 -0.8872272068118804 -0.1307364271557404
vn -0.0575720168143382 -0.11541114436922467 -0.9916479872592469
vn -0.3861103146043476 -0.7742991622683398 -0.5013777341153864
vn -0.22209342212420383 -0.4453209716467038 -0.8673890384716629
vn -0.04898039845805569 -0.11983576047975911 0.9915847472995579
vn -0.3750117536295597 -0.9177678375913376 0.1306460138029567
vn -0.18854179802134316 -0.4613668510848683 0.86694441524178
vn -0.327383780096806 -0.8012010299898122 0.5008959673153599
vn -0.3750117726837832 -0.9177678246181743 -0.13064605024336026
vn -0.04898038214948819 -0.1198360029055337 -0.9915847188072813
vn -0.3273835801058773 -0.801200395447345 -0.5008971130003411
vn -0.188541368744811 -0.46136599380901033 -0.866944964820984
vn -0.04163325960152033 -0.1233936515187486 0.9914840787727366
vn -0.3169247512957025 -0.9394255295042979 0.13053113242336714
vn -0.15970749281510943 -0.47337764898493095 0.8662604216863491
vn -0.27680041487774326 -0.8204819293785806 0.5001908974448764
vn -0.3169247578929583 -0.9394255203246931 -0.13053118247058665
vn -0.04163316249549346 -0.12339349791063252 -0.9914841019673502
vn -0.276800478613329 -0.8204819724936948 -0.50019079145091
vn -0.15970750733619316 -0.473377647858374 -0.866260419624799
vn -0.03387908693529588 -0.12445236948230157 0.9916470214742096
vn -0.26032057659958396 -0.956631798748748 0.1307241332791879
vn -0.13068808011776825 -0.4801859931957039 0.867376525883533
vn -0.2271911952166701 -0.8348832738412151 0.5013522512926374
vn -0.2603205507209561 -0.9566318034765726 -0.1307241502152466
vn -0.03387895288453052 -0.12445239205330437 -0.9916470232212966
vn -0.22719100753753518 -0.8348833008679528 -0.501352291334059
vn -0.13068785106674133 -0.4801861218751435 -0.8673764891568524
vn -0.02677889832132001 -0.12678709241803296 0.9915684160968811
vn -0.2048302257069794 -0.9700416157197885 0.1306286431398952
vn -0.10301799073770566 -0.48782513778180364 0.8668413514205068
vn -0.17882724485615262 -0.8468909443241556 0.5007959114438714
vn -0.20483028320958993 -0.9700416057649149 -0.1306286268981821
vn -0.02677874086890728 -0.1267868730311924 -0.9915684484010413
vn -0.17882742334942786 -0.8468909318412849 -0.5007958688160321
vn -0.10301798553202828 -0.4878249994005804 -0.8668414299148067
vn -0.019379662625202812 -0.12761053887895832 0.9916350029338189
vn -0.14880287595301112 -0.9801903928871122 0.13070768072275382
vn -0.07472666041388012 -0.49216825697936006 0.8672867651736001
vn -0.12987440168241443 -0.8554992243489664 0.5012521490487116
vn -0.1488028602225045 -0.9801903874240692 -0.13070773959890525
vn -0.01937959402803017 -0.1276104217813702 -0.9916350193433516
vn -0.12987439117964364 -0.855499214770516 -0.5012521681177523
vn -0.0747266235734377 -0.49216809141526435 -0.8672868623021854
vn -0.012338165349886293 -0.1291994967344211 0.9915418597917949
vn -0.09422852655418028 -0.986946324623614 0.13060603774469304
vn -0.04742190716988843 -0.4966481045363073 0.8666555388277765
vn -0.08227676101569818 -0.8617555445017908 0.5006075470038257
vn -0.09422853393860683 -0.986946323930721 -0.13060603765300016
vn -0.012338058133365606 -0.12919946058511925 -0.9915418658362399
vn -0.08227674689932928 -0.8617556123262458 -0.5006074325695545
vn -0.047421834098894756 -0.4966480805481311 -0.8666555565728254
vn -0.006707162026195993 -0.12994047797069014 0.9914991105201775
vn -0.051099122957461766 -0.9901214259141271 0.13056968093226734
vn -0.025741168345220205 -0.49873635811806405 0.8663714199714538
vn -0.044626136340566246 -0.8646844811773174 0.5003291476282657
vn -0.05109910669539789 -0.990121424701396 -0.1305696964927558
vn -0.006707084355166845 -0.1299403754915294 -0.9914991244759489
vn -0.04462609359270614 -0.8646845535198332 -0.5003290264164788
vn -0.02574109483545074 -0.4987364072185482 -0.8663713938902915
vn 0.9914452351942818 0 0.1305233527402483
vn 0.13052510426105313 0 0.9914450046057225
vn 0.866025056388465 0 0.5000006017069939
vn 0.4999960978837264 0 0.8660276566605982
vn 0.13052553674586004 0 -0.9914449476684044
vn 0.9914452351942818 0 -0.13052335274024784
vn 0.4999963248598486 0 -0.8660275256171971
vn 0.8660250563884653 0 -0.5000006017069935
vn 0.1305244520668075 0 0.9914450904677776
vn 0.9914452351942818 0 0.1305233527402483
vn 0.49999523628906545 0 0.86602815409676
vn 0.866025056388465 0 0.5000006017069939
vn 0.9914452351942818 0 -0.13052335274024784
vn 0.1305248914856221 0 -0.9914450326178788
vn 0.8660250563884653 0 -0.5000006017069935
vn 0.4999955372360549 0 -0.8660279803470721
vn -0.1305255806877312 0 0.9914449418833758
vn -0.9914445307308714 0 0.1305287036779362
vn -0.49999982100098905 0 0.8660255071295411
vn -0.8660243613815429 0 0.5000018054904309
vn -0.9914445307308714 0 -0.13052870367793665
vn -0.13052547815669682 0 -0.9914449553817729
vn -0.8660243613815427 0 -0.5000018054904314
vn -0.4999998210009887 0 -0.8660255071295413
vn -0.9914445307308714 0 0.1305287036779362
vn -0.13052534633107604 0 0.9914449727368396
vn -0.8660243613815429 0 0.5000018054904309
vn -0.49999982100098905 0 0.8660255071295411
vn -0.1305252584473243 0 -0.9914449843068748
vn -0.9914445307308714 0 -0.13052870367793665
vn -0.4999998210009887 0 -0.8660255071295413
vn -0.8660243613815427 0 -0.5000018054904314
vn -0.031233382721323054 -0.9909329813295756 0.1306763265364552
vn -0.004075548603874604 -0.1292696145712606 0.9916011076295627
vn -0.02726352847853371 -0.8650022985774535 0.5010266694205232
vn -0.01569628458280817 -0.49795708789013265 0.8670596088333686
vn -0.004075461170514283 -0.12926936490199065 -0.9916011405369014
vn -0.031233366663091407 -0.9909329441105091 -0.1306766126105499
vn -0.01569620601880306 -0.497957047013455 -0.8670596337312994
vn -0.02726349147603396 -0.8650023661267222 -0.501026554812924
vn -0.6150618392297589 -0.7775459976880453 0.13084783300692499
vn -0.0801287024568039 -0.10125571661337342 0.9916282927063453
vn -0.5367380194118516 -0.6785341265451021 0.5015014831797792
vn -0.30879974780342007 -0.3903207156677487 0.8673479432598896
vn -0.08012826756889257 -0.1012554915799745 -0.9916283508257041
vn -0.6150618380305208 -0.7775459961719983 -0.1308478476529604
vn -0.30880021748282477 -0.3903211834575704 -0.8673475655277081
vn -0.5367386079549138 -0.6785344150827093 -0.5015004628901022
vn -0.5532674963611971 -0.8226653902294048 0.13083093360866085
vn -0.07188125256462731 -0.10684564050740179 0.9916738852235162
vn -0.4827543765478658 -0.7178161696245453 0.5016853182518173
vn -0.2775193370045398 -0.412597018092618 0.8676097730256618
vn -0.07188116447795001 -0.10684553071119617 -0.9916739034381901
vn -0.5532675355633352 -0.8226653598924869 -0.13083095858640945
vn -0.27751934654033983 -0.4125968236535447 -0.8676098624421166
vn -0.4827544224660113 -0.717816045355608 -0.5016854518715325
vn -0.47647929366242314 -0.8694058144773734 0.13077083950137028
vn -0.06195079529831123 -0.11299320366073548 0.9916625609996529
vn -0.4157980373408388 -0.7586827857699675 0.5015101421903928
vn -0.2391008014780552 -0.43620929842240563 0.8674976972317473
vn -0.06195068778382742 -0.11299318970606037 -0.9916625693062944
vn -0.4764791114313164 -0.8694059222255628 -0.13077078713819093
vn -0.23910081998772773 -0.4362093917956189 -0.8674976451786438
vn -0.41579791324683374 -0.7586830152756809 -0.5015098978801708
vn -0.406504438536225 -0.9042438560130772 0.13075622475794382
vn -0.052821536780183025 -0.1174481379639513 0.9916732426263101
vn -0.3547291128960639 -0.7890694669212988 0.5015342788249961
vn -0.20395095082124437 -0.4536034074708237 0.8675528562514034
vn -0.05282153456971275 -0.11744840210245441 -0.9916732114609536
vn -0.40650441524269537 -0.9042438704914812 -0.13075619704924038
vn -0.20395053793839793 -0.4536025461993517 -0.8675534036335187
vn -0.35472887139004533 -0.7890687447977776 -0.5015355857619723
vn -0.3418478208907228 -0.9306136527989931 0.13076045494100855
vn -0.04438997435920552 -0.1207889468384192 0.9916852124026329
vn -0.29829513518361905 -0.8120476465139149 0.5015960846308496
vn -0.17147034038336043 -0.46671639870427617 0.8676253370835396
vn -0.04438980680008785 -0.12078869849780659 -0.9916852501512045
vn -0.3418479235048721 -0.9306136076220096 -0.1307605081978332
vn -0.1714703328610111 -0.4667161398110136 -0.8676254778350163
vn -0.29829523146887915 -0.8120475245033136 -0.5015962248970461
vn -0.295753321545988 -0.9462788430813266 0.13071466609061616
vn -0.038495464705647395 -0.12315308597435567 0.9916407699424673
vn -0.2581237993826439 -0.8258726095242733 0.5013048344369277
vn -0.1484865101183536 -0.4750638312513631 0.8673327576827989
vn -0.03849533795090292 -0.12315314527546575 -0.9916407674983949
vn -0.29575337478487274 -0.9462788227137409 -0.1307146930794513
vn -0.14848634757401238 -0.4750640263736215 -0.8673326786359504
vn -0.2581237437493331 -0.8258726222306333 -0.501304842149691
vn -0.22922618183439278 -0.9645644183405567 0.13065542634337582
vn -0.029935349722991122 -0.1259285988633819 0.9915875467276036
vn -0.20010969741832252 -0.8420381809197371 0.5009269516331971
vn -0.11523874763948944 -0.48485886692441316 0.8669670756189396
vn -0.029935223309618498 -0.12592854813122786 -0.9915875569867568
vn -0.22922622235698256 -0.9645644038458996 -0.13065546225608668
vn -0.1152387025702454 -0.48485877597853544 -0.8669671324718848
vn -0.2001097992632607 -0.8420381736526094 -0.5009269231640435
vn -0.1798498356763913 -0.9749788177417102 0.13065351722074728
vn -0.023480067196027965 -0.1272491374690883 0.9915928314877247
vn -0.15700088204003682 -0.8511083977730904 0.5009642884266036
vn -0.09040306731123564 -0.49002597942452913 0.8670073961101782
vn -0.023479929279268074 -0.1272488736157167 -0.9915928686132086
vn -0.17984982522473034 -0.9749788206871512 -0.13065350962804506
vn -0.09040296850282716 -0.4900258198383629 -0.8670074966098142
vn -0.15700086703636237 -0.8511084779971831 -0.5009641568327508
vn -0.11738097964822519 -0.9844532800541357 0.13066539330471705
vn -0.01532271979509067 -0.12846891661206056 0.9915951551528499
vn -0.1024687105936549 -0.8593780698837415 0.5009685582470909
vn -0.059002605838041955 -0.49478219075651786 0.8670116932397748
vn -0.01532263808490051 -0.12846881365239185 -0.991595169754707
vn -0.11738098631050303 -0.9844532734427887 -0.13066543713067907
vn -0.059002555398766685 -0.49478214409457255 -0.8670117233011287
vn -0.10246871365337565 -0.859378095544815 -0.5009685136013933
vn -0.07072229021961082 -0.9889003901665576 0.1306689557413049
vn -0.009230489905370138 -0.12902672864859618 0.991598155176959
vn -0.06173650780270075 -0.863241712527843 0.5010013466611883
vn -0.03554623055189897 -0.4969714079401928 0.867038571912169
vn -0.009230399171347525 -0.12902675103636044 -0.991598153108475
vn -0.0707222829440007 -0.9889003926131378 -0.13066894116342548
vn -0.03554615136671175 -0.4969714542056308 -0.8670385486399986
vn -0.06173646247118751 -0.8632417708659997 -0.5010012517286525
vn -0.08176825279853944 -0.10018058801778555 0.9916036519793001
vn -0.626880355828966 -0.7680516207997197 0.1308347326311819
vn -0.31488090699803706 -0.3857867942070767 0.867190039047682
vn -0.5471073673757879 -0.6703103399293536 0.5013557387194534
vn -0.626880766621222 -0.7680512552813507 -0.13083491010097698
vn -0.08176755796967694 -0.10017990188376598 -0.9916037785941694
vn -0.5471086309194135 -0.6703107716756092 -0.5013537826217473
vn -0.3148817239929662 -0.3857877927929504 -0.867189298150733
vn 0 -1 0
vn 0 -1 0
vn 0 -1 0
vn 0 -1 0
vn 0 1 0
vn 0 1 0
vn 0 1 0
vn 0 1 0
vn 1 0 2.220446049250313e-16
vn 1 0 2.220446049250313e-16
vn 1 0 2.220446049250313e-16
vn 1 0 2.220446049250313e-16
vn -1 0 -2.220446049250313e-16
vn -1 0 -2.220446049250313e-16
vn -1 0 -2.220446049250313e-16
vn -1 0 -2.220446049250313e-16
vn 1 -1.0920513382473018e-8 2.220446049250313e-16
vn 1 -1.0920513382473018e-8 2.220446049250313e-16
vn 1 -1.0920513382473018e-8 2.220446049250313e-16
vn 1 -1.0920513382473018e-8 2.220446049250313e-16
vn -0.9999999999999998 2.184100900137764e-8 -2.2204460492503126e-16
vn -0.9999999999999998 2.184100900137764e-8 -2.2204460492503126e-16
vn -0.9999999999999998 2.184100900137764e-8 -2.2204460492503126e-16
vn -0.9999999999999998 2.184100900137764e-8 -2.2204460492503126e-16
vn -4.523455364484818e-15 -1 -1.004408859303045e-30
vn -4.523455364484818e-15 -1 -1.004408859303045e-30
vn -4.523455364484818e-15 -1 -1.004408859303045e-30
vn -4.523455364484818e-15 -1 -1.004408859303045e-30
vn -1.8589537376101039e-7 -0.9999999999999827 7.325864803675418e-9
vn -1.8589537376101039e-7 -0.9999999999999827 7.325864803675418e-9
vn 0 1 0
vn 0 1 0
vn 0 1 0
vn 0 1 0
vn 2.0655039634220445e-7 0.9999999999999787 -8.921986704990322e-9
vn 2.0655039634220445e-7 0.9999999999999787 -8.921986704990322e-9
vn 0 1 0
vn 0 1 0
vn 0 1 0
vn 0 1 0
vn 0 -1 0
vn 0 -1 0
vn 0 -1 0
vn 0 -1 0
vn 4.13100806895272e-8 0.9999999999999991 1.091082335591409e-8
vn 4.13100806895272e-8 0.9999999999999991 1.091082335591409e-8
vn 0 1 0
vn 0 1 0
vn 0 1 0
vn 0 1 0
vn -8.262016137905419e-8 -0.9999999999999964 -1.2506944813139827e-8
vn -8.262016137905419e-8 -0.9999999999999964 -1.2506944813139827e-8
vn 0 -1 0
vn 0 -1 0
vn 0 -1 0
vn 0 -1 0
vn 0 -1 0
vn 0 -1 0
vn 0 -1 0
vn 0 -1 0
vn 0 1 0
vn 0 1 0
vn 0 1 0
vn 0 1 0
vn -1 0 -2.220446049250313e-16
vn -1 0 -2.220446049250313e-16
vn -1 0 -2.220446049250313e-16
vn -1 0 -2.220446049250313e-16
vn 1 0 2.220446049250313e-16
vn 1 0 2.220446049250313e-16
vn 1 0 2.220446049250313e-16
vn 1 0 2.220446049250313e-16
vn -1 -1.0920513382473018e-8 -2.220446049250313e-16
vn -1 -1.0920513382473018e-8 -2.220446049250313e-16
vn -1 -1.0920513382473018e-8 -2.220446049250313e-16
vn -1 -1.0920513382473018e-8 -2.220446049250313e-16
vn 0.9999999999999998 2.184100900137764e-8 2.2204460492503126e-16
vn 0.9999999999999998 2.184100900137764e-8 2.2204460492503126e-16
vn 0.9999999999999998 2.184100900137764e-8 2.2204460492503126e-16
vn 0.9999999999999998 2.184100900137764e-8 2.2204460492503126e-16
vn 1.8589537376101039e-7 -0.9999999999999827 -7.325864803675418e-9
vn 1.8589537376101039e-7 -0.9999999999999827 -7.325864803675418e-9
vn -2.0655039634220445e-7 0.9999999999999787 8.921986704990322e-9
vn -2.0655039634220445e-7 0.9999999999999787 8.921986704990322e-9
vn 0 1 0
vn 0 1 0
vn 0 1 0
vn 0 1 0
vn 0 -1 0
vn 0 -1 0
vn 0 -1 0
vn 0 -1 0
vn -4.13100806895272e-8 0.9999999999999991 -1.091082335591409e-8
vn -4.13100806895272e-8 0.9999999999999991 -1.091082335591409e-8
vn 8.262016137905419e-8 -0.9999999999999964 1.2506944813139827e-8
vn 8.262016137905419e-8 -0.9999999999999964 1.2506944813139827e-8
vn 0.9914459164899839 0 0.1305181775667132
vn 0.1305270832039866 0 0.9914447440731428
vn 0.866027656660598 0 0.49999609788372673
vn 0.4999977178341729 0 0.8660267213894839
vn -0.1305243348884445 0 0.9914451058943855
vn -0.9914459184182195 0 0.13051816291939333
vn -0.4999952397465862 0 0.8660281521005848
vn -0.866027673557736 0 0.4999960686167195
vn 0.1305270832039866 0 0.9914447440731428
vn 0.9914459164899839 0 0.1305181775667132
vn 0.4999977178341729 0 0.8660267213894839
vn 0.866027656660598 0 0.49999609788372673
vn -0.9914459184182195 0 0.13051816291939333
vn -0.1305243348884445 0 0.9914451058943855
vn -0.866027673557736 0 0.4999960686167195
vn -0.4999952397465862 0 0.8660281521005848
vn 3.6225360104708324e-8 -0.9914444101548318 0.13052961952268208
vn 2.7510376259898984e-7 -0.1305266653665566 0.9914447990827382
vn 1.3984116434064619e-7 -0.8660245053309211 0.5000015561638921
vn 2.41874915344553e-7 -0.5000018501937866 0.8660243355718887
vn 2.751031961002338e-7 0.130526159645387 0.9914448656623077
vn 3.6225456972508366e-8 0.9914451512612635 0.13052399028733788
vn 2.4187363653984564e-7 0.4999989886753237 0.8660259876721917
vn 1.3984103101993388e-7 0.8660259618626747 0.49999903337887547
vn 2.751037341772829e-7 -0.1305266653665566 0.9914447990827382
vn 3.622534610523397e-8 -0.9914444159400362 0.13052957558085782
vn 2.41874911893561e-7 -0.500001901813049 0.8660243057693446
vn 1.3984114707892295e-7 -0.8660245460417937 0.5000014856508784
vn 3.6225443043482066e-8 0.9914451589745423 0.1305239316981496
vn 2.7510322398686757e-7 0.1305261742926747 0.991444863733956
vn 1.3984100676580358e-7 0.8660259876722085 0.4999989886753334
vn 2.4187363653984564e-7 0.4999989886753237 0.8660259876721917
vn 3.622541557812897e-8 -0.9914449091015115 0.13052582969165305
vn 2.7740674953381187e-7 -0.13052563927688635 0.9914449341699635
vn 1.3984138480572678e-7 -0.8660264294998301 0.49999822340460004
vn 2.4287545294528044e-7 -0.5000009731659454 0.8660248419260549
vn 2.7643207895717986e-7 0.1305266800138422 0.9914447971543789
vn 3.610340234605125e-8 0.9914444043696254 0.13052966346450556
vn 2.41874915344553e-7 0.5000018501937866 0.8660243355718887
vn 1.397159837548168e-7 0.8660244944225539 0.5000015750576597
vn 2.7740674953381187e-7 -0.13052563927688635 0.9914449341699635
vn 3.622540157864932e-8 -0.9914449148865506 0.13052578574978624
vn 2.428754245235733e-7 -0.5000009731659454 0.8660248419260549
vn 1.3984136263539158e-7 -0.8660264682140885 0.49999815634921374
vn 3.610338841608804e-8 0.9914444120832335 0.1305296048754074
vn 2.7643205053547297e-7 0.1305266800138422 0.9914447971543789
vn 1.3971596366085469e-7 0.8660245460417937 0.5000014856508784
vn 2.418749046850995e-7 0.5000019465164168 0.8660242799597109
vn -1.682432801597514e-7 -0.9914449495967328 0.1305255220985674
vn 2.4743798506186395e-7 -0.1305263361923806 0.9914448424194522
vn -6.612048235933918e-8 -0.8660257086866541 0.4999994718934953
vn 1.2133498965659483e-7 -0.500000051434065 0.8660253740889569
vn 2.994138417634115e-7 0.13052734763474863 0.9914447092598498
vn 2.6071288147354524e-7 0.9914444718635496 0.1305291508098461
vn 3.5529668177402674e-7 0.500000980081707 0.8660248379331891
vn 3.5163597274690994e-7 0.8660238917444961 0.5000026189207349
vn -5.586029177428743e-9 -0.9914449573101144 0.13052546350940614
vn -5.586029177428743e-9 -0.9914449573101144 0.13052546350940614
vn -4.297395226763911e-8 -0.1305263654869613 0.9914448385627727
vn -4.297395226763911e-8 -0.1305263654869613 0.9914448385627727
vn -2.107253795503945e-8 -0.8660257603057523 0.49999938248646203
vn -2.107253795503945e-8 -0.8660257603057523 0.49999938248646203
vn -3.6997718499068306e-8 -0.5000001855444897 0.8660252966602503
vn -3.6997718499068306e-8 -0.5000001855444897 0.8660252966602503
vn -4.355948193251969e-8 0.1305273036929009 0.9914447150449991
vn -4.355948193251969e-8 0.1305273036929009 0.9914447150449991
vn -5.840735522375992e-9 0.991444475720373 0.13052912151529564
vn -5.840735522375992e-9 0.991444475720373 0.13052912151529564
vn -3.836920651265012e-8 0.5000009284625357 0.8660248677356791
vn -3.836920651265012e-8 0.5000009284625357 0.8660248677356791
vn -2.2104406659457495e-8 0.8660239324555211 0.5000025484077802
vn -2.2104406659457495e-8 0.8660239324555211 0.5000025484077802
vn -4.570316850327296e-8 -0.9914449495967458 0.1305255220985691
vn 2.617618438597867e-7 -0.13052536791229397 0.9914449698956023
vn 6.656336174440095e-8 -0.8660270579818466 0.4999971348350936
vn 1.9626514462117575e-7 -0.5000016008672767 0.8660244795212905
vn 2.8415971476972954e-7 0.1305263508396678 0.9914448404910882
vn 8.691094431617987e-8 0.9914444699351842 0.13052916545712734
vn 2.795618172319728e-7 0.5000025037044284 0.8660239582651422
vn 1.98836841289965e-7 0.8660252559494873 0.5000002560575197
vn -5.5992838965478714e-9 -0.9914449553817729 0.13052547815669704
vn -5.5992838965478714e-9 -0.9914449553817729 0.13052547815669704
vn -4.312695926909675e-8 -0.13052539720687942 0.9914449660389549
vn -4.312695926909675e-8 -0.13052539720687942 0.9914449660389549
vn -2.1503905034105128e-8 -0.8660271245017664 0.49999701961831866
vn -2.1503905034105128e-8 -0.8660271245017664 0.49999701961831866
vn -3.7641490135116926e-8 -0.5000016455706715 0.8660244537116832
vn -3.7641490135116926e-8 -0.5000016455706715 0.8660244537116832
vn -4.326859311172988e-8 0.1305263508396729 0.9914448404911271
vn -4.326859311172988e-8 0.1305263508396729 0.9914448404911271
vn -5.812186803223608e-9 0.991444475720373 0.13052912151529564
vn -5.812186803223608e-9 0.991444475720373 0.13052912151529564
vn -3.7641456056509286e-8 0.5000024520851433 0.8660239880677919
vn -3.7641456056509286e-8 0.5000024520851433 0.8660239880677919
vn -2.1577014010199964e-8 0.8660252668579047 0.5000002371636383
vn -2.1577014010199964e-8 0.8660252668579047 0.5000002371636383
vn 0.9914448714473987 -1.0977160584002394e-8 0.13052611570352846
vn 0.13052635083967284 -1.36744950679049e-9 0.9914448404911282
vn 0.8660256441627809 -1.1228601617656727e-8 0.49999958365226693
vn 0.5000005123000997 -7.017879271924393e-9 0.8660251080076361
vn -0.1305268858554492 0 0.9914447700547312
vn -0.9914448714473989 1.1014736745604266e-8 0.13052611570352804
vn -0.5000018501938015 -5.61431459316835e-9 0.866024335571914
vn -0.8660261743278961 -5.614310866825206e-9 0.4999986653772074
vn 0.13052635083967284 -1.36744950679049e-9 0.9914448404911282
vn 0.9914448714473987 -1.0977160584002394e-8 0.13052611570352846
vn 0.5000005123000997 -7.017879271924393e-9 0.8660251080076361
vn 0.8660256441627809 -1.1228601617656727e-8 0.49999958365226693
vn -0.9914448714473989 1.1014736745604266e-8 0.13052611570352804
vn -0.1305268858554492 0 0.9914447700547312
vn -0.8660261743278961 -5.614310866825206e-9 0.4999986653772074
vn -0.5000018501938015 -5.61431459316835e-9 0.866024335571914
vn -0.13052734763475468 0 0.9914447092598941
vn -0.9914459184182195 0 0.13051816291939333
vn -0.49999775908010946 0 0.8660266975762749
vn -0.8660275921370106 0 0.4999962096430048
vn 0.9914459164899839 0 0.1305181775667132
vn 0.13052446671410253 0 0.9914450885394506
vn 0.866027566327574 0 0.4999962543467095
vn 0.4999953102597545 0 0.8660281113903011
vn -0.9914459184182195 0 0.13051816291939333
vn -0.13052734763475468 0 0.9914447092598941
vn -0.8660275921370106 0 0.4999962096430048
vn -0.49999775908010946 0 0.8660266975762749
vn 0.13052446671410253 0 0.9914450885394506
vn 0.9914459164899839 0 0.1305181775667132
vn 0.4999953102597545 0 0.8660281113903011
vn 0.866027566327574 0 0.4999962543467095
vn -3.608958472374613e-7 -0.13052673860298045 0.9914447894409143
vn -4.7568666048464803e-8 -0.9914444062980273 0.1305296488172311
vn -3.1548901057193405e-7 -0.5000018501937764 0.8660243355718711
vn -1.820314149452998e-7 -0.8660244388104098 0.5000016713802884
vn -4.756877068753727e-8 0.9914451551179029 0.13052396099274383
vn -3.6089511011010227e-7 0.13052624752910846 0.9914448540921675
vn -1.825319906664646e-7 0.8660259211520273 0.49999910389194624
vn -3.1598816621820514e-7 0.49999896632354085 0.8660260005769406
vn -4.7568648654989734e-8 -0.9914444140116345 0.1305295902281326
vn -3.608958749572255e-7 -0.13052675325026566 0.9914447875125543
vn -1.8203137315598114e-7 -0.8660244944225479 0.5000015750576563
vn -3.154890147207244e-7 -0.5000019018130388 0.8660243057693269
vn -3.6089513782987073e-7 0.13052626217639568 0.9914448521638147
vn -4.75687498338519e-8 0.9914451647594988 0.13052388775625742
vn -3.159881189621725e-7 0.49999905573062486 0.8660259489578725
vn -1.8253197519326084e-7 0.8660259747674356 0.4999990110271014
vn -3.595661143283081e-7 -0.13052572716062094 0.9914449225998699
vn -4.7568738207335504e-8 -0.9914449061576802 0.13052585205232986
vn -3.159884759846208e-7 -0.5000009731659352 0.8660248419260371
vn -1.8253247522756132e-7 -0.8660263371702395 0.4999983833248517
vn -4.7568666140987906e-8 0.9914444082264294 0.13052963416995658
vn -3.595675296551705e-7 0.13052675325026575 0.9914447875125548
vn -1.8203142457441995e-7 0.8660244686129268 0.5000016197610408
vn -3.1548901057193405e-7 0.5000018501937764 0.8660243355718711
vn -4.7568717910269284e-8 -0.991444912958204 0.1305258003970752
vn -3.5956611362895745e-7 -0.1305257418079103 0.9914449206715246
vn -1.825324414060039e-7 -0.8660263867929545 0.4999982973754076
vn -3.1598846656741266e-7 -0.5000010178693551 0.8660248161164371
vn -3.595675573775181e-7 0.13052676789755088 0.9914447855841947
vn -4.756864519479928e-8 0.9914444159400359 0.13052957558085776
vn -3.154890147207244e-7 0.5000019018130388 0.8660243057693269
vn -1.8203137315598114e-7 0.8660244944225479 0.5000015750576563
vn -3.3338588993146764e-7 -0.13052633619237736 0.9914448424194275
vn 1.5707118529411528e-7 -0.9914449505095979 0.1305255151646459
vn -1.9533046879757395e-7 -0.5000000514340591 0.8660253740889468
vn 2.3975394750445546e-8 -0.8660257086866557 0.4999994718934963
vn -2.72394373087864e-7 0.9914444660783601 0.13052919475167735
vn -3.86532805120094e-7 0.13052734763474472 0.9914447092598201
vn -3.9584482141842066e-7 0.8660238659348231 0.5000026636240518
vn -4.3203504257308074e-7 0.5000008837590616 0.8660248935451976
vn -3.4801572720635906e-7 -0.13052536791229055 0.9914449698955763
vn 3.450458416281325e-8 -0.9914449485812673 0.13052552981193893
vn -2.715481210169539e-7 -0.5000015561638785 0.8660245053308977
vn -1.0957116954920557e-7 -0.8660270708865772 0.4999971124832655
vn -9.853532388039167e-8 0.9914444680067878 0.13052918010440442
vn -3.706968867823204e-7 0.13052635083966407 0.99144484049106
vn -2.419909013310858e-7 0.8660252003375443 0.5000003523801334
vn -3.548447328453665e-7 0.500002388488088 0.8660240247857338
vn -0.13052635083967326 -1.3674495067904898e-9 0.991444840491128
vn -0.9914448791608007 -1.6446956475872742e-8 0.13052605711437526
vn -0.5000005123001001 -7.017878383746016e-9 0.8660251080076359
vn -0.8660257106830104 -1.6842896787823886e-8 0.4999994684357039
vn 0.9914448772324504 1.101473680987493e-8 0.130526071761664
vn 0.13052654125441496 0 0.9914448154225022
vn 0.8660261892289765 -5.61431102110827e-9 0.4999986395676861
vn 0.5000015045446569 -5.614314727672144e-9 0.8660245351334334
vn -0.9914448791608007 -1.6446956475872742e-8 0.13052605711437526
vn -0.13052635083967326 -1.3674495067904898e-9 0.991444840491128
vn -0.8660257106830104 -1.6842896787823886e-8 0.4999994684357039
vn -0.5000005123001001 -7.017878383746016e-9 0.8660251080076359
vn 0.13052654125441496 0 0.9914448154225022
vn 0.9914448772324504 1.101473680987493e-8 0.130526071761664
vn 0.5000015045446569 -5.614314727672144e-9 0.8660245351334334
vn 0.8660261892289765 -5.61431102110827e-9 0.4999986395676861
vn 0.13052734763475468 0 -0.9914447092598941
vn 0.9914459184182195 0 -0.13051816291939333
vn 0.49999775908010946 0 -0.8660266975762749
vn 0.8660275921370106 0 -0.4999962096430048
vn -0.9914459164899839 0 -0.1305181775667132
vn -0.13052446671410253 0 -0.9914450885394506
vn -0.866027566327574 0 -0.4999962543467095
vn -0.4999953102597545 0 -0.8660281113903011
vn 0.9914459184182195 0 -0.13051816291939333
vn 0.13052734763475468 0 -0.9914447092598941
vn 0.8660275921370106 0 -0.4999962096430048
vn 0.49999775908010946 0 -0.8660266975762749
vn -0.13052446671410253 0 -0.9914450885394506
vn -0.9914459164899839 0 -0.1305181775667132
vn -0.4999953102597545 0 -0.8660281113903011
vn -0.866027566327574 0 -0.4999962543467095
vn 3.608958472374613e-7 -0.13052673860298045 -0.9914447894409143
vn 4.7568666048464803e-8 -0.9914444062980273 -0.1305296488172311
vn 3.1548901057193405e-7 -0.5000018501937764 -0.8660243355718711
vn 1.820314149452998e-7 -0.8660244388104098 -0.5000016713802884
vn 4.756877068753727e-8 0.9914451551179029 -0.13052396099274383
vn 3.6089511011010227e-7 0.13052624752910846 -0.9914448540921675
vn 1.825319906664646e-7 0.8660259211520273 -0.49999910389194624
vn 3.1598816621820514e-7 0.49999896632354085 -0.8660260005769406
vn 4.7568648654989734e-8 -0.9914444140116345 -0.1305295902281326
vn 3.608958749572255e-7 -0.13052675325026566 -0.9914447875125543
vn 1.8203137315598114e-7 -0.8660244944225479 -0.5000015750576563
vn 3.154890147207244e-7 -0.5000019018130388 -0.8660243057693269
vn 3.6089513782987073e-7 0.13052626217639568 -0.9914448521638147
vn 4.75687498338519e-8 0.9914451647594988 -0.13052388775625742
vn 3.159881189621725e-7 0.49999905573062486 -0.8660259489578725
vn 1.8253197519326084e-7 0.8660259747674356 -0.4999990110271014
vn 3.595661143283081e-7 -0.13052572716062094 -0.9914449225998699
vn 4.7568738207335504e-8 -0.9914449061576802 -0.13052585205232986
vn 3.159884759846208e-7 -0.5000009731659352 -0.8660248419260371
vn 1.8253247522756132e-7 -0.8660263371702395 -0.4999983833248517
vn 4.7568666140987906e-8 0.9914444082264294 -0.13052963416995658
vn 3.595675296551705e-7 0.13052675325026575 -0.9914447875125548
vn 1.8203142457441995e-7 0.8660244686129268 -0.5000016197610408
vn 3.1548901057193405e-7 0.5000018501937764 -0.8660243355718711
vn 4.7568717910269284e-8 -0.991444912958204 -0.1305258003970752
vn 3.5956611362895745e-7 -0.1305257418079103 -0.9914449206715246
vn 1.825324414060039e-7 -0.8660263867929545 -0.4999982973754076
vn 3.1598846656741266e-7 -0.5000010178693551 -0.8660248161164371
vn 3.595675573775181e-7 0.13052676789755088 -0.9914447855841947
vn 4.756864519479928e-8 0.9914444159400359 -0.13052957558085776
vn 3.154890147207244e-7 0.5000019018130388 -0.8660243057693269
vn 1.8203137315598114e-7 0.8660244944225479 -0.5000015750576563
vn 3.3338588993146764e-7 -0.13052633619237736 -0.9914448424194275
vn -1.5707118529411528e-7 -0.9914449505095979 -0.1305255151646459
vn 1.9533046879757395e-7 -0.5000000514340591 -0.8660253740889468
vn -2.3975394750445546e-8 -0.8660257086866557 -0.4999994718934963
vn 2.72394373087864e-7 0.9914444660783601 -0.13052919475167735
vn 3.86532805120094e-7 0.13052734763474472 -0.9914447092598201
vn 3.9584482141842066e-7 0.8660238659348231 -0.5000026636240518
vn 4.3203504257308074e-7 0.5000008837590616 -0.8660248935451976
vn 4.297395226763911e-8 -0.1305263654869613 -0.9914448385627727
vn 4.297395226763911e-8 -0.1305263654869613 -0.9914448385627727
vn 5.5860269569828005e-9 -0.9914449573101144 -0.13052546350940614
vn 5.5860269569828005e-9 -0.9914449573101144 -0.13052546350940614
vn 3.699772560449491e-8 -0.5000001855444897 -0.8660252966602503
vn 3.699772560449491e-8 -0.5000001855444897 -0.8660252966602503
vn 2.107253795503945e-8 -0.8660257603057523 -0.49999938248646203
vn 2.107253795503945e-8 -0.8660257603057523 -0.49999938248646203
vn 5.840735511015556e-9 0.9914444737919781 -0.1305291361625731
vn 5.840735511015556e-9 0.9914444737919781 -0.1305291361625731
vn 4.355947127437857e-8 0.1305273036929009 -0.9914447150449991
vn 4.355947127437857e-8 0.1305273036929009 -0.9914447150449991
vn 2.2104406659457495e-8 0.8660239324555211 -0.5000025484077802
vn 2.2104406659457495e-8 0.8660239324555211 -0.5000025484077802
vn 3.8369204103430025e-8 0.5000008837591078 -0.8660248935452777
vn 3.8369204103430025e-8 0.5000008837591078 -0.8660248935452777
vn 3.4801572720635906e-7 -0.13052536791229055 -0.9914449698955763
vn -3.450458416281325e-8 -0.9914449485812673 -0.13052552981193893
vn 2.715481210169539e-7 -0.5000015561638785 -0.8660245053308977
vn 1.0957116954920557e-7 -0.8660270708865772 -0.4999971124832655
vn 9.853532388039167e-8 0.9914444680067878 -0.13052918010440442
vn 3.706968867823204e-7 0.13052635083966407 -0.99144484049106
vn 2.419909013310858e-7 0.8660252003375443 -0.5000003523801334
vn 3.548447328453665e-7 0.500002388488088 -0.8660240247857338
vn 4.312695926909675e-8 -0.13052539720687942 -0.9914449660389549
vn 4.312695926909675e-8 -0.13052539720687942 -0.9914449660389549
vn 5.5992838965478714e-9 -0.9914449553817729 -0.13052547815669704
vn 5.5992838965478714e-9 -0.9914449553817729 -0.13052547815669704
vn 3.7641490135116926e-8 -0.5000016455706715 -0.8660244537116832
vn 3.7641490135116926e-8 -0.5000016455706715 -0.8660244537116832
vn 2.150390681046186e-8 -0.8660271245017664 -0.49999701961831866
vn 2.150390681046186e-8 -0.8660271245017664 -0.49999701961831866
vn 5.812185915045182e-9 0.991444475720373 -0.13052912151529564
vn 5.812185915045182e-9 0.991444475720373 -0.13052912151529564
vn 4.3268582453588685e-8 0.1305263508396729 -0.9914448404911271
vn 4.3268582453588685e-8 0.1305263508396729 -0.9914448404911271
vn 2.1577014010199964e-8 0.8660252668579047 -0.5000002371636383
vn 2.1577014010199964e-8 0.8660252668579047 -0.5000002371636383
vn 3.76414596092226e-8 0.5000024520851433 -0.8660239880677919
vn 3.76414596092226e-8 0.5000024520851433 -0.8660239880677919
vn 0.13052635083967326 -1.3674495067904898e-9 -0.991444840491128
vn 0.9914448791608007 -1.6446956475872742e-8 -0.13052605711437526
vn 0.5000005123001001 -7.017878383746016e-9 -0.8660251080076359
vn 0.8660257106830104 -1.6842896787823886e-8 -0.4999994684357039
vn -0.9914448772324504 1.101473680987493e-8 -0.130526071761664
vn -0.13052654125441496 0 -0.9914448154225022
vn -0.8660261892289765 -5.61431102110827e-9 -0.4999986395676861
vn -0.5000015045446569 -5.614314727672144e-9 -0.8660245351334334
vn 0.9914448791608007 -1.6446956475872742e-8 -0.13052605711437526
vn 0.13052635083967326 -1.3674495067904898e-9 -0.991444840491128
vn 0.8660257106830104 -1.6842896787823886e-8 -0.4999994684357039
vn 0.5000005123001001 -7.017878383746016e-9 -0.8660251080076359
vn -0.13052654125441496 0 -0.9914448154225022
vn -0.9914448772324504 1.101473680987493e-8 -0.130526071761664
vn -0.5000015045446569 -5.614314727672144e-9 -0.8660245351334334
vn -0.8660261892289765 -5.61431102110827e-9 -0.4999986395676861
vn -0.9914459164899839 0 -0.1305181775667132
vn -0.1305270832039866 0 -0.9914447440731428
vn -0.866027656660598 0 -0.49999609788372673
vn -0.4999977178341729 0 -0.8660267213894839
vn 0.1305243348884445 0 -0.9914451058943855
vn 0.9914459184182195 0 -0.13051816291939333
vn 0.4999952397465862 0 -0.8660281521005848
vn 0.866027673557736 0 -0.4999960686167195
vn -0.1305270832039866 0 -0.9914447440731428
vn -0.9914459164899839 0 -0.1305181775667132
vn -0.4999977178341729 0 -0.8660267213894839
vn -0.866027656660598 0 -0.49999609788372673
vn 0.9914459184182195 0 -0.13051816291939333
vn 0.1305243348884445 0 -0.9914451058943855
vn 0.866027673557736 0 -0.4999960686167195
vn 0.4999952397465862 0 -0.8660281521005848
vn -3.6225360104708324e-8 -0.9914444101548318 -0.13052961952268208
vn -2.7510376259898984e-7 -0.1305266653665566 -0.9914447990827382
vn -1.3984116434064619e-7 -0.8660245053309211 -0.5000015561638921
vn -2.41874915344553e-7 -0.5000018501937866 -0.8660243355718887
vn -2.751031961002338e-7 0.130526159645387 -0.9914448656623077
vn -3.6225456972508366e-8 0.9914451512612635 -0.13052399028733788
vn -2.4187363653984564e-7 0.4999989886753237 -0.8660259876721917
vn -1.3984103101993388e-7 0.8660259618626747 -0.49999903337887547
vn -2.751037341772829e-7 -0.1305266653665566 -0.9914447990827382
vn -3.622534610523397e-8 -0.9914444159400362 -0.13052957558085782
vn -2.41874911893561e-7 -0.500001901813049 -0.8660243057693446
vn -1.3984114707892295e-7 -0.8660245460417937 -0.5000014856508784
vn -3.6225443043482066e-8 0.9914451589745423 -0.1305239316981496
vn -2.7510322398686757e-7 0.1305261742926747 -0.991444863733956
vn -1.3984100676580358e-7 0.8660259876722085 -0.4999989886753334
vn -2.4187363653984564e-7 0.4999989886753237 -0.8660259876721917
vn -3.622541557812897e-8 -0.9914449091015115 -0.13052582969165305
vn -2.7740674953381187e-7 -0.13052563927688635 -0.9914449341699635
vn -1.3984138480572678e-7 -0.8660264294998301 -0.49999822340460004
vn -2.4287545294528044e-7 -0.5000009731659454 -0.8660248419260549
vn -2.7643207895717986e-7 0.1305266800138422 -0.9914447971543789
vn -3.610340234605125e-8 0.9914444043696254 -0.13052966346450556
vn -2.41874915344553e-7 0.5000018501937866 -0.8660243355718887
vn -1.397159837548168e-7 0.8660244944225539 -0.5000015750576597
vn -2.7740674953381187e-7 -0.13052563927688635 -0.9914449341699635
vn -3.622540157864932e-8 -0.9914449148865506 -0.13052578574978624
vn -2.428754245235733e-7 -0.5000009731659454 -0.8660248419260549
vn -1.3984136263539158e-7 -0.8660264682140885 -0.49999815634921374
vn -3.610338841608804e-8 0.9914444120832335 -0.1305296048754074
vn -2.7643205053547297e-7 0.1305266800138422 -0.9914447971543789
vn -1.3971596366085469e-7 0.8660245460417937 -0.5000014856508784
vn -2.418749046850995e-7 0.5000019465164168 -0.8660242799597109
vn 1.682432801597514e-7 -0.9914449495967328 -0.1305255220985674
vn -2.4743798506186395e-7 -0.1305263361923806 -0.9914448424194522
vn 6.612048235933918e-8 -0.8660257086866541 -0.4999994718934953
vn -1.2133498965659483e-7 -0.500000051434065 -0.8660253740889569
vn -2.994138417634115e-7 0.13052734763474863 -0.9914447092598498
vn -2.6071288147354524e-7 0.9914444718635496 -0.1305291508098461
vn -3.5529668177402674e-7 0.500000980081707 -0.8660248379331891
vn -3.5163597274690994e-7 0.8660238917444961 -0.5000026189207349
vn 4.570316850327296e-8 -0.9914449495967458 -0.1305255220985691
vn -2.617618438597867e-7 -0.13052536791229397 -0.9914449698956023
vn -6.656336174440095e-8 -0.8660270579818466 -0.4999971348350936
vn -1.9626514462117575e-7 -0.5000016008672767 -0.8660244795212905
vn -2.8415971476972954e-7 0.1305263508396678 -0.9914448404910882
vn -8.691094431617987e-8 0.9914444699351842 -0.13052916545712734
vn -2.795618172319728e-7 0.5000025037044284 -0.8660239582651422
vn -1.98836841289965e-7 0.8660252559494873 -0.5000002560575197
vn -0.9914448714473987 -1.0977160584002394e-8 -0.13052611570352846
vn -0.13052635083967284 -1.36744950679049e-9 -0.9914448404911282
vn -0.8660256441627809 -1.1228601617656727e-8 -0.49999958365226693
vn -0.5000005123000997 -7.017879271924393e-9 -0.8660251080076361
vn 0.1305268858554492 0 -0.9914447700547312
vn 0.9914448714473989 1.1014736745604266e-8 -0.13052611570352804
vn 0.5000018501938015 -5.61431459316835e-9 -0.866024335571914
vn 0.8660261743278961 -5.614310866825206e-9 -0.4999986653772074
vn -0.13052635083967284 -1.36744950679049e-9 -0.9914448404911282
vn -0.9914448714473987 -1.0977160584002394e-8 -0.13052611570352846
vn -0.5000005123000997 -7.017879271924393e-9 -0.8660251080076361
vn -0.8660256441627809 -1.1228601617656727e-8 -0.49999958365226693
vn 0.9914448714473989 1.1014736745604266e-8 -0.13052611570352804
vn 0.1305268858554492 0 -0.9914447700547312
vn 0.8660261743278961 -5.614310866825206e-9 -0.4999986653772074
vn 0.5000018501938015 -5.61431459316835e-9 -0.866024335571914
vn -1 0 -2.220446049250313e-16
vn -1 0 -2.220446049250313e-16
vn 1 0 2.220446049250313e-16
vn 1 0 2.220446049250313e-16
vn 1 0 2.220446049250313e-16
vn 1 0 2.220446049250313e-16
vn -1 0 -2.220446049250313e-16
vn -1 0 -2.220446049250313e-16
vn -1 0 -2.220446049250313e-16
vn -1 0 -2.220446049250313e-16
vn 1 0 2.220446049250313e-16
vn 1 0 2.220446049250313e-16
vn 1 0 2.220446049250313e-16
vn 1 0 2.220446049250313e-16
vn -1 0 -2.220446049250313e-16
vn -1 0 -2.220446049250313e-16
vn -0.991444433295639 1.8637566383479823e-9 0.1305294437553803
vn -0.13052591064148777 6.866915599999034e-9 0.991444898444291
vn -0.8660222654422717 2.8295922891963634e-9 0.5000054357286886
vn -0.4999970901314415 4.1152502059650785e-9 0.866027083791316
vn -0.13052591064148777 6.866915599999034e-9 0.991444898444291
vn -0.991444433295639 1.8637566383479823e-9 0.1305294437553803
vn -0.4999970901314415 4.1152502059650785e-9 0.866027083791316
vn -0.8660222654422717 2.8295922891963634e-9 0.5000054357286886
vn 0.991444433295639 -7.2129535336977945e-9 0.13052944375538075
vn 0.13052471571810523 7.687843608750705e-9 0.9914450557578609
vn 0.8660257344962045 -2.076494060520097e-9 0.4999994271899814
vn 0.500002132245788 9.368301436615924e-9 0.8660241727282592
vn 0.13052471571810523 7.687843608750705e-9 0.9914450557578609
vn 0.991444433295639 -7.2129535336977945e-9 0.13052944375538075
vn 0.500002132245788 9.368301436615924e-9 0.8660241727282592
vn 0.8660257344962045 -2.076494060520097e-9 0.4999994271899814
vn 0.13052237059190355 4.566244280453858e-9 0.9914453644932079
vn 0.991444433295639 -8.930082467278238e-10 0.13052944375538075
vn 0.49999475652686637 3.6648202377903727e-9 0.866028431083899
vn 0.8660226645679515 -1.3825458344857965e-11 0.5000047444321157
vn 0.991444433295639 -8.930082467278238e-10 0.13052944375538075
vn 0.13052237059190355 4.566244280453858e-9 0.9914453644932079
vn 0.8660226645679515 -1.3825458344857965e-11 0.5000047444321157
vn 0.49999475652686637 3.6648202377903727e-9 0.866028431083899
vn -0.1305235431551377 1.5608350754939514e-9 0.9914452101262222
vn -0.991444433295639 8.183702313895997e-9 0.1305294437553803
vn -0.5000018501938015 7.080823561882539e-9 0.866024335571914
vn -0.8660261634194558 1.580344991040802e-8 0.49999868427124666
vn -0.991444433295639 8.183702313895997e-9 0.1305294437553803
vn -0.1305235431551377 1.5608350754939514e-9 0.9914452101262222
vn -0.8660261634194558 1.580344991040802e-8 0.49999868427124666
vn -0.5000018501938015 7.080823561882539e-9 0.866024335571914
vn -0.13052237059190355 4.566244280453858e-9 -0.9914453644932079
vn -0.991444433295639 -8.930082467278238e-10 -0.13052944375538075
vn -0.49999475652686637 3.6648202377903727e-9 -0.866028431083899
vn -0.8660226645679515 -1.3825458344857965e-11 -0.5000047444321157
vn -0.991444433295639 -8.930082467278238e-10 -0.13052944375538075
vn -0.13052237059190355 4.566244280453858e-9 -0.9914453644932079
vn -0.8660226645679515 -1.3825458344857965e-11 -0.5000047444321157
vn -0.49999475652686637 3.6648202377903727e-9 -0.866028431083899
vn 0.1305235431551377 1.5608350754939514e-9 -0.9914452101262222
vn 0.991444433295639 8.183702313895997e-9 -0.1305294437553803
vn 0.5000018501938015 7.080823561882539e-9 -0.866024335571914
vn 0.8660261634194558 1.580344991040802e-8 -0.49999868427124666
vn 0.991444433295639 8.183702313895997e-9 -0.1305294437553803
vn 0.1305235431551377 1.5608350754939514e-9 -0.9914452101262222
vn 0.8660261634194558 1.580344991040802e-8 -0.49999868427124666
vn 0.5000018501938015 7.080823561882539e-9 -0.866024335571914
vn 0.991444433295639 1.8637566383479823e-9 -0.1305294437553803
vn 0.13052591064148777 6.866915599999034e-9 -0.991444898444291
vn 0.8660222654422717 2.8295922891963634e-9 -0.5000054357286886
vn 0.4999970901314415 4.1152502059650785e-9 -0.866027083791316
vn 0.13052591064148777 6.866915599999034e-9 -0.991444898444291
vn 0.991444433295639 1.8637566383479823e-9 -0.1305294437553803
vn 0.4999970901314415 4.1152502059650785e-9 -0.866027083791316
vn 0.8660222654422717 2.8295922891963634e-9 -0.5000054357286886
vn -0.991444433295639 -7.2129535336977945e-9 -0.13052944375538075
vn -0.13052471571810523 7.687843608750705e-9 -0.9914450557578609
vn -0.8660257344962045 -2.076494060520097e-9 -0.4999994271899814
vn -0.500002132245788 9.368301436615924e-9 -0.8660241727282592
vn -0.13052471571810523 7.687843608750705e-9 -0.9914450557578609
vn -0.991444433295639 -7.2129535336977945e-9 -0.13052944375538075
vn -0.500002132245788 9.368301436615924e-9 -0.8660241727282592
vn -0.8660257344962045 -2.076494060520097e-9 -0.4999994271899814
f 732/732/732 603/603/603 423/423/423
f 1449/1449/1449 1146/1146/1146 1314/1314/1314
f 2147/2147/2147 1846/1846/1846 2013/2013/2013
f 2788/2788/2788 2660/2660/2660 2508/2508/2508
f 253/253/253 260/260/260 264/264/264
f 274/274/274 278/278/278 282/282/282
f 430/430/430 436/436/436 440/440/440
f 844/844/844 848/848/848 853/853/853
f 883/883/883 888/888/888 892/892/892
f 909/909/909 916/916/916 919/919/919
f 994/994/994 998/998/998 1005/1005/1005
f 1015/1015/1015 1020/1020/1020 1024/1024/1024
f 1156/1156/1156 1161/1161/1161 1167/1167/1167
f 1559/1559/1559 1563/1563/1563 1568/1568/1568
f 1577/1577/1577 1581/1581/1581 1585/1585/1585
f 1592/1592/1592 1595/1595/1595 1602/1602/1602
f 1679/1679/1679 1682/1682/1682 1688/1688/1688
f 1701/1701/1701 1706/1706/1706 1709/1709/1709
f 1856/1856/1856 1861/1861/1861 1868/1868/1868
f 2253/2253/2253 2258/2258/2258 2263/2263/2263
f 2291/2291/2291 2294/2294/2294 2299/2299/2299
f 2315/2315/2315 2319/2319/2319 2324/2324/2324
f 2351/2351/2351 2356/2356/2356 2361/2361/2361
f 2373/2373/2373 2376/2376/2376 2381/2381/2381
f 2514/2514/2514 2521/2521/2521 2527/2527/2527
f 2897/2897/2897 2902/2902/2902 2907/2907/2907
f 2915/2915/2915 2920/2920/2920 2923/2923/2923
f 2929/2929/2929 2935/2935/2935 2940/2940/2940
f 241/241/241 18/18/18 15/15/15
f 241/241/241 15/15/15 238/238/238
f 577/577/577 572/572/572 26/26/26
f 577/577/577 26/26/26 28/28/28
f 564/564/564 2311/2311/2311 2286/2286/2286
f 564/564/564 2286/2286/2286 552/552/552
f 580/580/580 32/32/32 30/30/30
f 580/580/580 30/30/30 585/585/585
f 841/841/841 835/835/835 20/20/20
f 841/841/841 20/20/20 921/921/921
f 298/298/298 604/604/604 733/733/733
f 298/298/298 733/733/733 458/458/458
f 234/234/234 229/229/229 242/242/242
f 234/234/234 242/242/242 237/237/237
f 265/265/265 249/249/249 422/422/422
f 265/265/265 422/422/422 605/605/605
f 1587/1587/1587 894/894/894 869/869/869
f 1587/1587/1587 869/869/869 1570/1570/1570
f 2312/2312/2312 563/563/563 7/7/7
f 2312/2312/2312 7/7/7 2301/2301/2301
f 1549/1549/1549 9/9/9 859/859/859
f 1549/1549/1549 859/859/859 1556/1556/1556
f 855/855/855 839/839/839 922/922/922
f 855/855/855 922/922/922 21/21/21
f 573/573/573 576/576/576 581/581/581
f 573/573/573 581/581/581 584/584/584
f 836/836/836 840/840/840 858/858/858
f 836/836/836 858/858/858 10/10/10
f 291/291/291 72/72/72 89/89/89
f 291/291/291 89/89/89 590/590/590
f 789/789/789 123/123/123 33/33/33
f 789/789/789 33/33/33 507/507/507
f 799/799/799 121/121/121 45/45/45
f 799/799/799 45/45/45 517/517/517
f 2285/2285/2285 2276/2276/2276 3/3/3
f 2285/2285/2285 3/3/3 555/555/555
f 809/809/809 117/117/117 55/55/55
f 809/809/809 55/55/55 527/527/527
f 819/819/819 113/113/113 61/61/61
f 819/819/819 61/61/61 537/537/537
f 749/749/749 111/111/111 63/63/63
f 749/749/749 63/63/63 467/467/467
f 829/829/829 109/109/109 51/51/51
f 829/829/829 51/51/51 546/546/546
f 759/759/759 107/107/107 67/67/67
f 759/759/759 67/67/67 477/477/477
f 769/769/769 105/105/105 75/75/75
f 769/769/769 75/75/75 487/487/487
f 779/779/779 103/103/103 35/35/35
f 779/779/779 35/35/35 497/497/497
f 590/590/590 89/89/89 39/39/39
f 590/590/590 39/39/39 411/411/411
f 640/640/640 97/97/97 43/43/43
f 640/640/640 43/43/43 327/327/327
f 652/652/652 95/95/95 53/53/53
f 652/652/652 53/53/53 339/339/339
f 664/664/664 93/93/93 59/59/59
f 664/664/664 59/59/59 351/351/351
f 676/676/676 91/91/91 65/65/65
f 676/676/676 65/65/65 363/363/363
f 688/688/688 87/87/87 69/69/69
f 688/688/688 69/69/69 375/375/375
f 284/284/284 446/446/446 1439/1439/1439
f 284/284/284 1439/1439/1439 1302/1302/1302
f 700/700/700 83/83/83 77/77/77
f 700/700/700 77/77/77 387/387/387
f 616/616/616 81/81/81 79/79/79
f 616/616/616 79/79/79 303/303/303
f 713/713/713 394/394/394 538/538/538
f 713/713/713 538/538/538 825/825/825
f 629/629/629 310/310/310 468/468/468
f 629/629/629 468/468/468 755/755/755
f 617/617/617 298/298/298 458/458/458
f 617/617/617 458/458/458 745/745/745
f 701/701/701 382/382/382 528/528/528
f 701/701/701 528/528/528 815/815/815
f 497/497/497 35/35/35 123/123/123
f 497/497/497 123/123/123 789/789/789
f 689/689/689 370/370/370 518/518/518
f 689/689/689 518/518/518 805/805/805
f 487/487/487 75/75/75 103/103/103
f 487/487/487 103/103/103 779/779/779
f 591/591/591 406/406/406 547/547/547
f 591/591/591 547/547/547 722/722/722
f 677/677/677 358/358/358 508/508/508
f 677/677/677 508/508/508 795/795/795
f 270/270/270 962/962/962 942/942/942
f 270/270/270 942/942/942 246/246/246
f 477/477/477 67/67/67 105/105/105
f 477/477/477 105/105/105 769/769/769
f 602/602/602 85/85/85 958/958/958
f 602/602/602 958/958/958 268/268/268
f 546/546/546 51/51/51 119/119/119
f 546/546/546 119/119/119 726/726/726
f 665/665/665 346/346/346 498/498/498
f 665/665/665 498/498/498 785/785/785
f 467/467/467 63/63/63 107/107/107
f 467/467/467 107/107/107 759/759/759
f 537/537/537 61/61/61 109/109/109
f 537/537/537 109/109/109 829/829/829
f 653/653/653 334/334/334 488/488/488
f 653/653/653 488/488/488 775/775/775
f 457/457/457 57/57/57 111/111/111
f 457/457/457 111/111/111 749/749/749
f 527/527/527 55/55/55 113/113/113
f 527/527/527 113/113/113 819/819/819
f 641/641/641 322/322/322 478/478/478
f 641/641/641 478/478/478 765/765/765
f 1438/1438/1438 444/444/444 48/48/48
f 1438/1438/1438 48/48/48 221/221/221
f 517/517/517 45/45/45 117/117/117
f 517/517/517 117/117/117 809/809/809
f 315/315/315 41/41/41 81/81/81
f 315/315/315 81/81/81 616/616/616
f 399/399/399 37/37/37 83/83/83
f 399/399/399 83/83/83 700/700/700
f 507/507/507 33/33/33 121/121/121
f 507/507/507 121/121/121 799/799/799
f 421/421/421 934/934/934 115/115/115
f 421/421/421 115/115/115 738/738/738
f 411/411/411 39/39/39 101/101/101
f 411/411/411 101/101/101 712/712/712
f 406/406/406 713/713/713 825/825/825
f 406/406/406 825/825/825 547/547/547
f 712/712/712 101/101/101 37/37/37
f 712/712/712 37/37/37 399/399/399
f 394/394/394 701/701/701 815/815/815
f 394/394/394 815/815/815 538/538/538
f 387/387/387 77/77/77 87/87/87
f 387/387/387 87/87/87 688/688/688
f 382/382/382 689/689/689 805/805/805
f 382/382/382 805/805/805 528/528/528
f 375/375/375 69/69/69 91/91/91
f 375/375/375 91/91/91 676/676/676
f 370/370/370 677/677/677 795/795/795
f 370/370/370 795/795/795 518/518/518
f 363/363/363 65/65/65 93/93/93
f 363/363/363 93/93/93 664/664/664
f 358/358/358 665/665/665 785/785/785
f 358/358/358 785/785/785 508/508/508
f 351/351/351 59/59/59 95/95/95
f 351/351/351 95/95/95 652/652/652
f 346/346/346 653/653/653 775/775/775
f 346/346/346 775/775/775 498/498/498
f 339/339/339 53/53/53 97/97/97
f 339/339/339 97/97/97 640/640/640
f 334/334/334 641/641/641 765/765/765
f 334/334/334 765/765/765 488/488/488
f 327/327/327 43/43/43 99/99/99
f 327/327/327 99/99/99 628/628/628
f 322/322/322 629/629/629 755/755/755
f 322/322/322 755/755/755 478/478/478
f 628/628/628 99/99/99 41/41/41
f 628/628/628 41/41/41 315/315/315
f 310/310/310 617/617/617 745/745/745
f 310/310/310 745/745/745 468/468/468
f 303/303/303 79/79/79 85/85/85
f 303/303/303 85/85/85 602/602/602
f 248/248/248 946/946/946 932/932/932
f 248/248/248 932/932/932 419/419/419
f 726/726/726 119/119/119 47/47/47
f 726/726/726 47/47/47 443/443/443
f 983/983/983 978/978/978 129/129/129
f 983/983/983 129/129/129 131/131/131
f 2267/2267/2267 23/23/23 923/923/923
f 2267/2267/2267 923/923/923 2248/2248/2248
f 903/903/903 877/877/877 870/870/870
f 903/903/903 870/870/870 893/893/893
f 1295/1295/1295 1298/1298/1298 140/140/140
f 1295/1295/1295 140/140/140 141/141/141
f 856/856/856 22/22/22 1605/1605/1605
f 856/856/856 1605/1605/1605 1553/1553/1553
f 290/290/290 1307/1307/1307 191/191/191
f 290/290/290 191/191/191 71/71/71
f 974/974/974 979/979/979 982/982/982
f 974/974/974 982/982/982 971/971/971
f 1006/1006/1006 1316/1316/1316 1145/1145/1145
f 1006/1006/1006 1145/1145/1145 988/988/988
f 1589/1589/1589 1278/1278/1278 6/6/6
f 1589/1589/1589 6/6/6 896/896/896
f 1276/1276/1276 1268/1268/1268 2909/2909/2909
f 1276/1276/1276 2909/2909/2909 2926/2926/2926
f 1571/1571/1571 867/867/867 2/2/2
f 1571/1571/1571 2/2/2 1266/1266/1266
f 2266/2266/2266 2892/2892/2892 1606/1606/1606
f 2266/2266/2266 1606/1606/1606 24/24/24
f 1286/1286/1286 1299/1299/1299 1294/1294/1294
f 1286/1286/1286 1294/1294/1294 1291/1291/1291
f 1555/1555/1555 1607/1607/1607 134/134/134
f 1555/1555/1555 134/134/134 1550/1550/1550
f 1028/1028/1028 1168/1168/1168 1450/1450/1450
f 1028/1028/1028 1450/1450/1450 1315/1315/1315
f 1501/1501/1501 1222/1222/1222 143/143/143
f 1501/1501/1501 143/143/143 225/225/225
f 1511/1511/1511 1232/1232/1232 155/155/155
f 1511/1511/1511 155/155/155 223/223/223
f 2910/2910/2910 1267/1267/1267 4/4/4
f 2910/2910/2910 4/4/4 2277/2277/2277
f 1521/1521/1521 1242/1242/1242 161/161/161
f 1521/1521/1521 161/161/161 219/219/219
f 1531/1531/1531 1252/1252/1252 167/167/167
f 1531/1531/1531 167/167/167 215/215/215
f 1461/1461/1461 1182/1182/1182 169/169/169
f 1461/1461/1461 169/169/169 213/213/213
f 1541/1541/1541 1261/1261/1261 157/157/157
f 1541/1541/1541 157/157/157 211/211/211
f 1471/1471/1471 1192/1192/1192 173/173/173
f 1471/1471/1471 173/173/173 209/209/209
f 1481/1481/1481 1202/1202/1202 177/177/177
f 1481/1481/1481 177/177/177 207/207/207
f 1491/1491/1491 1212/1212/1212 145/145/145
f 1491/1491/1491 145/145/145 205/205/205
f 1307/1307/1307 1135/1135/1135 149/149/149
f 1307/1307/1307 149/149/149 191/191/191
f 1357/1357/1357 1051/1051/1051 153/153/153
f 1357/1357/1357 153/153/153 199/199/199
f 1369/1369/1369 1063/1063/1063 159/159/159
f 1369/1369/1369 159/159/159 197/197/197
f 1381/1381/1381 1075/1075/1075 165/165/165
f 1381/1381/1381 165/165/165 195/195/195
f 1393/1393/1393 1087/1087/1087 171/171/171
f 1393/1393/1393 171/171/171 193/193/193
f 1405/1405/1405 1099/1099/1099 175/175/175
f 1405/1405/1405 175/175/175 189/189/189
f 285/285/285 591/591/591 722/722/722
f 285/285/285 722/722/722 445/445/445
f 1417/1417/1417 1111/1111/1111 179/179/179
f 1417/1417/1417 179/179/179 185/185/185
f 1333/1333/1333 1027/1027/1027 181/181/181
f 1333/1333/1333 181/181/181 183/183/183
f 1424/1424/1424 1542/1542/1542 1248/1248/1248
f 1424/1424/1424 1248/1248/1248 1124/1124/1124
f 1340/1340/1340 1472/1472/1472 1178/1178/1178
f 1340/1340/1340 1178/1178/1178 1040/1040/1040
f 1328/1328/1328 1462/1462/1462 1168/1168/1168
f 1328/1328/1328 1168/1168/1168 1028/1028/1028
f 1412/1412/1412 1532/1532/1532 1238/1238/1238
f 1412/1412/1412 1238/1238/1238 1112/1112/1112
f 1212/1212/1212 1501/1501/1501 225/225/225
f 1212/1212/1212 225/225/225 145/145/145
f 1400/1400/1400 1522/1522/1522 1228/1228/1228
f 1400/1400/1400 1228/1228/1228 1100/1100/1100
f 1202/1202/1202 1491/1491/1491 205/205/205
f 1202/1202/1202 205/205/205 177/177/177
f 1302/1302/1302 1439/1439/1439 1258/1258/1258
f 1302/1302/1302 1258/1258/1258 1136/1136/1136
f 1388/1388/1388 1512/1512/1512 1218/1218/1218
f 1388/1388/1388 1218/1218/1218 1088/1088/1088
f 1009/1009/1009 987/987/987 1633/1633/1633
f 1009/1009/1009 1633/1633/1633 1642/1642/1642
f 1192/1192/1192 1481/1481/1481 207/207/207
f 1192/1192/1192 207/207/207 173/173/173
f 1321/1321/1321 1011/1011/1011 1645/1645/1645
f 1321/1321/1321 1645/1645/1645 187/187/187
f 1261/1261/1261 1438/1438/1438 221/221/221
f 1261/1261/1261 221/221/221 157/157/157
f 1376/1376/1376 1502/1502/1502 1208/1208/1208
f 1376/1376/1376 1208/1208/1208 1076/1076/1076
f 1182/1182/1182 1471/1471/1471 209/209/209
f 1182/1182/1182 209/209/209 169/169/169
f 1252/1252/1252 1541/1541/1541 211/211/211
f 1252/1252/1252 211/211/211 167/167/167
f 1364/1364/1364 1492/1492/1492 1198/1198/1198
f 1364/1364/1364 1198/1198/1198 1064/1064/1064
f 1172/1172/1172 1461/1461/1461 213/213/213
f 1172/1172/1172 213/213/213 163/163/163
f 1242/1242/1242 1531/1531/1531 215/215/215
f 1242/1242/1242 215/215/215 161/161/161
f 1352/1352/1352 1482/1482/1482 1188/1188/1188
f 1352/1352/1352 1188/1188/1188 1052/1052/1052
f 738/738/738 115/115/115 57/57/57
f 738/738/738 57/57/57 457/457/457
f 1232/1232/1232 1521/1521/1521 219/219/219
f 1232/1232/1232 219/219/219 155/155/155
f 1052/1052/1052 1188/1188/1188 1472/1472/1472
f 1052/1052/1052 1472/1472/1472 1340/1340/1340
f 1136/1136/1136 1258/1258/1258 1542/1542/1542
f 1136/1136/1136 1542/1542/1542 1424/1424/1424
f 1222/1222/1222 1511/1511/1511 223/223/223
f 1222/1222/1222 223/223/223 143/143/143
f 1150/1150/1150 1448/1448/1448 217/217/217
f 1150/1150/1150 217/217/217 1617/1617/1617
f 1135/1135/1135 1429/1429/1429 203/203/203
f 1135/1135/1135 203/203/203 149/149/149
f 1429/1429/1429 1123/1123/1123 147/147/147
f 1429/1429/1429 147/147/147 203/203/203
f 1123/1123/1123 1417/1417/1417 185/185/185
f 1123/1123/1123 185/185/185 147/147/147
f 1124/1124/1124 1248/1248/1248 1532/1532/1532
f 1124/1124/1124 1532/1532/1532 1412/1412/1412
f 1111/1111/1111 1405/1405/1405 189/189/189
f 1111/1111/1111 189/189/189 179/179/179
f 1112/1112/1112 1238/1238/1238 1522/1522/1522
f 1112/1112/1112 1522/1522/1522 1400/1400/1400
f 1099/1099/1099 1393/1393/1393 193/193/193
f 1099/1099/1099 193/193/193 175/175/175
f 1100/1100/1100 1228/1228/1228 1512/1512/1512
f 1100/1100/1100 1512/1512/1512 1388/1388/1388
f 1087/1087/1087 1381/1381/1381 195/195/195
f 1087/1087/1087 195/195/195 171/171/171
f 1088/1088/1088 1218/1218/1218 1502/1502/1502
f 1088/1088/1088 1502/1502/1502 1376/1376/1376
f 1075/1075/1075 1369/1369/1369 197/197/197
f 1075/1075/1075 197/197/197 165/165/165
f 1076/1076/1076 1208/1208/1208 1492/1492/1492
f 1076/1076/1076 1492/1492/1492 1364/1364/1364
f 1063/1063/1063 1357/1357/1357 199/199/199
f 1063/1063/1063 199/199/199 159/159/159
f 1064/1064/1064 1198/1198/1198 1482/1482/1482
f 1064/1064/1064 1482/1482/1482 1352/1352/1352
f 1051/1051/1051 1345/1345/1345 201/201/201
f 1051/1051/1051 201/201/201 153/153/153
f 1345/1345/1345 1039/1039/1039 151/151/151
f 1345/1345/1345 151/151/151 201/201/201
f 1039/1039/1039 1333/1333/1333 183/183/183
f 1039/1039/1039 183/183/183 151/151/151
f 1040/1040/1040 1178/1178/1178 1462/1462/1462
f 1040/1040/1040 1462/1462/1462 1328/1328/1328
f 1027/1027/1027 1321/1321/1321 187/187/187
f 1027/1027/1027 187/187/187 181/181/181
f 991/991/991 1152/1152/1152 1619/1619/1619
f 991/991/991 1619/1619/1619 1629/1629/1629
f 1448/1448/1448 1172/1172/1172 163/163/163
f 1448/1448/1448 163/163/163 217/217/217
f 1668/1668/1668 1663/1663/1663 16/16/16
f 1668/1668/1668 16/16/16 17/17/17
f 904/904/904 895/895/895 5/5/5
f 904/904/904 5/5/5 562/562/562
f 879/879/879 554/554/554 1/1/1
f 879/879/879 1/1/1 866/866/866
f 1990/1990/1990 1993/1993/1993 29/29/29
f 1990/1990/1990 29/29/29 31/31/31
f 2889/2889/2889 2893/2893/2893 2265/2265/2265
f 2889/2889/2889 2265/2265/2265 228/228/228
f 1717/1717/1717 2646/2646/2646 2776/2776/2776
f 1717/1717/1717 2776/2776/2776 1873/1873/1873
f 1659/1659/1659 1664/1664/1664 1667/1667/1667
f 1659/1659/1659 1667/1667/1667 1656/1656/1656
f 1692/1692/1692 2011/2011/2011 1847/1847/1847
f 1692/1692/1692 1847/1847/1847 1674/1674/1674
f 2331/2331/2331 128/128/128 126/126/126
f 2331/2331/2331 126/126/126 2328/2328/2328
f 565/565/565 553/553/553 878/878/878
f 565/565/565 878/878/878 905/905/905
f 2249/2249/2249 920/920/920 19/19/19
f 2249/2249/2249 19/19/19 2245/2245/2245
f 1848/1848/1848 2141/2141/2141 116/116/116
f 1848/1848/1848 116/116/116 935/935/935
f 1981/1981/1981 1994/1994/1994 1989/1989/1989
f 1981/1981/1981 1989/1989/1989 1986/1986/1986
f 2244/2244/2244 227/227/227 2264/2264/2264
f 2244/2244/2244 2264/2264/2264 2250/2250/2250
f 975/975/975 970/970/970 125/125/125
f 975/975/975 125/125/125 127/127/127
f 1675/1675/1675 1850/1850/1850 933/933/933
f 1675/1675/1675 933/933/933 947/947/947
f 2194/2194/2194 1936/1936/1936 34/34/34
f 2194/2194/2194 34/34/34 124/124/124
f 2204/2204/2204 1946/1946/1946 46/46/46
f 2204/2204/2204 46/46/46 122/122/122
f 1985/1985/1985 27/27/27 25/25/25
f 1985/1985/1985 25/25/25 1982/1982/1982
f 2214/2214/2214 1956/1956/1956 56/56/56
f 2214/2214/2214 56/56/56 118/118/118
f 2224/2224/2224 1966/1966/1966 62/62/62
f 2224/2224/2224 62/62/62 114/114/114
f 2154/2154/2154 1896/1896/1896 64/64/64
f 2154/2154/2154 64/64/64 112/112/112
f 2234/2234/2234 1976/1976/1976 52/52/52
f 2234/2234/2234 52/52/52 110/110/110
f 2164/2164/2164 1906/1906/1906 68/68/68
f 2164/2164/2164 68/68/68 108/108/108
f 2174/2174/2174 1916/1916/1916 76/76/76
f 2174/2174/2174 76/76/76 106/106/106
f 2184/2184/2184 1926/1926/1926 36/36/36
f 2184/2184/2184 36/36/36 104/104/104
f 2000/2000/2000 1832/1832/1832 40/40/40
f 2000/2000/2000 40/40/40 90/90/90
f 2050/2050/2050 1748/1748/1748 44/44/44
f 2050/2050/2050 44/44/44 98/98/98
f 2062/2062/2062 1760/1760/1760 54/54/54
f 2062/2062/2062 54/54/54 96/96/96
f 2074/2074/2074 1772/1772/1772 60/60/60
f 2074/2074/2074 60/60/60 94/94/94
f 2086/2086/2086 1784/1784/1784 66/66/66
f 2086/2086/2086 66/66/66 92/92/92
f 2098/2098/2098 1796/1796/1796 70/70/70
f 2098/2098/2098 70/70/70 88/88/88
f 1711/1711/1711 73/73/73 192/192/192
f 1711/1711/1711 192/192/192 2641/2641/2641
f 2110/2110/2110 1808/1808/1808 78/78/78
f 2110/2110/2110 78/78/78 84/84/84
f 2026/2026/2026 1724/1724/1724 80/80/80
f 2026/2026/2026 80/80/80 82/82/82
f 2121/2121/2121 2238/2238/2238 1965/1965/1965
f 2121/2121/2121 1965/1965/1965 1825/1825/1825
f 2037/2037/2037 2168/2168/2168 1895/1895/1895
f 2037/2037/2037 1895/1895/1895 1741/1741/1741
f 2025/2025/2025 2158/2158/2158 1885/1885/1885
f 2025/2025/2025 1885/1885/1885 1729/1729/1729
f 2109/2109/2109 2228/2228/2228 1955/1955/1955
f 2109/2109/2109 1955/1955/1955 1813/1813/1813
f 1926/1926/1926 2194/2194/2194 124/124/124
f 1926/1926/1926 124/124/124 36/36/36
f 2097/2097/2097 2218/2218/2218 1945/1945/1945
f 2097/2097/2097 1945/1945/1945 1801/1801/1801
f 1916/1916/1916 2184/2184/2184 104/104/104
f 1916/1916/1916 104/104/104 76/76/76
f 1999/1999/1999 2135/2135/2135 1975/1975/1975
f 1999/1999/1999 1975/1975/1975 1837/1837/1837
f 2085/2085/2085 2208/2208/2208 1935/1935/1935
f 2085/2085/2085 1935/1935/1935 1789/1789/1789
f 1693/1693/1693 1671/1671/1671 943/943/943
f 1693/1693/1693 943/943/943 963/963/963
f 1906/1906/1906 2174/2174/2174 106/106/106
f 1906/1906/1906 106/106/106 68/68/68
f 2014/2014/2014 1695/1695/1695 959/959/959
f 2014/2014/2014 959/959/959 86/86/86
f 1976/1976/1976 2131/2131/2131 120/120/120
f 1976/1976/1976 120/120/120 52/52/52
f 2073/2073/2073 2198/2198/2198 1925/1925/1925
f 2073/2073/2073 1925/1925/1925 1777/1777/1777
f 1896/1896/1896 2164/2164/2164 108/108/108
f 1896/1896/1896 108/108/108 64/64/64
f 1966/1966/1966 2234/2234/2234 110/110/110
f 1966/1966/1966 110/110/110 62/62/62
f 2061/2061/2061 2188/2188/2188 1915/1915/1915
f 2061/2061/2061 1915/1915/1915 1765/1765/1765
f 1886/1886/1886 2154/2154/2154 112/112/112
f 1886/1886/1886 112/112/112 58/58/58
f 1956/1956/1956 2224/2224/2224 114/114/114
f 1956/1956/1956 114/114/114 56/56/56
f 2049/2049/2049 2178/2178/2178 1905/1905/1905
f 2049/2049/2049 1905/1905/1905 1753/1753/1753
f 2777/2777/2777 222/222/222 50/50/50
f 2777/2777/2777 50/50/50 1875/1875/1875
f 1946/1946/1946 2214/2214/2214 118/118/118
f 1946/1946/1946 118/118/118 46/46/46
f 1753/1753/1753 1905/1905/1905 2168/2168/2168
f 1753/1753/1753 2168/2168/2168 2037/2037/2037
f 1837/1837/1837 1975/1975/1975 2238/2238/2238
f 1837/1837/1837 2238/2238/2238 2121/2121/2121
f 1936/1936/1936 2204/2204/2204 122/122/122
f 1936/1936/1936 122/122/122 34/34/34
f 1832/1832/1832 2122/2122/2122 102/102/102
f 1832/1832/1832 102/102/102 40/40/40
f 2122/2122/2122 1820/1820/1820 38/38/38
f 2122/2122/2122 38/38/38 102/102/102
f 1820/1820/1820 2110/2110/2110 84/84/84
f 1820/1820/1820 84/84/84 38/38/38
f 1825/1825/1825 1965/1965/1965 2228/2228/2228
f 1825/1825/1825 2228/2228/2228 2109/2109/2109
f 1808/1808/1808 2098/2098/2098 88/88/88
f 1808/1808/1808 88/88/88 78/78/78
f 1813/1813/1813 1955/1955/1955 2218/2218/2218
f 1813/1813/1813 2218/2218/2218 2097/2097/2097
f 1796/1796/1796 2086/2086/2086 92/92/92
f 1796/1796/1796 92/92/92 70/70/70
f 1801/1801/1801 1945/1945/1945 2208/2208/2208
f 1801/1801/1801 2208/2208/2208 2085/2085/2085
f 1784/1784/1784 2074/2074/2074 94/94/94
f 1784/1784/1784 94/94/94 66/66/66
f 1789/1789/1789 1935/1935/1935 2198/2198/2198
f 1789/1789/1789 2198/2198/2198 2073/2073/2073
f 1772/1772/1772 2062/2062/2062 96/96/96
f 1772/1772/1772 96/96/96 60/60/60
f 1777/1777/1777 1925/1925/1925 2188/2188/2188
f 1777/1777/1777 2188/2188/2188 2061/2061/2061
f 1760/1760/1760 2050/2050/2050 98/98/98
f 1760/1760/1760 98/98/98 54/54/54
f 1765/1765/1765 1915/1915/1915 2178/2178/2178
f 1765/1765/1765 2178/2178/2178 2049/2049/2049
f 1748/1748/1748 2038/2038/2038 100/100/100
f 1748/1748/1748 100/100/100 44/44/44
f 2038/2038/2038 1736/1736/1736 42/42/42
f 2038/2038/2038 42/42/42 100/100/100
f 1736/1736/1736 2026/2026/2026 82/82/82
f 1736/1736/1736 82/82/82 42/42/42
f 1741/1741/1741 1895/1895/1895 2158/2158/2158
f 1741/1741/1741 2158/2158/2158 2025/2025/2025
f 1724/1724/1724 2014/2014/2014 86/86/86
f 1724/1724/1724 86/86/86 80/80/80
f 1710/1710/1710 2000/2000/2000 90/90/90
f 1710/1710/1710 90/90/90 74/74/74
f 2131/2131/2131 1874/1874/1874 49/49/49
f 2131/2131/2131 49/49/49 120/120/120
f 2339/2339/2339 132/132/132 130/130/130
f 2339/2339/2339 130/130/130 2336/2336/2336
f 1290/1290/1290 137/137/137 136/136/136
f 1290/1290/1290 136/136/136 1287/1287/1287
f 1277/1277/1277 1588/1588/1588 1573/1573/1573
f 1277/1277/1277 1573/1573/1573 1269/1269/1269
f 2633/2633/2633 142/142/142 139/139/139
f 2633/2633/2633 139/139/139 2638/2638/2638
f 2924/2924/2924 2908/2908/2908 2274/2274/2274
f 2924/2924/2924 2274/2274/2274 2303/2303/2303
f 1729/1729/1729 1885/1885/1885 2146/2146/2146
f 1729/1729/1729 2146/2146/2146 2012/2012/2012
f 2332/2332/2332 2327/2327/2327 2340/2340/2340
f 2332/2332/2332 2340/2340/2340 2335/2335/2335
f 2364/2364/2364 2348/2348/2348 2509/2509/2509
f 2364/2364/2364 2509/2509/2509 2658/2658/2658
f 2310/2310/2310 2302/2302/2302 2275/2275/2275
f 2310/2310/2310 2275/2275/2275 2284/2284/2284
f 2925/2925/2925 2300/2300/2300 8/8/8
f 2925/2925/2925 8/8/8 1279/1279/1279
f 2894/2894/2894 2888/2888/2888 133/133/133
f 2894/2894/2894 133/133/133 1608/1608/1608
f 2504/2504/2504 1618/1618/1618 218/218/218
f 2504/2504/2504 218/218/218 2789/2789/2789
f 2626/2626/2626 2629/2629/2629 2634/2634/2634
f 2626/2626/2626 2634/2634/2634 2637/2637/2637
f 1660/1660/1660 1655/1655/1655 12/12/12
f 1660/1660/1660 12/12/12 14/14/14
f 2345/2345/2345 1630/1630/1630 1620/1620/1620
f 2345/2345/2345 1620/1620/1620 2502/2502/2502
f 2840/2840/2840 226/226/226 144/144/144
f 2840/2840/2840 144/144/144 2578/2578/2578
f 2850/2850/2850 224/224/224 156/156/156
f 2850/2850/2850 156/156/156 2588/2588/2588
f 2630/2630/2630 2625/2625/2625 135/135/135
f 2630/2630/2630 135/135/135 138/138/138
f 2860/2860/2860 220/220/220 162/162/162
f 2860/2860/2860 162/162/162 2598/2598/2598
f 2870/2870/2870 216/216/216 168/168/168
f 2870/2870/2870 168/168/168 2608/2608/2608
f 2800/2800/2800 214/214/214 170/170/170
f 2800/2800/2800 170/170/170 2538/2538/2538
f 2880/2880/2880 212/212/212 158/158/158
f 2880/2880/2880 158/158/158 2618/2618/2618
f 2810/2810/2810 210/210/210 174/174/174
f 2810/2810/2810 174/174/174 2548/2548/2548
f 2820/2820/2820 208/208/208 178/178/178
f 2820/2820/2820 178/178/178 2558/2558/2558
f 2830/2830/2830 206/206/206 146/146/146
f 2830/2830/2830 146/146/146 2568/2568/2568
f 2641/2641/2641 192/192/192 150/150/150
f 2641/2641/2641 150/150/150 2493/2493/2493
f 2691/2691/2691 200/200/200 154/154/154
f 2691/2691/2691 154/154/154 2409/2409/2409
f 2703/2703/2703 198/198/198 160/160/160
f 2703/2703/2703 160/160/160 2421/2421/2421
f 2715/2715/2715 196/196/196 166/166/166
f 2715/2715/2715 166/166/166 2433/2433/2433
f 2727/2727/2727 194/194/194 172/172/172
f 2727/2727/2727 172/172/172 2445/2445/2445
f 2739/2739/2739 190/190/190 176/176/176
f 2739/2739/2739 176/176/176 2457/2457/2457
f 1716/1716/1716 1872/1872/1872 2135/2135/2135
f 1716/1716/1716 2135/2135/2135 1999/1999/1999
f 2751/2751/2751 186/186/186 180/180/180
f 2751/2751/2751 180/180/180 2469/2469/2469
f 2667/2667/2667 184/184/184 182/182/182
f 2667/2667/2667 182/182/182 2385/2385/2385
f 2768/2768/2768 2480/2480/2480 2612/2612/2612
f 2768/2768/2768 2612/2612/2612 2879/2879/2879
f 2684/2684/2684 2396/2396/2396 2542/2542/2542
f 2684/2684/2684 2542/2542/2542 2809/2809/2809
f 2672/2672/2672 2384/2384/2384 2532/2532/2532
f 2672/2672/2672 2532/2532/2532 2799/2799/2799
f 2756/2756/2756 2468/2468/2468 2602/2602/2602
f 2756/2756/2756 2602/2602/2602 2869/2869/2869
f 2568/2568/2568 146/146/146 226/226/226
f 2568/2568/2568 226/226/226 2840/2840/2840
f 2744/2744/2744 2456/2456/2456 2592/2592/2592
f 2744/2744/2744 2592/2592/2592 2859/2859/2859
f 2558/2558/2558 178/178/178 206/206/206
f 2558/2558/2558 206/206/206 2830/2830/2830
f 2646/2646/2646 2492/2492/2492 2621/2621/2621
f 2646/2646/2646 2621/2621/2621 2776/2776/2776
f 2732/2732/2732 2444/2444/2444 2582/2582/2582
f 2732/2732/2732 2582/2582/2582 2849/2849/2849
f 2367/2367/2367 1641/1641/1641 1634/1634/1634
f 2367/2367/2367 1634/1634/1634 2343/2343/2343
f 2548/2548/2548 174/174/174 208/208/208
f 2548/2548/2548 208/208/208 2820/2820/2820
f 2653/2653/2653 188/188/188 1646/1646/1646
f 2653/2653/2653 1646/1646/1646 2365/2365/2365
f 2618/2618/2618 158/158/158 222/222/222
f 2618/2618/2618 222/222/222 2777/2777/2777
f 2720/2720/2720 2432/2432/2432 2572/2572/2572
f 2720/2720/2720 2572/2572/2572 2839/2839/2839
f 2538/2538/2538 170/170/170 210/210/210
f 2538/2538/2538 210/210/210 2810/2810/2810
f 2608/2608/2608 168/168/168 212/212/212
f 2608/2608/2608 212/212/212 2880/2880/2880
f 2708/2708/2708 2420/2420/2420 2562/2562/2562
f 2708/2708/2708 2562/2562/2562 2829/2829/2829
f 2528/2528/2528 164/164/164 214/214/214
f 2528/2528/2528 214/214/214 2800/2800/2800
f 2598/2598/2598 162/162/162 216/216/216
f 2598/2598/2598 216/216/216 2870/2870/2870
f 2696/2696/2696 2408/2408/2408 2552/2552/2552
f 2696/2696/2696 2552/2552/2552 2819/2819/2819
f 2141/2141/2141 1886/1886/1886 58/58/58
f 2141/2141/2141 58/58/58 116/116/116
f 2588/2588/2588 156/156/156 220/220/220
f 2588/2588/2588 220/220/220 2860/2860/2860
f 2397/2397/2397 152/152/152 184/184/184
f 2397/2397/2397 184/184/184 2667/2667/2667
f 2481/2481/2481 148/148/148 186/186/186
f 2481/2481/2481 186/186/186 2751/2751/2751
f 2578/2578/2578 144/144/144 224/224/224
f 2578/2578/2578 224/224/224 2850/2850/2850
f 2493/2493/2493 150/150/150 204/204/204
f 2493/2493/2493 204/204/204 2763/2763/2763
f 2492/2492/2492 2768/2768/2768 2879/2879/2879
f 2492/2492/2492 2879/2879/2879 2621/2621/2621
f 2763/2763/2763 204/204/204 148/148/148
f 2763/2763/2763 148/148/148 2481/2481/2481
f 2480/2480/2480 2756/2756/2756 2869/2869/2869
f 2480/2480/2480 2869/2869/2869 2612/2612/2612
f 2469/2469/2469 180/180/180 190/190/190
f 2469/2469/2469 190/190/190 2739/2739/2739
f 2468/2468/2468 2744/2744/2744 2859/2859/2859
f 2468/2468/2468 2859/2859/2859 2602/2602/2602
f 2457/2457/2457 176/176/176 194/194/194
f 2457/2457/2457 194/194/194 2727/2727/2727
f 2456/2456/2456 2732/2732/2732 2849/2849/2849
f 2456/2456/2456 2849/2849/2849 2592/2592/2592
f 2445/2445/2445 172/172/172 196/196/196
f 2445/2445/2445 196/196/196 2715/2715/2715
f 2444/2444/2444 2720/2720/2720 2839/2839/2839
f 2444/2444/2444 2839/2839/2839 2582/2582/2582
f 2433/2433/2433 166/166/166 198/198/198
f 2433/2433/2433 198/198/198 2703/2703/2703
f 2432/2432/2432 2708/2708/2708 2829/2829/2829
f 2432/2432/2432 2829/2829/2829 2572/2572/2572
f 2421/2421/2421 160/160/160 200/200/200
f 2421/2421/2421 200/200/200 2691/2691/2691
f 2420/2420/2420 2696/2696/2696 2819/2819/2819
f 2420/2420/2420 2819/2819/2819 2562/2562/2562
f 2409/2409/2409 154/154/154 202/202/202
f 2409/2409/2409 202/202/202 2679/2679/2679
f 2408/2408/2408 2684/2684/2684 2809/2809/2809
f 2408/2408/2408 2809/2809/2809 2552/2552/2552
f 2679/2679/2679 202/202/202 152/152/152
f 2679/2679/2679 152/152/152 2397/2397/2397
f 2396/2396/2396 2672/2672/2672 2799/2799/2799
f 2396/2396/2396 2799/2799/2799 2542/2542/2542
f 2385/2385/2385 182/182/182 188/188/188
f 2385/2385/2385 188/188/188 2653/2653/2653
f 2384/2384/2384 2659/2659/2659 2787/2787/2787
f 2384/2384/2384 2787/2787/2787 2532/2532/2532
f 2789/2789/2789 218/218/218 164/164/164
f 2789/2789/2789 164/164/164 2528/2528/2528
f 245/245/245 251/251/251 253/253/253
f 245/245/245 253/253/253 252/252/252
f 251/251/251 257/257/257 260/260/260
f 251/251/251 260/260/260 253/253/253
f 247/247/247 254/254/254 258/258/258
f 247/247/247 258/258/258 256/256/256
f 255/255/255 262/262/262 263/263/263
f 255/255/255 263/263/263 259/259/259
f 250/250/250 261/261/261 263/263/263
f 250/250/250 263/263/263 262/262/262
f 261/261/261 252/252/252 253/253/253
f 261/261/261 253/253/253 263/263/263
f 266/266/266 272/272/272 275/275/275
f 266/266/266 275/275/275 273/273/273
f 271/271/271 277/277/277 278/278/278
f 271/271/271 278/278/278 274/274/274
f 267/267/267 276/276/276 278/278/278
f 267/267/267 278/278/278 277/277/277
f 276/276/276 280/280/280 282/282/282
f 276/276/276 282/282/282 278/278/278
f 269/269/269 279/279/279 283/283/283
f 269/269/269 283/283/283 281/281/281
f 279/279/279 273/273/273 275/275/275
f 279/279/279 275/275/275 283/283/283
f 418/418/418 426/426/426 429/429/429
f 418/418/418 429/429/429 427/427/427
f 426/426/426 434/434/434 435/435/435
f 426/426/426 435/435/435 429/429/429
f 420/420/420 431/431/431 435/435/435
f 420/420/420 435/435/435 434/434/434
f 432/432/432 438/438/438 440/440/440
f 432/432/432 440/440/440 436/436/436
f 425/425/425 437/437/437 440/440/440
f 425/425/425 440/440/440 438/438/438
f 437/437/437 428/428/428 430/430/430
f 437/437/437 430/430/430 440/440/440
f 839/839/839 842/842/842 844/844/844
f 839/839/839 844/844/844 843/843/843
f 842/842/842 846/846/846 848/848/848
f 842/842/842 848/848/848 844/844/844
f 840/840/840 845/845/845 849/849/849
f 840/840/840 849/849/849 847/847/847
f 845/845/845 852/852/852 854/854/854
f 845/845/845 854/854/854 849/849/849
f 841/841/841 851/851/851 854/854/854
f 841/841/841 854/854/854 852/852/852
f 850/850/850 843/843/843 844/844/844
f 850/850/850 844/844/844 853/853/853
f 877/877/877 880/880/880 884/884/884
f 877/877/877 884/884/884 882/882/882
f 880/880/880 887/887/887 889/889/889
f 880/880/880 889/889/889 884/884/884
f 878/878/878 886/886/886 889/889/889
f 878/878/878 889/889/889 887/887/887
f 885/885/885 891/891/891 892/892/892
f 885/885/885 892/892/892 888/888/888
f 879/879/879 890/890/890 892/892/892
f 879/879/879 892/892/892 891/891/891
f 890/890/890 881/881/881 883/883/883
f 890/890/890 883/883/883 892/892/892
f 903/903/903 906/906/906 908/908/908
f 903/903/903 908/908/908 907/907/907
f 906/906/906 913/913/913 915/915/915
f 906/906/906 915/915/915 908/908/908
f 904/904/904 910/910/910 914/914/914
f 904/904/904 914/914/914 912/912/912
f 911/911/911 918/918/918 919/919/919
f 911/911/911 919/919/919 916/916/916
f 905/905/905 917/917/917 919/919/919
f 905/905/905 919/919/919 918/918/918
f 917/917/917 907/907/907 908/908/908
f 917/917/917 908/908/908 919/919/919
f 986/986/986 992/992/992 994/994/994
f 986/986/986 994/994/994 993/993/993
f 992/992/992 996/996/996 997/997/997
f 992/992/992 997/997/997 994/994/994
f 989/989/989 995/995/995 997/997/997
f 989/989/989 997/997/997 996/996/996
f 995/995/995 1002/1002/1002 1004/1004/1004
f 995/995/995 1004/1004/1004 997/997/997
f 990/990/990 999/999/999 1003/1003/1003
f 990/990/990 1003/1003/1003 1001/1001/1001
f 1000/1000/1000 993/993/993 994/994/994
f 1000/1000/1000 994/994/994 1005/1005/1005
f 1007/1007/1007 1012/1012/1012 1016/1016/1016
f 1007/1007/1007 1016/1016/1016 1014/1014/1014
f 1012/1012/1012 1019/1019/1019 1021/1021/1021
f 1012/1012/1012 1021/1021/1021 1016/1016/1016
f 1008/1008/1008 1018/1018/1018 1021/1021/1021
f 1008/1008/1008 1021/1021/1021 1019/1019/1019
f 1017/1017/1017 1023/1023/1023 1024/1024/1024
f 1017/1017/1017 1024/1024/1024 1020/1020/1020
f 1010/1010/1010 1022/1022/1022 1024/1024/1024
f 1010/1010/1010 1024/1024/1024 1023/1023/1023
f 1022/1022/1022 1013/1013/1013 1015/1015/1015
f 1022/1022/1022 1015/1015/1015 1024/1024/1024
f 1147/1147/1147 1153/1153/1153 1156/1156/1156
f 1147/1147/1147 1156/1156/1156 1154/1154/1154
f 1153/1153/1153 1159/1159/1159 1161/1161/1161
f 1153/1153/1153 1161/1161/1161 1156/1156/1156
f 1149/1149/1149 1157/1157/1157 1160/1160/1160
f 1149/1149/1149 1160/1160/1160 1158/1158/1158
f 1157/1157/1157 1165/1165/1165 1166/1166/1166
f 1157/1157/1157 1166/1166/1166 1160/1160/1160
f 1151/1151/1151 1162/1162/1162 1166/1166/1166
f 1151/1151/1151 1166/1166/1166 1165/1165/1165
f 1163/1163/1163 1154/1154/1154 1156/1156/1156
f 1163/1163/1163 1156/1156/1156 1167/1167/1167
f 1554/1554/1554 1557/1557/1557 1559/1559/1559
f 1554/1554/1554 1559/1559/1559 1558/1558/1558
f 1557/1557/1557 1561/1561/1561 1563/1563/1563
f 1557/1557/1557 1563/1563/1563 1559/1559/1559
f 1555/1555/1555 1560/1560/1560 1564/1564/1564
f 1555/1555/1555 1564/1564/1564 1562/1562/1562
f 1560/1560/1560 1567/1567/1567 1569/1569/1569
f 1560/1560/1560 1569/1569/1569 1564/1564/1564
f 1556/1556/1556 1566/1566/1566 1569/1569/1569
f 1556/1556/1556 1569/1569/1569 1567/1567/1567
f 1565/1565/1565 1558/1558/1558 1559/1559/1559
f 1565/1565/1565 1559/1559/1559 1568/1568/1568
f 1570/1570/1570 1575/1575/1575 1578/1578/1578
f 1570/1570/1570 1578/1578/1578 1576/1576/1576
f 1574/1574/1574 1580/1580/1580 1581/1581/1581
f 1574/1574/1574 1581/1581/1581 1577/1577/1577
f 1572/1572/1572 1579/1579/1579 1581/1581/1581
f 1572/1572/1572 1581/1581/1581 1580/1580/1580
f 1579/1579/1579 1583/1583/1583 1585/1585/1585
f 1579/1579/1579 1585/1585/1585 1581/1581/1581
f 1573/1573/1573 1582/1582/1582 1586/1586/1586
f 1573/1573/1573 1586/1586/1586 1584/1584/1584
f 1582/1582/1582 1576/1576/1576 1578/1578/1578
f 1582/1582/1582 1578/1578/1578 1586/1586/1586
f 1587/1587/1587 1590/1590/1590 1592/1592/1592
f 1587/1587/1587 1592/1592/1592 1591/1591/1591
f 1590/1590/1590 1594/1594/1594 1596/1596/1596
f 1590/1590/1590 1596/1596/1596 1592/1592/1592
f 1588/1588/1588 1593/1593/1593 1596/1596/1596
f 1588/1588/1588 1596/1596/1596 1594/1594/1594
f 1593/1593/1593 1600/1600/1600 1603/1603/1603
f 1593/1593/1593 1603/1603/1603 1596/1596/1596
f 1589/1589/1589 1597/1597/1597 1601/1601/1601
f 1589/1589/1589 1601/1601/1601 1599/1599/1599
f 1598/1598/1598 1591/1591/1591 1592/1592/1592
f 1598/1598/1598 1592/1592/1592 1602/1602/1602
f 1672/1672/1672 1677/1677/1677 1679/1679/1679
f 1672/1672/1672 1679/1679/1679 1678/1678/1678
f 1677/1677/1677 1681/1681/1681 1683/1683/1683
f 1677/1677/1677 1683/1683/1683 1679/1679/1679
f 1673/1673/1673 1680/1680/1680 1683/1683/1683
f 1673/1673/1673 1683/1683/1683 1681/1681/1681
f 1680/1680/1680 1686/1686/1686 1689/1689/1689
f 1680/1680/1680 1689/1689/1689 1683/1683/1683
f 1676/1676/1676 1685/1685/1685 1690/1690/1690
f 1676/1676/1676 1690/1690/1690 1687/1687/1687
f 1684/1684/1684 1678/1678/1678 1679/1679/1679
f 1684/1684/1684 1679/1679/1679 1688/1688/1688
f 1691/1691/1691 1697/1697/1697 1700/1700/1700
f 1691/1691/1691 1700/1700/1700 1698/1698/1698
f 1697/1697/1697 1704/1704/1704 1705/1705/1705
f 1697/1697/1697 1705/1705/1705 1700/1700/1700
f 1694/1694/1694 1702/1702/1702 1705/1705/1705
f 1694/1694/1694 1705/1705/1705 1704/1704/1704
f 1703/1703/1703 1708/1708/1708 1709/1709/1709
f 1703/1703/1703 1709/1709/1709 1706/1706/1706
f 1696/1696/1696 1707/1707/1707 1709/1709/1709
f 1696/1696/1696 1709/1709/1709 1708/1708/1708
f 1707/1707/1707 1699/1699/1699 1701/1701/1701
f 1707/1707/1707 1701/1701/1701 1709/1709/1709
f 1845/1845/1845 1852/1852/1852 1855/1855/1855
f 1845/1845/1845 1855/1855/1855 1854/1854/1854
f 1852/1852/1852 1858/1858/1858 1860/1860/1860
f 1852/1852/1852 1860/1860/1860 1855/1855/1855
f 1849/1849/1849 1857/1857/1857 1862/1862/1862
f 1849/1849/1849 1862/1862/1862 1859/1859/1859
f 1857/1857/1857 1866/1866/1866 1869/1869/1869
f 1857/1857/1857 1869/1869/1869 1862/1862/1862
f 1851/1851/1851 1865/1865/1865 1869/1869/1869
f 1851/1851/1851 1869/1869/1869 1866/1866/1866
f 1864/1864/1864 1854/1854/1854 1855/1855/1855
f 1864/1864/1864 1855/1855/1855 1867/1867/1867
f 2248/2248/2248 2251/2251/2251 2253/2253/2253
f 2248/2248/2248 2253/2253/2253 2252/2252/2252
f 2251/2251/2251 2256/2256/2256 2258/2258/2258
f 2251/2251/2251 2258/2258/2258 2253/2253/2253
f 2249/2249/2249 2254/2254/2254 2257/2257/2257
f 2249/2249/2249 2257/2257/2257 2255/2255/2255
f 2254/2254/2254 2261/2261/2261 2262/2262/2262
f 2254/2254/2254 2262/2262/2262 2257/2257/2257
f 2250/2250/2250 2259/2259/2259 2262/2262/2262
f 2250/2250/2250 2262/2262/2262 2261/2261/2261
f 2260/2260/2260 2252/2252/2252 2253/2253/2253
f 2260/2260/2260 2253/2253/2253 2263/2263/2263
f 2284/2284/2284 2287/2287/2287 2290/2290/2290
f 2284/2284/2284 2290/2290/2290 2289/2289/2289
f 2288/2288/2288 2293/2293/2293 2294/2294/2294
f 2288/2288/2288 2294/2294/2294 2291/2291/2291
f 2285/2285/2285 2292/2292/2292 2294/2294/2294
f 2285/2285/2285 2294/2294/2294 2293/2293/2293
f 2292/2292/2292 2297/2297/2297 2299/2299/2299
f 2292/2292/2292 2299/2299/2299 2294/2294/2294
f 2286/2286/2286 2295/2295/2295 2298/2298/2298
f 2286/2286/2286 2298/2298/2298 2296/2296/2296
f 2295/2295/2295 2289/2289/2289 2290/2290/2290
f 2295/2295/2295 2290/2290/2290 2298/2298/2298
f 2310/2310/2310 2313/2313/2313 2316/2316/2316
f 2310/2310/2310 2316/2316/2316 2314/2314/2314
f 2313/2313/2313 2318/2318/2318 2319/2319/2319
f 2313/2313/2313 2319/2319/2319 2316/2316/2316
f 2311/2311/2311 2317/2317/2317 2319/2319/2319
f 2311/2311/2311 2319/2319/2319 2318/2318/2318
f 2317/2317/2317 2322/2322/2322 2324/2324/2324
f 2317/2317/2317 2324/2324/2324 2319/2319/2319
f 2312/2312/2312 2321/2321/2321 2326/2326/2326
f 2312/2312/2312 2326/2326/2326 2323/2323/2323
f 2320/2320/2320 2314/2314/2314 2316/2316/2316
f 2320/2320/2320 2316/2316/2316 2325/2325/2325
f 2344/2344/2344 2349/2349/2349 2351/2351/2351
f 2344/2344/2344 2351/2351/2351 2350/2350/2350
f 2349/2349/2349 2354/2354/2354 2356/2356/2356
f 2349/2349/2349 2356/2356/2356 2351/2351/2351
f 2346/2346/2346 2353/2353/2353 2358/2358/2358
f 2346/2346/2346 2358/2358/2358 2355/2355/2355
f 2352/2352/2352 2360/2360/2360 2362/2362/2362
f 2352/2352/2352 2362/2362/2362 2357/2357/2357
f 2347/2347/2347 2359/2359/2359 2362/2362/2362
f 2347/2347/2347 2362/2362/2362 2360/2360/2360
f 2359/2359/2359 2350/2350/2350 2351/2351/2351
f 2359/2359/2359 2351/2351/2351 2362/2362/2362
f 2363/2363/2363 2369/2369/2369 2372/2372/2372
f 2363/2363/2363 2372/2372/2372 2371/2371/2371
f 2370/2370/2370 2375/2375/2375 2376/2376/2376
f 2370/2370/2370 2376/2376/2376 2373/2373/2373
f 2366/2366/2366 2374/2374/2374 2376/2376/2376
f 2366/2366/2366 2376/2376/2376 2375/2375/2375
f 2374/2374/2374 2379/2379/2379 2381/2381/2381
f 2374/2374/2374 2381/2381/2381 2376/2376/2376
f 2368/2368/2368 2377/2377/2377 2380/2380/2380
f 2368/2368/2368 2380/2380/2380 2378/2378/2378
f 2377/2377/2377 2371/2371/2371 2372/2372/2372
f 2377/2377/2377 2372/2372/2372 2380/2380/2380
f 2503/2503/2503 2510/2510/2510 2515/2515/2515
f 2503/2503/2503 2515/2515/2515 2512/2512/2512
f 2510/2510/2510 2519/2519/2519 2522/2522/2522
f 2510/2510/2510 2522/2522/2522 2515/2515/2515
f 2505/2505/2505 2518/2518/2518 2522/2522/2522
f 2505/2505/2505 2522/2522/2522 2519/2519/2519
f 2517/2517/2517 2525/2525/2525 2526/2526/2526
f 2517/2517/2517 2526/2526/2526 2520/2520/2520
f 2506/2506/2506 2523/2523/2523 2526/2526/2526
f 2506/2506/2506 2526/2526/2526 2525/2525/2525
f 2523/2523/2523 2511/2511/2511 2513/2513/2513
f 2523/2523/2523 2513/2513/2513 2526/2526/2526
f 2892/2892/2892 2895/2895/2895 2897/2897/2897
f 2892/2892/2892 2897/2897/2897 2896/2896/2896
f 2895/2895/2895 2900/2900/2900 2902/2902/2902
f 2895/2895/2895 2902/2902/2902 2897/2897/2897
f 2893/2893/2893 2898/2898/2898 2901/2901/2901
f 2893/2893/2893 2901/2901/2901 2899/2899/2899
f 2898/2898/2898 2905/2905/2905 2906/2906/2906
f 2898/2898/2898 2906/2906/2906 2901/2901/2901
f 2894/2894/2894 2903/2903/2903 2906/2906/2906
f 2894/2894/2894 2906/2906/2906 2905/2905/2905
f 2904/2904/2904 2896/2896/2896 2897/2897/2897
f 2904/2904/2904 2897/2897/2897 2907/2907/2907
f 2908/2908/2908 2911/2911/2911 2914/2914/2914
f 2908/2908/2908 2914/2914/2914 2912/2912/2912
f 2911/2911/2911 2918/2918/2918 2919/2919/2919
f 2911/2911/2911 2919/2919/2919 2914/2914/2914
f 2909/2909/2909 2916/2916/2916 2919/2919/2919
f 2909/2909/2909 2919/2919/2919 2918/2918/2918
f 2917/2917/2917 2922/2922/2922 2923/2923/2923
f 2917/2917/2917 2923/2923/2923 2920/2920/2920
f 2910/2910/2910 2921/2921/2921 2923/2923/2923
f 2910/2910/2910 2923/2923/2923 2922/2922/2922
f 2921/2921/2921 2913/2913/2913 2915/2915/2915
f 2921/2921/2921 2915/2915/2915 2923/2923/2923
f 2924/2924/2924 2927/2927/2927 2929/2929/2929
f 2924/2924/2924 2929/2929/2929 2928/2928/2928
f 2927/2927/2927 2932/2932/2932 2935/2935/2935
f 2927/2927/2927 2935/2935/2935 2929/2929/2929
f 2925/2925/2925 2931/2931/2931 2936/2936/2936
f 2925/2925/2925 2936/2936/2936 2933/2933/2933
f 2930/2930/2930 2938/2938/2938 2939/2939/2939
f 2930/2930/2930 2939/2939/2939 2934/2934/2934
f 2926/2926/2926 2937/2937/2937 2939/2939/2939
f 2926/2926/2926 2939/2939/2939 2938/2938/2938
f 2937/2937/2937 2928/2928/2928 2929/2929/2929
f 2937/2937/2937 2929/2929/2929 2939/2939/2939
f 229/229/229 234/234/234 236/236/236
f 229/229/229 236/236/236 231/231/231
f 231/231/231 236/236/236 235/235/235
f 231/231/231 235/235/235 232/232/232
f 232/232/232 235/235/235 233/233/233
f 232/232/232 233/233/233 230/230/230
f 241/241/241 238/238/238 240/240/240
f 241/241/241 240/240/240 243/243/243
f 243/243/243 240/240/240 239/239/239
f 243/243/243 239/239/239 244/244/244
f 244/244/244 239/239/239 237/237/237
f 244/244/244 237/237/237 242/242/242
f 250/250/250 266/266/266 273/273/273
f 250/250/250 273/273/273 261/261/261
f 261/261/261 273/273/273 279/279/279
f 261/261/261 279/279/279 252/252/252
f 252/252/252 279/279/279 269/269/269
f 252/252/252 269/269/269 245/245/245
f 593/593/593 287/287/287 295/295/295
f 593/593/593 295/295/295 599/599/599
f 597/597/597 292/292/292 297/297/297
f 597/597/597 297/297/297 595/595/595
f 595/595/595 297/297/297 289/289/289
f 595/595/595 289/289/289 588/588/588
f 606/606/606 300/300/300 307/307/307
f 606/606/606 307/307/307 612/612/612
f 611/611/611 305/305/305 309/309/309
f 611/611/611 309/309/309 609/609/609
f 609/609/609 309/309/309 301/301/301
f 609/609/609 301/301/301 600/600/600
f 618/618/618 312/312/312 319/319/319
f 618/618/618 319/319/319 624/624/624
f 622/622/622 317/317/317 321/321/321
f 622/622/622 321/321/321 620/620/620
f 620/620/620 321/321/321 313/313/313
f 620/620/620 313/313/313 615/615/615
f 630/630/630 324/324/324 331/331/331
f 630/630/630 331/331/331 636/636/636
f 634/634/634 329/329/329 333/333/333
f 634/634/634 333/333/333 632/632/632
f 632/632/632 333/333/333 325/325/325
f 632/632/632 325/325/325 627/627/627
f 642/642/642 336/336/336 343/343/343
f 642/642/642 343/343/343 648/648/648
f 646/646/646 341/341/341 345/345/345
f 646/646/646 345/345/345 644/644/644
f 644/644/644 345/345/345 337/337/337
f 644/644/644 337/337/337 639/639/639
f 654/654/654 348/348/348 355/355/355
f 654/654/654 355/355/355 660/660/660
f 658/658/658 353/353/353 357/357/357
f 658/658/658 357/357/357 656/656/656
f 656/656/656 357/357/357 349/349/349
f 656/656/656 349/349/349 651/651/651
f 666/666/666 360/360/360 367/367/367
f 666/666/666 367/367/367 672/672/672
f 670/670/670 365/365/365 369/369/369
f 670/670/670 369/369/369 668/668/668
f 668/668/668 369/369/369 361/361/361
f 668/668/668 361/361/361 663/663/663
f 678/678/678 372/372/372 379/379/379
f 678/678/678 379/379/379 684/684/684
f 682/682/682 377/377/377 381/381/381
f 682/682/682 381/381/381 680/680/680
f 680/680/680 381/381/381 373/373/373
f 680/680/680 373/373/373 675/675/675
f 690/690/690 384/384/384 391/391/391
f 690/690/690 391/391/391 696/696/696
f 694/694/694 389/389/389 393/393/393
f 694/694/694 393/393/393 692/692/692
f 692/692/692 393/393/393 385/385/385
f 692/692/692 385/385/385 687/687/687
f 702/702/702 396/396/396 403/403/403
f 702/702/702 403/403/403 708/708/708
f 706/706/706 401/401/401 405/405/405
f 706/706/706 405/405/405 704/704/704
f 704/704/704 405/405/405 398/398/398
f 704/704/704 398/398/398 699/699/699
f 714/714/714 407/407/407 414/414/414
f 714/714/714 414/414/414 720/720/720
f 718/718/718 413/413/413 417/417/417
f 718/718/718 417/417/417 716/716/716
f 716/716/716 417/417/417 409/409/409
f 716/716/716 409/409/409 711/711/711
f 724/724/724 441/441/441 452/452/452
f 724/724/724 452/452/452 729/729/729
f 731/731/731 450/450/450 453/453/453
f 731/731/731 453/453/453 727/727/727
f 727/727/727 453/453/453 447/447/447
f 727/727/727 447/447/447 723/723/723
f 737/737/737 455/455/455 460/460/460
f 737/737/737 460/460/460 742/742/742
f 743/743/743 463/463/463 464/464/464
f 743/743/743 464/464/464 739/739/739
f 739/739/739 464/464/464 459/459/459
f 739/739/739 459/459/459 734/734/734
f 748/748/748 465/465/465 470/470/470
f 748/748/748 470/470/470 752/752/752
f 753/753/753 473/473/473 474/474/474
f 753/753/753 474/474/474 750/750/750
f 750/750/750 474/474/474 469/469/469
f 750/750/750 469/469/469 746/746/746
f 758/758/758 475/475/475 480/480/480
f 758/758/758 480/480/480 762/762/762
f 763/763/763 483/483/483 484/484/484
f 763/763/763 484/484/484 760/760/760
f 760/760/760 484/484/484 479/479/479
f 760/760/760 479/479/479 756/756/756
f 768/768/768 485/485/485 490/490/490
f 768/768/768 490/490/490 772/772/772
f 773/773/773 493/493/493 494/494/494
f 773/773/773 494/494/494 770/770/770
f 770/770/770 494/494/494 489/489/489
f 770/770/770 489/489/489 766/766/766
f 778/778/778 495/495/495 500/500/500
f 778/778/778 500/500/500 782/782/782
f 783/783/783 503/503/503 504/504/504
f 783/783/783 504/504/504 780/780/780
f 780/780/780 504/504/504 499/499/499
f 780/780/780 499/499/499 776/776/776
f 788/788/788 505/505/505 510/510/510
f 788/788/788 510/510/510 792/792/792
f 793/793/793 513/513/513 514/514/514
f 793/793/793 514/514/514 790/790/790
f 790/790/790 514/514/514 509/509/509
f 790/790/790 509/509/509 786/786/786
f 798/798/798 515/515/515 520/520/520
f 798/798/798 520/520/520 802/802/802
f 803/803/803 523/523/523 524/524/524
f 803/803/803 524/524/524 800/800/800
f 800/800/800 524/524/524 519/519/519
f 800/800/800 519/519/519 796/796/796
f 808/808/808 525/525/525 530/530/530
f 808/808/808 530/530/530 812/812/812
f 813/813/813 533/533/533 534/534/534
f 813/813/813 534/534/534 810/810/810
f 810/810/810 534/534/534 529/529/529
f 810/810/810 529/529/529 806/806/806
f 818/818/818 535/535/535 540/540/540
f 818/818/818 540/540/540 822/822/822
f 823/823/823 543/543/543 544/544/544
f 823/823/823 544/544/544 820/820/820
f 820/820/820 544/544/544 539/539/539
f 820/820/820 539/539/539 816/816/816
f 828/828/828 545/545/545 549/549/549
f 828/828/828 549/549/549 832/832/832
f 833/833/833 550/550/550 551/551/551
f 833/833/833 551/551/551 830/830/830
f 830/830/830 551/551/551 548/548/548
f 830/830/830 548/548/548 826/826/826
f 576/576/576 573/573/573 575/575/575
f 576/576/576 575/575/575 578/578/578
f 578/578/578 575/575/575 574/574/574
f 578/578/578 574/574/574 579/579/579
f 579/579/579 574/574/574 572/572/572
f 579/579/579 572/572/572 577/577/577
f 580/580/580 585/585/585 587/587/587
f 580/580/580 587/587/587 582/582/582
f 582/582/582 587/587/587 586/586/586
f 582/582/582 586/586/586 583/583/583
f 583/583/583 586/586/586 584/584/584
f 583/583/583 584/584/584 581/581/581
f 247/247/247 418/418/418 427/427/427
f 247/247/247 427/427/427 254/254/254
f 255/255/255 428/428/428 437/437/437
f 255/255/255 437/437/437 262/262/262
f 262/262/262 437/437/437 425/425/425
f 262/262/262 425/425/425 250/250/250
f 936/936/936 420/420/420 434/434/434
f 936/936/936 434/434/434 940/940/940
f 940/940/940 434/434/434 426/426/426
f 940/940/940 426/426/426 938/938/938
f 938/938/938 426/426/426 418/418/418
f 938/938/938 418/418/418 930/930/930
f 961/961/961 269/269/269 281/281/281
f 961/961/961 281/281/281 968/968/968
f 966/966/966 280/280/280 276/276/276
f 966/966/966 276/276/276 964/964/964
f 964/964/964 276/276/276 267/267/267
f 964/964/964 267/267/267 956/956/956
f 408/408/408 592/592/592 598/598/598
f 408/408/408 598/598/598 415/415/415
f 412/412/412 596/596/596 594/594/594
f 412/412/412 594/594/594 416/416/416
f 416/416/416 594/594/594 589/589/589
f 416/416/416 589/589/589 410/410/410
f 299/299/299 619/619/619 625/625/625
f 299/299/299 625/625/625 306/306/306
f 304/304/304 623/623/623 621/621/621
f 304/304/304 621/621/621 308/308/308
f 308/308/308 621/621/621 614/614/614
f 308/308/308 614/614/614 302/302/302
f 311/311/311 631/631/631 637/637/637
f 311/311/311 637/637/637 318/318/318
f 316/316/316 635/635/635 633/633/633
f 316/316/316 633/633/633 320/320/320
f 320/320/320 633/633/633 626/626/626
f 320/320/320 626/626/626 314/314/314
f 323/323/323 643/643/643 649/649/649
f 323/323/323 649/649/649 330/330/330
f 328/328/328 647/647/647 645/645/645
f 328/328/328 645/645/645 332/332/332
f 332/332/332 645/645/645 638/638/638
f 332/332/332 638/638/638 326/326/326
f 335/335/335 655/655/655 661/661/661
f 335/335/335 661/661/661 342/342/342
f 340/340/340 659/659/659 657/657/657
f 340/340/340 657/657/657 344/344/344
f 344/344/344 657/657/657 650/650/650
f 344/344/344 650/650/650 338/338/338
f 347/347/347 667/667/667 673/673/673
f 347/347/347 673/673/673 354/354/354
f 352/352/352 671/671/671 669/669/669
f 352/352/352 669/669/669 356/356/356
f 356/356/356 669/669/669 662/662/662
f 356/356/356 662/662/662 350/350/350
f 359/359/359 679/679/679 685/685/685
f 359/359/359 685/685/685 366/366/366
f 364/364/364 683/683/683 681/681/681
f 364/364/364 681/681/681 368/368/368
f 368/368/368 681/681/681 674/674/674
f 368/368/368 674/674/674 362/362/362
f 371/371/371 691/691/691 697/697/697
f 371/371/371 697/697/697 378/378/378
f 376/376/376 695/695/695 693/693/693
f 376/376/376 693/693/693 380/380/380
f 380/380/380 693/693/693 686/686/686
f 380/380/380 686/686/686 374/374/374
f 383/383/383 703/703/703 709/709/709
f 383/383/383 709/709/709 390/390/390
f 388/388/388 707/707/707 705/705/705
f 388/388/388 705/705/705 392/392/392
f 392/392/392 705/705/705 698/698/698
f 392/392/392 698/698/698 386/386/386
f 395/395/395 715/715/715 721/721/721
f 395/395/395 721/721/721 402/402/402
f 400/400/400 719/719/719 717/717/717
f 400/400/400 717/717/717 404/404/404
f 404/404/404 717/717/717 710/710/710
f 404/404/404 710/710/710 397/397/397
f 545/545/545 725/725/725 728/728/728
f 545/545/545 728/728/728 549/549/549
f 550/550/550 730/730/730 727/727/727
f 550/550/550 727/727/727 551/551/551
f 551/551/551 727/727/727 723/723/723
f 551/551/551 723/723/723 548/548/548
f 456/456/456 747/747/747 751/751/751
f 456/456/456 751/751/751 461/461/461
f 462/462/462 754/754/754 750/750/750
f 462/462/462 750/750/750 464/464/464
f 464/464/464 750/750/750 746/746/746
f 464/464/464 746/746/746 459/459/459
f 466/466/466 757/757/757 761/761/761
f 466/466/466 761/761/761 471/471/471
f 472/472/472 764/764/764 760/760/760
f 472/472/472 760/760/760 474/474/474
f 474/474/474 760/760/760 756/756/756
f 474/474/474 756/756/756 469/469/469
f 476/476/476 767/767/767 771/771/771
f 476/476/476 771/771/771 481/481/481
f 482/482/482 774/774/774 770/770/770
f 482/482/482 770/770/770 484/484/484
f 484/484/484 770/770/770 766/766/766
f 484/484/484 766/766/766 479/479/479
f 486/486/486 777/777/777 781/781/781
f 486/486/486 781/781/781 491/491/491
f 492/492/492 784/784/784 780/780/780
f 492/492/492 780/780/780 494/494/494
f 494/494/494 780/780/780 776/776/776
f 494/494/494 776/776/776 489/489/489
f 496/496/496 787/787/787 791/791/791
f 496/496/496 791/791/791 501/501/501
f 502/502/502 794/794/794 790/790/790
f 502/502/502 790/790/790 504/504/504
f 504/504/504 790/790/790 786/786/786
f 504/504/504 786/786/786 499/499/499
f 506/506/506 797/797/797 801/801/801
f 506/506/506 801/801/801 511/511/511
f 512/512/512 804/804/804 800/800/800
f 512/512/512 800/800/800 514/514/514
f 514/514/514 800/800/800 796/796/796
f 514/514/514 796/796/796 509/509/509
f 516/516/516 807/807/807 811/811/811
f 516/516/516 811/811/811 521/521/521
f 522/522/522 814/814/814 810/810/810
f 522/522/522 810/810/810 524/524/524
f 524/524/524 810/810/810 806/806/806
f 524/524/524 806/806/806 519/519/519
f 526/526/526 817/817/817 821/821/821
f 526/526/526 821/821/821 531/531/531
f 532/532/532 824/824/824 820/820/820
f 532/532/532 820/820/820 534/534/534
f 534/534/534 820/820/820 816/816/816
f 534/534/534 816/816/816 529/529/529
f 536/536/536 827/827/827 831/831/831
f 536/536/536 831/831/831 541/541/541
f 542/542/542 834/834/834 830/830/830
f 542/542/542 830/830/830 544/544/544
f 544/544/544 830/830/830 826/826/826
f 544/544/544 826/826/826 539/539/539
f 266/266/266 607/607/607 613/613/613
f 266/266/266 613/613/613 272/272/272
f 271/271/271 610/610/610 608/608/608
f 271/271/271 608/608/608 277/277/277
f 277/277/277 608/608/608 601/601/601
f 277/277/277 601/601/601 267/267/267
f 839/839/839 855/855/855 860/860/860
f 839/839/839 860/860/860 842/842/842
f 842/842/842 860/860/860 862/862/862
f 842/842/842 862/862/862 846/846/846
f 847/847/847 863/863/863 858/858/858
f 847/847/847 858/858/858 840/840/840
f 840/840/840 836/836/836 838/838/838
f 840/840/840 838/838/838 845/845/845
f 845/845/845 838/838/838 837/837/837
f 845/845/845 837/837/837 852/852/852
f 852/852/852 837/837/837 835/835/835
f 852/852/852 835/835/835 841/841/841
f 922/922/922 839/839/839 843/843/843
f 922/922/922 843/843/843 928/928/928
f 928/928/928 843/843/843 850/850/850
f 928/928/928 850/850/850 924/924/924
f 925/925/925 851/851/851 841/841/841
f 925/925/925 841/841/841 921/921/921
f 420/420/420 736/736/736 741/741/741
f 420/420/420 741/741/741 431/431/431
f 433/433/433 744/744/744 740/740/740
f 433/433/433 740/740/740 439/439/439
f 439/439/439 740/740/740 735/735/735
f 439/439/439 735/735/735 424/424/424
f 905/905/905 878/878/878 887/887/887
f 905/905/905 887/887/887 917/917/917
f 917/917/917 887/887/887 880/880/880
f 917/917/917 880/880/880 907/907/907
f 907/907/907 880/880/880 877/877/877
f 907/907/907 877/877/877 903/903/903
f 554/554/554 879/879/879 891/891/891
f 554/554/554 891/891/891 560/560/560
f 560/560/560 891/891/891 885/885/885
f 560/560/560 885/885/885 556/556/556
f 558/558/558 886/886/886 878/878/878
f 558/558/558 878/878/878 553/553/553
f 879/879/879 866/866/866 872/872/872
f 879/879/879 872/872/872 890/890/890
f 890/890/890 872/872/872 873/873/873
f 890/890/890 873/873/873 881/881/881
f 882/882/882 875/875/875 870/870/870
f 882/882/882 870/870/870 877/877/877
f 565/565/565 905/905/905 918/918/918
f 565/565/565 918/918/918 571/571/571
f 571/571/571 918/918/918 911/911/911
f 571/571/571 911/911/911 568/568/568
f 566/566/566 910/910/910 904/904/904
f 566/566/566 904/904/904 562/562/562
f 903/903/903 893/893/893 897/897/897
f 903/903/903 897/897/897 906/906/906
f 906/906/906 897/897/897 901/901/901
f 906/906/906 901/901/901 913/913/913
f 912/912/912 902/902/902 895/895/895
f 912/912/912 895/895/895 904/904/904
f 245/245/245 944/944/944 950/950/950
f 245/245/245 950/950/950 251/251/251
f 251/251/251 950/950/950 954/954/954
f 251/251/251 954/954/954 257/257/257
f 256/256/256 952/952/952 948/948/948
f 256/256/256 948/948/948 247/247/247
f 970/970/970 975/975/975 977/977/977
f 970/970/970 977/977/977 972/972/972
f 972/972/972 977/977/977 976/976/976
f 972/972/972 976/976/976 973/973/973
f 973/973/973 976/976/976 974/974/974
f 973/973/973 974/974/974 971/971/971
f 982/982/982 979/979/979 981/981/981
f 982/982/982 981/981/981 984/984/984
f 984/984/984 981/981/981 980/980/980
f 984/984/984 980/980/980 985/985/985
f 985/985/985 980/980/980 978/978/978
f 985/985/985 978/978/978 983/983/983
f 986/986/986 1008/1008/1008 1019/1019/1019
f 986/986/986 1019/1019/1019 992/992/992
f 992/992/992 1019/1019/1019 1012/1012/1012
f 992/992/992 1012/1012/1012 996/996/996
f 996/996/996 1012/1012/1012 1007/1007/1007
f 996/996/996 1007/1007/1007 989/989/989
f 1305/1305/1305 288/288/288 296/296/296
f 1305/1305/1305 296/296/296 1313/1313/1313
f 1313/1313/1313 296/296/296 293/293/293
f 1313/1313/1313 293/293/293 1309/1309/1309
f 1311/1311/1311 294/294/294 286/286/286
f 1311/1311/1311 286/286/286 1304/1304/1304
f 1319/1319/1319 1025/1025/1025 1032/1032/1032
f 1319/1319/1319 1032/1032/1032 1327/1327/1327
f 1327/1327/1327 1032/1032/1032 1034/1034/1034
f 1327/1327/1327 1034/1034/1034 1323/1323/1323
f 1324/1324/1324 1036/1036/1036 1030/1030/1030
f 1324/1324/1324 1030/1030/1030 1317/1317/1317
f 1332/1332/1332 1037/1037/1037 1044/1044/1044
f 1332/1332/1332 1044/1044/1044 1338/1338/1338
f 1338/1338/1338 1044/1044/1044 1046/1046/1046
f 1338/1338/1338 1046/1046/1046 1334/1334/1334
f 1336/1336/1336 1048/1048/1048 1042/1042/1042
f 1336/1336/1336 1042/1042/1042 1329/1329/1329
f 1344/1344/1344 1049/1049/1049 1056/1056/1056
f 1344/1344/1344 1056/1056/1056 1350/1350/1350
f 1350/1350/1350 1056/1056/1056 1058/1058/1058
f 1350/1350/1350 1058/1058/1058 1346/1346/1346
f 1348/1348/1348 1060/1060/1060 1054/1054/1054
f 1348/1348/1348 1054/1054/1054 1341/1341/1341
f 1356/1356/1356 1061/1061/1061 1068/1068/1068
f 1356/1356/1356 1068/1068/1068 1362/1362/1362
f 1362/1362/1362 1068/1068/1068 1070/1070/1070
f 1362/1362/1362 1070/1070/1070 1358/1358/1358
f 1360/1360/1360 1072/1072/1072 1066/1066/1066
f 1360/1360/1360 1066/1066/1066 1353/1353/1353
f 1368/1368/1368 1073/1073/1073 1080/1080/1080
f 1368/1368/1368 1080/1080/1080 1374/1374/1374
f 1374/1374/1374 1080/1080/1080 1082/1082/1082
f 1374/1374/1374 1082/1082/1082 1370/1370/1370
f 1372/1372/1372 1084/1084/1084 1078/1078/1078
f 1372/1372/1372 1078/1078/1078 1365/1365/1365
f 1380/1380/1380 1085/1085/1085 1092/1092/1092
f 1380/1380/1380 1092/1092/1092 1386/1386/1386
f 1386/1386/1386 1092/1092/1092 1094/1094/1094
f 1386/1386/1386 1094/1094/1094 1382/1382/1382
f 1384/1384/1384 1096/1096/1096 1090/1090/1090
f 1384/1384/1384 1090/1090/1090 1377/1377/1377
f 1392/1392/1392 1097/1097/1097 1104/1104/1104
f 1392/1392/1392 1104/1104/1104 1398/1398/1398
f 1398/1398/1398 1104/1104/1104 1106/1106/1106
f 1398/1398/1398 1106/1106/1106 1394/1394/1394
f 1396/1396/1396 1108/1108/1108 1102/1102/1102
f 1396/1396/1396 1102/1102/1102 1389/1389/1389
f 1404/1404/1404 1109/1109/1109 1116/1116/1116
f 1404/1404/1404 1116/1116/1116 1410/1410/1410
f 1410/1410/1410 1116/1116/1116 1118/1118/1118
f 1410/1410/1410 1118/1118/1118 1406/1406/1406
f 1408/1408/1408 1120/1120/1120 1114/1114/1114
f 1408/1408/1408 1114/1114/1114 1401/1401/1401
f 1416/1416/1416 1122/1122/1122 1128/1128/1128
f 1416/1416/1416 1128/1128/1128 1422/1422/1422
f 1422/1422/1422 1128/1128/1128 1130/1130/1130
f 1422/1422/1422 1130/1130/1130 1418/1418/1418
f 1420/1420/1420 1132/1132/1132 1126/1126/1126
f 1420/1420/1420 1126/1126/1126 1413/1413/1413
f 1428/1428/1428 1134/1134/1134 1140/1140/1140
f 1428/1428/1428 1140/1140/1140 1434/1434/1434
f 1434/1434/1434 1140/1140/1140 1142/1142/1142
f 1434/1434/1434 1142/1142/1142 1430/1430/1430
f 1432/1432/1432 1143/1143/1143 1137/1137/1137
f 1432/1432/1432 1137/1137/1137 1425/1425/1425
f 1440/1440/1440 448/448/448 454/454/454
f 1440/1440/1440 454/454/454 1445/1445/1445
f 1445/1445/1445 454/454/454 449/449/449
f 1445/1445/1445 449/449/449 1444/1444/1444
f 1442/1442/1442 451/451/451 442/442/442
f 1442/1442/1442 442/442/442 1437/1437/1437
f 1451/1451/1451 1169/1169/1169 1173/1173/1173
f 1451/1451/1451 1173/1173/1173 1457/1457/1457
f 1457/1457/1457 1173/1173/1173 1177/1177/1177
f 1457/1457/1457 1177/1177/1177 1455/1455/1455
f 1454/1454/1454 1174/1174/1174 1170/1170/1170
f 1454/1454/1454 1170/1170/1170 1447/1447/1447
f 1463/1463/1463 1179/1179/1179 1183/1183/1183
f 1463/1463/1463 1183/1183/1183 1468/1468/1468
f 1468/1468/1468 1183/1183/1183 1187/1187/1187
f 1468/1468/1468 1187/1187/1187 1466/1466/1466
f 1465/1465/1465 1184/1184/1184 1180/1180/1180
f 1465/1465/1465 1180/1180/1180 1460/1460/1460
f 1473/1473/1473 1189/1189/1189 1193/1193/1193
f 1473/1473/1473 1193/1193/1193 1478/1478/1478
f 1478/1478/1478 1193/1193/1193 1197/1197/1197
f 1478/1478/1478 1197/1197/1197 1476/1476/1476
f 1475/1475/1475 1194/1194/1194 1190/1190/1190
f 1475/1475/1475 1190/1190/1190 1470/1470/1470
f 1483/1483/1483 1199/1199/1199 1203/1203/1203
f 1483/1483/1483 1203/1203/1203 1488/1488/1488
f 1488/1488/1488 1203/1203/1203 1207/1207/1207
f 1488/1488/1488 1207/1207/1207 1486/1486/1486
f 1485/1485/1485 1204/1204/1204 1200/1200/1200
f 1485/1485/1485 1200/1200/1200 1480/1480/1480
f 1493/1493/1493 1209/1209/1209 1213/1213/1213
f 1493/1493/1493 1213/1213/1213 1498/1498/1498
f 1498/1498/1498 1213/1213/1213 1217/1217/1217
f 1498/1498/1498 1217/1217/1217 1496/1496/1496
f 1495/1495/1495 1214/1214/1214 1210/1210/1210
f 1495/1495/1495 1210/1210/1210 1490/1490/1490
f 1503/1503/1503 1219/1219/1219 1223/1223/1223
f 1503/1503/1503 1223/1223/1223 1508/1508/1508
f 1508/1508/1508 1223/1223/1223 1227/1227/1227
f 1508/1508/1508 1227/1227/1227 1506/1506/1506
f 1505/1505/1505 1224/1224/1224 1220/1220/1220
f 1505/1505/1505 1220/1220/1220 1500/1500/1500
f 1513/1513/1513 1229/1229/1229 1233/1233/1233
f 1513/1513/1513 1233/1233/1233 1518/1518/1518
f 1518/1518/1518 1233/1233/1233 1237/1237/1237
f 1518/1518/1518 1237/1237/1237 1516/1516/1516
f 1515/1515/1515 1234/1234/1234 1230/1230/1230
f 1515/1515/1515 1230/1230/1230 1510/1510/1510
f 1523/1523/1523 1239/1239/1239 1243/1243/1243
f 1523/1523/1523 1243/1243/1243 1528/1528/1528
f 1528/1528/1528 1243/1243/1243 1247/1247/1247
f 1528/1528/1528 1247/1247/1247 1526/1526/1526
f 1525/1525/1525 1244/1244/1244 1240/1240/1240
f 1525/1525/1525 1240/1240/1240 1520/1520/1520
f 1533/1533/1533 1249/1249/1249 1253/1253/1253
f 1533/1533/1533 1253/1253/1253 1538/1538/1538
f 1538/1538/1538 1253/1253/1253 1257/1257/1257
f 1538/1538/1538 1257/1257/1257 1536/1536/1536
f 1535/1535/1535 1254/1254/1254 1250/1250/1250
f 1535/1535/1535 1250/1250/1250 1530/1530/1530
f 1543/1543/1543 1259/1259/1259 1262/1262/1262
f 1543/1543/1543 1262/1262/1262 1548/1548/1548
f 1548/1548/1548 1262/1262/1262 1264/1264/1264
f 1548/1548/1548 1264/1264/1264 1546/1546/1546
f 1545/1545/1545 1263/1263/1263 1260/1260/1260
f 1545/1545/1545 1260/1260/1260 1540/1540/1540
f 1290/1290/1290 1287/1287/1287 1289/1289/1289
f 1290/1290/1290 1289/1289/1289 1292/1292/1292
f 1292/1292/1292 1289/1289/1289 1288/1288/1288
f 1292/1292/1292 1288/1288/1288 1293/1293/1293
f 1293/1293/1293 1288/1288/1288 1286/1286/1286
f 1293/1293/1293 1286/1286/1286 1291/1291/1291
f 1294/1294/1294 1299/1299/1299 1301/1301/1301
f 1294/1294/1294 1301/1301/1301 1296/1296/1296
f 1296/1296/1296 1301/1301/1301 1300/1300/1300
f 1296/1296/1296 1300/1300/1300 1297/1297/1297
f 1297/1297/1297 1300/1300/1300 1298/1298/1298
f 1297/1297/1297 1298/1298/1298 1295/1295/1295
f 989/989/989 1148/1148/1148 1155/1155/1155
f 989/989/989 1155/1155/1155 995/995/995
f 995/995/995 1155/1155/1155 1164/1164/1164
f 995/995/995 1164/1164/1164 1002/1002/1002
f 1001/1001/1001 1162/1162/1162 1151/1151/1151
f 1001/1001/1001 1151/1151/1151 990/990/990
f 1621/1621/1621 1151/1151/1151 1165/1165/1165
f 1621/1621/1621 1165/1165/1165 1625/1625/1625
f 1625/1625/1625 1165/1165/1165 1157/1157/1157
f 1625/1625/1625 1157/1157/1157 1623/1623/1623
f 1623/1623/1623 1157/1157/1157 1149/1149/1149
f 1623/1623/1623 1149/1149/1149 1615/1615/1615
f 1647/1647/1647 1010/1010/1010 1023/1023/1023
f 1647/1647/1647 1023/1023/1023 1653/1653/1653
f 1653/1653/1653 1023/1023/1023 1017/1017/1017
f 1653/1653/1653 1017/1017/1017 1649/1649/1649
f 1651/1651/1651 1018/1018/1018 1008/1008/1008
f 1651/1651/1651 1008/1008/1008 1644/1644/1644
f 1133/1133/1133 1306/1306/1306 1312/1312/1312
f 1133/1133/1133 1312/1312/1312 1139/1139/1139
f 1139/1139/1139 1312/1312/1312 1308/1308/1308
f 1139/1139/1139 1308/1308/1308 1141/1141/1141
f 1144/1144/1144 1310/1310/1310 1303/1303/1303
f 1144/1144/1144 1303/1303/1303 1138/1138/1138
f 1026/1026/1026 1331/1331/1331 1339/1339/1339
f 1026/1026/1026 1339/1339/1339 1031/1031/1031
f 1031/1031/1031 1339/1339/1339 1335/1335/1335
f 1031/1031/1031 1335/1335/1335 1033/1033/1033
f 1035/1035/1035 1337/1337/1337 1330/1330/1330
f 1035/1035/1035 1330/1330/1330 1029/1029/1029
f 1038/1038/1038 1343/1343/1343 1351/1351/1351
f 1038/1038/1038 1351/1351/1351 1043/1043/1043
f 1043/1043/1043 1351/1351/1351 1347/1347/1347
f 1043/1043/1043 1347/1347/1347 1045/1045/1045
f 1047/1047/1047 1349/1349/1349 1342/1342/1342
f 1047/1047/1047 1342/1342/1342 1041/1041/1041
f 1050/1050/1050 1355/1355/1355 1363/1363/1363
f 1050/1050/1050 1363/1363/1363 1055/1055/1055
f 1055/1055/1055 1363/1363/1363 1359/1359/1359
f 1055/1055/1055 1359/1359/1359 1057/1057/1057
f 1059/1059/1059 1361/1361/1361 1354/1354/1354
f 1059/1059/1059 1354/1354/1354 1053/1053/1053
f 1062/1062/1062 1367/1367/1367 1375/1375/1375
f 1062/1062/1062 1375/1375/1375 1067/1067/1067
f 1067/1067/1067 1375/1375/1375 1371/1371/1371
f 1067/1067/1067 1371/1371/1371 1069/1069/1069
f 1071/1071/1071 1373/1373/1373 1366/1366/1366
f 1071/1071/1071 1366/1366/1366 1065/1065/1065
f 1074/1074/1074 1379/1379/1379 1387/1387/1387
f 1074/1074/1074 1387/1387/1387 1079/1079/1079
f 1079/1079/1079 1387/1387/1387 1383/1383/1383
f 1079/1079/1079 1383/1383/1383 1081/1081/1081
f 1083/1083/1083 1385/1385/1385 1378/1378/1378
f 1083/1083/1083 1378/1378/1378 1077/1077/1077
f 1086/1086/1086 1391/1391/1391 1399/1399/1399
f 1086/1086/1086 1399/1399/1399 1091/1091/1091
f 1091/1091/1091 1399/1399/1399 1395/1395/1395
f 1091/1091/1091 1395/1395/1395 1093/1093/1093
f 1095/1095/1095 1397/1397/1397 1390/1390/1390
f 1095/1095/1095 1390/1390/1390 1089/1089/1089
f 1098/1098/1098 1403/1403/1403 1411/1411/1411
f 1098/1098/1098 1411/1411/1411 1103/1103/1103
f 1103/1103/1103 1411/1411/1411 1407/1407/1407
f 1103/1103/1103 1407/1407/1407 1105/1105/1105
f 1107/1107/1107 1409/1409/1409 1402/1402/1402
f 1107/1107/1107 1402/1402/1402 1101/1101/1101
f 1110/1110/1110 1415/1415/1415 1423/1423/1423
f 1110/1110/1110 1423/1423/1423 1115/1115/1115
f 1115/1115/1115 1423/1423/1423 1419/1419/1419
f 1115/1115/1115 1419/1419/1419 1117/1117/1117
f 1119/1119/1119 1421/1421/1421 1414/1414/1414
f 1119/1119/1119 1414/1414/1414 1113/1113/1113
f 1121/1121/1121 1427/1427/1427 1435/1435/1435
f 1121/1121/1121 1435/1435/1435 1127/1127/1127
f 1127/1127/1127 1435/1435/1435 1431/1431/1431
f 1127/1127/1127 1431/1431/1431 1129/1129/1129
f 1131/1131/1131 1433/1433/1433 1426/1426/1426
f 1131/1131/1131 1426/1426/1426 1125/1125/1125
f 1259/1259/1259 1440/1440/1440 1445/1445/1445
f 1259/1259/1259 1445/1445/1445 1262/1262/1262
f 1262/1262/1262 1445/1445/1445 1443/1443/1443
f 1262/1262/1262 1443/1443/1443 1264/1264/1264
f 1263/1263/1263 1441/1441/1441 1436/1436/1436
f 1263/1263/1263 1436/1436/1436 1260/1260/1260
f 1169/1169/1169 1463/1463/1463 1468/1468/1468
f 1169/1169/1169 1468/1468/1468 1173/1173/1173
f 1173/1173/1173 1468/1468/1468 1467/1467/1467
f 1173/1173/1173 1467/1467/1467 1176/1176/1176
f 1175/1175/1175 1464/1464/1464 1459/1459/1459
f 1175/1175/1175 1459/1459/1459 1171/1171/1171
f 1179/1179/1179 1473/1473/1473 1478/1478/1478
f 1179/1179/1179 1478/1478/1478 1183/1183/1183
f 1183/1183/1183 1478/1478/1478 1477/1477/1477
f 1183/1183/1183 1477/1477/1477 1186/1186/1186
f 1185/1185/1185 1474/1474/1474 1469/1469/1469
f 1185/1185/1185 1469/1469/1469 1181/1181/1181
f 1189/1189/1189 1483/1483/1483 1488/1488/1488
f 1189/1189/1189 1488/1488/1488 1193/1193/1193
f 1193/1193/1193 1488/1488/1488 1487/1487/1487
f 1193/1193/1193 1487/1487/1487 1196/1196/1196
f 1195/1195/1195 1484/1484/1484 1479/1479/1479
f 1195/1195/1195 1479/1479/1479 1191/1191/1191
f 1199/1199/1199 1493/1493/1493 1498/1498/1498
f 1199/1199/1199 1498/1498/1498 1203/1203/1203
f 1203/1203/1203 1498/1498/1498 1497/1497/1497
f 1203/1203/1203 1497/1497/1497 1206/1206/1206
f 1205/1205/1205 1494/1494/1494 1489/1489/1489
f 1205/1205/1205 1489/1489/1489 1201/1201/1201
f 1209/1209/1209 1503/1503/1503 1508/1508/1508
f 1209/1209/1209 1508/1508/1508 1213/1213/1213
f 1213/1213/1213 1508/1508/1508 1507/1507/1507
f 1213/1213/1213 1507/1507/1507 1216/1216/1216
f 1215/1215/1215 1504/1504/1504 1499/1499/1499
f 1215/1215/1215 1499/1499/1499 1211/1211/1211
f 1219/1219/1219 1513/1513/1513 1518/1518/1518
f 1219/1219/1219 1518/1518/1518 1223/1223/1223
f 1223/1223/1223 1518/1518/1518 1517/1517/1517
f 1223/1223/1223 1517/1517/1517 1226/1226/1226
f 1225/1225/1225 1514/1514/1514 1509/1509/1509
f 1225/1225/1225 1509/1509/1509 1221/1221/1221
f 1229/1229/1229 1523/1523/1523 1528/1528/1528
f 1229/1229/1229 1528/1528/1528 1233/1233/1233
f 1233/1233/1233 1528/1528/1528 1527/1527/1527
f 1233/1233/1233 1527/1527/1527 1236/1236/1236
f 1235/1235/1235 1524/1524/1524 1519/1519/1519
f 1235/1235/1235 1519/1519/1519 1231/1231/1231
f 1239/1239/1239 1533/1533/1533 1538/1538/1538
f 1239/1239/1239 1538/1538/1538 1243/1243/1243
f 1243/1243/1243 1538/1538/1538 1537/1537/1537
f 1243/1243/1243 1537/1537/1537 1246/1246/1246
f 1245/1245/1245 1534/1534/1534 1529/1529/1529
f 1245/1245/1245 1529/1529/1529 1241/1241/1241
f 1249/1249/1249 1543/1543/1543 1548/1548/1548
f 1249/1249/1249 1548/1548/1548 1253/1253/1253
f 1253/1253/1253 1548/1548/1548 1547/1547/1547
f 1253/1253/1253 1547/1547/1547 1256/1256/1256
f 1255/1255/1255 1544/1544/1544 1539/1539/1539
f 1255/1255/1255 1539/1539/1539 1251/1251/1251
f 1010/1010/1010 1320/1320/1320 1326/1326/1326
f 1010/1010/1010 1326/1326/1326 1022/1022/1022
f 1022/1022/1022 1326/1326/1326 1322/1322/1322
f 1022/1022/1022 1322/1322/1322 1013/1013/1013
f 1014/1014/1014 1325/1325/1325 1318/1318/1318
f 1014/1014/1014 1318/1318/1318 1007/1007/1007
f 1556/1556/1556 859/859/859 865/865/865
f 1556/1556/1556 865/865/865 1566/1566/1566
f 1565/1565/1565 864/864/864 861/861/861
f 1565/1565/1565 861/861/861 1558/1558/1558
f 1558/1558/1558 861/861/861 857/857/857
f 1558/1558/1558 857/857/857 1554/1554/1554
f 1555/1555/1555 1550/1550/1550 1552/1552/1552
f 1555/1555/1555 1552/1552/1552 1560/1560/1560
f 1560/1560/1560 1552/1552/1552 1551/1551/1551
f 1560/1560/1560 1551/1551/1551 1567/1567/1567
f 1567/1567/1567 1551/1551/1551 1549/1549/1549
f 1567/1567/1567 1549/1549/1549 1556/1556/1556
f 1607/1607/1607 1555/1555/1555 1562/1562/1562
f 1607/1607/1607 1562/1562/1562 1612/1612/1612
f 1611/1611/1611 1561/1561/1561 1557/1557/1557
f 1611/1611/1611 1557/1557/1557 1609/1609/1609
f 1609/1609/1609 1557/1557/1557 1554/1554/1554
f 1609/1609/1609 1554/1554/1554 1604/1604/1604
f 1147/1147/1147 1452/1452/1452 1458/1458/1458
f 1147/1147/1147 1458/1458/1458 1153/1153/1153
f 1153/1153/1153 1458/1458/1458 1456/1456/1456
f 1153/1153/1153 1456/1456/1456 1159/1159/1159
f 1158/1158/1158 1453/1453/1453 1446/1446/1446
f 1158/1158/1158 1446/1446/1446 1149/1149/1149
f 1587/1587/1587 1570/1570/1570 1576/1576/1576
f 1587/1587/1587 1576/1576/1576 1590/1590/1590
f 1590/1590/1590 1576/1576/1576 1582/1582/1582
f 1590/1590/1590 1582/1582/1582 1594/1594/1594
f 1594/1594/1594 1582/1582/1582 1573/1573/1573
f 1594/1594/1594 1573/1573/1573 1588/1588/1588
f 1269/1269/1269 1573/1573/1573 1584/1584/1584
f 1269/1269/1269 1584/1584/1584 1274/1274/1274
f 1272/1272/1272 1583/1583/1583 1579/1579/1579
f 1272/1272/1272 1579/1579/1579 1270/1270/1270
f 1270/1270/1270 1579/1579/1579 1572/1572/1572
f 1270/1270/1270 1572/1572/1572 1265/1265/1265
f 1570/1570/1570 869/869/869 876/876/876
f 1570/1570/1570 876/876/876 1575/1575/1575
f 1574/1574/1574 874/874/874 871/871/871
f 1574/1574/1574 871/871/871 1580/1580/1580
f 1580/1580/1580 871/871/871 868/868/868
f 1580/1580/1580 868/868/868 1572/1572/1572
f 1278/1278/1278 1589/1589/1589 1599/1599/1599
f 1278/1278/1278 1599/1599/1599 1282/1282/1282
f 1284/1284/1284 1600/1600/1600 1593/1593/1593
f 1284/1284/1284 1593/1593/1593 1281/1281/1281
f 1281/1281/1281 1593/1593/1593 1588/1588/1588
f 1281/1281/1281 1588/1588/1588 1277/1277/1277
f 1589/1589/1589 896/896/896 900/900/900
f 1589/1589/1589 900/900/900 1597/1597/1597
f 1598/1598/1598 899/899/899 898/898/898
f 1598/1598/1598 898/898/898 1591/1591/1591
f 1591/1591/1591 898/898/898 894/894/894
f 1591/1591/1591 894/894/894 1587/1587/1587
f 990/990/990 1627/1627/1627 1635/1635/1635
f 990/990/990 1635/1635/1635 999/999/999
f 1000/1000/1000 1637/1637/1637 1639/1639/1639
f 1000/1000/1000 1639/1639/1639 993/993/993
f 993/993/993 1639/1639/1639 1631/1631/1631
f 993/993/993 1631/1631/1631 986/986/986
f 1655/1655/1655 1660/1660/1660 1662/1662/1662
f 1655/1655/1655 1662/1662/1662 1657/1657/1657
f 1657/1657/1657 1662/1662/1662 1661/1661/1661
f 1657/1657/1657 1661/1661/1661 1658/1658/1658
f 1658/1658/1658 1661/1661/1661 1659/1659/1659
f 1658/1658/1658 1659/1659/1659 1656/1656/1656
f 1667/1667/1667 1664/1664/1664 1666/1666/1666
f 1667/1667/1667 1666/1666/1666 1669/1669/1669
f 1669/1669/1669 1666/1666/1666 1665/1665/1665
f 1669/1669/1669 1665/1665/1665 1670/1670/1670
f 1670/1670/1670 1665/1665/1665 1663/1663/1663
f 1670/1670/1670 1663/1663/1663 1668/1668/1668
f 1672/1672/1672 1694/1694/1694 1704/1704/1704
f 1672/1672/1672 1704/1704/1704 1677/1677/1677
f 1677/1677/1677 1704/1704/1704 1697/1697/1697
f 1677/1677/1677 1697/1697/1697 1681/1681/1681
f 1681/1681/1681 1697/1697/1697 1691/1691/1691
f 1681/1681/1681 1691/1691/1691 1673/1673/1673
f 2001/2001/2001 1713/1713/1713 1719/1719/1719
f 2001/2001/2001 1719/1719/1719 2007/2007/2007
f 2007/2007/2007 1719/1719/1719 1722/1722/1722
f 2007/2007/2007 1722/1722/1722 2005/2005/2005
f 2003/2003/2003 1721/1721/1721 1715/1715/1715
f 2003/2003/2003 1715/1715/1715 1997/1997/1997
f 2016/2016/2016 1726/1726/1726 1730/1730/1730
f 2016/2016/2016 1730/1730/1730 2021/2021/2021
f 2021/2021/2021 1730/1730/1730 1734/1734/1734
f 2021/2021/2021 1734/1734/1734 2019/2019/2019
f 2018/2018/2018 1732/1732/1732 1727/1727/1727
f 2018/2018/2018 1727/1727/1727 2010/2010/2010
f 2027/2027/2027 1738/1738/1738 1742/1742/1742
f 2027/2027/2027 1742/1742/1742 2034/2034/2034
f 2034/2034/2034 1742/1742/1742 1746/1746/1746
f 2034/2034/2034 1746/1746/1746 2032/2032/2032
f 2030/2030/2030 1744/1744/1744 1739/1739/1739
f 2030/2030/2030 1739/1739/1739 2024/2024/2024
f 2039/2039/2039 1750/1750/1750 1754/1754/1754
f 2039/2039/2039 1754/1754/1754 2046/2046/2046
f 2046/2046/2046 1754/1754/1754 1758/1758/1758
f 2046/2046/2046 1758/1758/1758 2044/2044/2044
f 2042/2042/2042 1756/1756/1756 1751/1751/1751
f 2042/2042/2042 1751/1751/1751 2036/2036/2036
f 2051/2051/2051 1762/1762/1762 1766/1766/1766
f 2051/2051/2051 1766/1766/1766 2058/2058/2058
f 2058/2058/2058 1766/1766/1766 1770/1770/1770
f 2058/2058/2058 1770/1770/1770 2056/2056/2056
f 2054/2054/2054 1768/1768/1768 1763/1763/1763
f 2054/2054/2054 1763/1763/1763 2048/2048/2048
f 2063/2063/2063 1774/1774/1774 1778/1778/1778
f 2063/2063/2063 1778/1778/1778 2070/2070/2070
f 2070/2070/2070 1778/1778/1778 1782/1782/1782
f 2070/2070/2070 1782/1782/1782 2068/2068/2068
f 2066/2066/2066 1780/1780/1780 1775/1775/1775
f 2066/2066/2066 1775/1775/1775 2060/2060/2060
f 2075/2075/2075 1786/1786/1786 1790/1790/1790
f 2075/2075/2075 1790/1790/1790 2082/2082/2082
f 2082/2082/2082 1790/1790/1790 1794/1794/1794
f 2082/2082/2082 1794/1794/1794 2080/2080/2080
f 2078/2078/2078 1792/1792/1792 1787/1787/1787
f 2078/2078/2078 1787/1787/1787 2072/2072/2072
f 2087/2087/2087 1798/1798/1798 1802/1802/1802
f 2087/2087/2087 1802/1802/1802 2094/2094/2094
f 2094/2094/2094 1802/1802/1802 1806/1806/1806
f 2094/2094/2094 1806/1806/1806 2092/2092/2092
f 2090/2090/2090 1804/1804/1804 1799/1799/1799
f 2090/2090/2090 1799/1799/1799 2084/2084/2084
f 2099/2099/2099 1810/1810/1810 1814/1814/1814
f 2099/2099/2099 1814/1814/1814 2106/2106/2106
f 2106/2106/2106 1814/1814/1814 1818/1818/1818
f 2106/2106/2106 1818/1818/1818 2104/2104/2104
f 2102/2102/2102 1816/1816/1816 1811/1811/1811
f 2102/2102/2102 1811/1811/1811 2096/2096/2096
f 2111/2111/2111 1822/1822/1822 1826/1826/1826
f 2111/2111/2111 1826/1826/1826 2118/2118/2118
f 2118/2118/2118 1826/1826/1826 1830/1830/1830
f 2118/2118/2118 1830/1830/1830 2116/2116/2116
f 2114/2114/2114 1828/1828/1828 1823/1823/1823
f 2114/2114/2114 1823/1823/1823 2108/2108/2108
f 2123/2123/2123 1833/1833/1833 1838/1838/1838
f 2123/2123/2123 1838/1838/1838 2130/2130/2130
f 2130/2130/2130 1838/1838/1838 1842/1842/1842
f 2130/2130/2130 1842/1842/1842 2128/2128/2128
f 2126/2126/2126 1841/1841/1841 1836/1836/1836
f 2126/2126/2126 1836/1836/1836 2120/2120/2120
f 2134/2134/2134 1870/1870/1870 1878/1878/1878
f 2134/2134/2134 1878/1878/1878 2140/2140/2140
f 2140/2140/2140 1878/1878/1878 1883/1883/1883
f 2140/2140/2140 1883/1883/1883 2136/2136/2136
f 2138/2138/2138 1880/1880/1880 1876/1876/1876
f 2138/2138/2138 1876/1876/1876 2133/2133/2133
f 2145/2145/2145 1884/1884/1884 1889/1889/1889
f 2145/2145/2145 1889/1889/1889 2153/2153/2153
f 2153/2153/2153 1889/1889/1889 1890/1890/1890
f 2153/2153/2153 1890/1890/1890 2149/2149/2149
f 2150/2150/2150 1893/1893/1893 1888/1888/1888
f 2150/2150/2150 1888/1888/1888 2142/2142/2142
f 2157/2157/2157 1894/1894/1894 1899/1899/1899
f 2157/2157/2157 1899/1899/1899 2163/2163/2163
f 2163/2163/2163 1899/1899/1899 1900/1900/1900
f 2163/2163/2163 1900/1900/1900 2160/2160/2160
f 2161/2161/2161 1903/1903/1903 1898/1898/1898
f 2161/2161/2161 1898/1898/1898 2155/2155/2155
f 2167/2167/2167 1904/1904/1904 1909/1909/1909
f 2167/2167/2167 1909/1909/1909 2173/2173/2173
f 2173/2173/2173 1909/1909/1909 1910/1910/1910
f 2173/2173/2173 1910/1910/1910 2170/2170/2170
f 2171/2171/2171 1913/1913/1913 1908/1908/1908
f 2171/2171/2171 1908/1908/1908 2165/2165/2165
f 2177/2177/2177 1914/1914/1914 1919/1919/1919
f 2177/2177/2177 1919/1919/1919 2183/2183/2183
f 2183/2183/2183 1919/1919/1919 1920/1920/1920
f 2183/2183/2183 1920/1920/1920 2180/2180/2180
f 2181/2181/2181 1923/1923/1923 1918/1918/1918
f 2181/2181/2181 1918/1918/1918 2175/2175/2175
f 2187/2187/2187 1924/1924/1924 1929/1929/1929
f 2187/2187/2187 1929/1929/1929 2193/2193/2193
f 2193/2193/2193 1929/1929/1929 1930/1930/1930
f 2193/2193/2193 1930/1930/1930 2190/2190/2190
f 2191/2191/2191 1933/1933/1933 1928/1928/1928
f 2191/2191/2191 1928/1928/1928 2185/2185/2185
f 2197/2197/2197 1934/1934/1934 1939/1939/1939
f 2197/2197/2197 1939/1939/1939 2203/2203/2203
f 2203/2203/2203 1939/1939/1939 1940/1940/1940
f 2203/2203/2203 1940/1940/1940 2200/2200/2200
f 2201/2201/2201 1943/1943/1943 1938/1938/1938
f 2201/2201/2201 1938/1938/1938 2195/2195/2195
f 2207/2207/2207 1944/1944/1944 1949/1949/1949
f 2207/2207/2207 1949/1949/1949 2213/2213/2213
f 2213/2213/2213 1949/1949/1949 1950/1950/1950
f 2213/2213/2213 1950/1950/1950 2210/2210/2210
f 2211/2211/2211 1953/1953/1953 1948/1948/1948
f 2211/2211/2211 1948/1948/1948 2205/2205/2205
f 2217/2217/2217 1954/1954/1954 1959/1959/1959
f 2217/2217/2217 1959/1959/1959 2223/2223/2223
f 2223/2223/2223 1959/1959/1959 1960/1960/1960
f 2223/2223/2223 1960/1960/1960 2220/2220/2220
f 2221/2221/2221 1963/1963/1963 1958/1958/1958
f 2221/2221/2221 1958/1958/1958 2215/2215/2215
f 2227/2227/2227 1964/1964/1964 1969/1969/1969
f 2227/2227/2227 1969/1969/1969 2233/2233/2233
f 2233/2233/2233 1969/1969/1969 1970/1970/1970
f 2233/2233/2233 1970/1970/1970 2230/2230/2230
f 2231/2231/2231 1973/1973/1973 1968/1968/1968
f 2231/2231/2231 1968/1968/1968 2225/2225/2225
f 2237/2237/2237 1974/1974/1974 1978/1978/1978
f 2237/2237/2237 1978/1978/1978 2243/2243/2243
f 2243/2243/2243 1978/1978/1978 1979/1979/1979
f 2243/2243/2243 1979/1979/1979 2240/2240/2240
f 2241/2241/2241 1980/1980/1980 1977/1977/1977
f 2241/2241/2241 1977/1977/1977 2235/2235/2235
f 1985/1985/1985 1982/1982/1982 1984/1984/1984
f 1985/1985/1985 1984/1984/1984 1987/1987/1987
f 1987/1987/1987 1984/1984/1984 1983/1983/1983
f 1987/1987/1987 1983/1983/1983 1988/1988/1988
f 1988/1988/1988 1983/1983/1983 1981/1981/1981
f 1988/1988/1988 1981/1981/1981 1986/1986/1986
f 1989/1989/1989 1994/1994/1994 1996/1996/1996
f 1989/1989/1989 1996/1996/1996 1991/1991/1991
f 1991/1991/1991 1996/1996/1996 1995/1995/1995
f 1991/1991/1991 1995/1995/1995 1992/1992/1992
f 1992/1992/1992 1995/1995/1995 1993/1993/1993
f 1992/1992/1992 1993/1993/1993 1990/1990/1990
f 1673/1673/1673 1844/1844/1844 1853/1853/1853
f 1673/1673/1673 1853/1853/1853 1680/1680/1680
f 1680/1680/1680 1853/1853/1853 1863/1863/1863
f 1680/1680/1680 1863/1863/1863 1686/1686/1686
f 1687/1687/1687 1865/1865/1865 1851/1851/1851
f 1687/1687/1687 1851/1851/1851 1676/1676/1676
f 931/931/931 1851/1851/1851 1866/1866/1866
f 931/931/931 1866/1866/1866 939/939/939
f 939/939/939 1866/1866/1866 1857/1857/1857
f 939/939/939 1857/1857/1857 941/941/941
f 941/941/941 1857/1857/1857 1849/1849/1849
f 941/941/941 1849/1849/1849 937/937/937
f 957/957/957 1696/1696/1696 1708/1708/1708
f 957/957/957 1708/1708/1708 965/965/965
f 965/965/965 1708/1708/1708 1703/1703/1703
f 965/965/965 1703/1703/1703 969/969/969
f 967/967/967 1702/1702/1702 1694/1694/1694
f 967/967/967 1694/1694/1694 960/960/960
f 1834/1834/1834 2002/2002/2002 2008/2008/2008
f 1834/1834/1834 2008/2008/2008 1839/1839/1839
f 1839/1839/1839 2008/2008/2008 2006/2006/2006
f 1839/1839/1839 2006/2006/2006 1843/1843/1843
f 1840/1840/1840 2004/2004/2004 1998/1998/1998
f 1840/1840/1840 1998/1998/1998 1835/1835/1835
f 1725/1725/1725 2028/2028/2028 2033/2033/2033
f 1725/1725/1725 2033/2033/2033 1731/1731/1731
f 1731/1731/1731 2033/2033/2033 2031/2031/2031
f 1731/1731/1731 2031/2031/2031 1735/1735/1735
f 1733/1733/1733 2029/2029/2029 2023/2023/2023
f 1733/1733/1733 2023/2023/2023 1728/1728/1728
f 1737/1737/1737 2040/2040/2040 2045/2045/2045
f 1737/1737/1737 2045/2045/2045 1743/1743/1743
f 1743/1743/1743 2045/2045/2045 2043/2043/2043
f 1743/1743/1743 2043/2043/2043 1747/1747/1747
f 1745/1745/1745 2041/2041/2041 2035/2035/2035
f 1745/1745/1745 2035/2035/2035 1740/1740/1740
f 1749/1749/1749 2052/2052/2052 2057/2057/2057
f 1749/1749/1749 2057/2057/2057 1755/1755/1755
f 1755/1755/1755 2057/2057/2057 2055/2055/2055
f 1755/1755/1755 2055/2055/2055 1759/1759/1759
f 1757/1757/1757 2053/2053/2053 2047/2047/2047
f 1757/1757/1757 2047/2047/2047 1752/1752/1752
f 1761/1761/1761 2064/2064/2064 2069/2069/2069
f 1761/1761/1761 2069/2069/2069 1767/1767/1767
f 1767/1767/1767 2069/2069/2069 2067/2067/2067
f 1767/1767/1767 2067/2067/2067 1771/1771/1771
f 1769/1769/1769 2065/2065/2065 2059/2059/2059
f 1769/1769/1769 2059/2059/2059 1764/1764/1764
f 1773/1773/1773 2076/2076/2076 2081/2081/2081
f 1773/1773/1773 2081/2081/2081 1779/1779/1779
f 1779/1779/1779 2081/2081/2081 2079/2079/2079
f 1779/1779/1779 2079/2079/2079 1783/1783/1783
f 1781/1781/1781 2077/2077/2077 2071/2071/2071
f 1781/1781/1781 2071/2071/2071 1776/1776/1776
f 1785/1785/1785 2088/2088/2088 2093/2093/2093
f 1785/1785/1785 2093/2093/2093 1791/1791/1791
f 1791/1791/1791 2093/2093/2093 2091/2091/2091
f 1791/1791/1791 2091/2091/2091 1795/1795/1795
f 1793/1793/1793 2089/2089/2089 2083/2083/2083
f 1793/1793/1793 2083/2083/2083 1788/1788/1788
f 1797/1797/1797 2100/2100/2100 2105/2105/2105
f 1797/1797/1797 2105/2105/2105 1803/1803/1803
f 1803/1803/1803 2105/2105/2105 2103/2103/2103
f 1803/1803/1803 2103/2103/2103 1807/1807/1807
f 1805/1805/1805 2101/2101/2101 2095/2095/2095
f 1805/1805/1805 2095/2095/2095 1800/1800/1800
f 1809/1809/1809 2112/2112/2112 2117/2117/2117
f 1809/1809/1809 2117/2117/2117 1815/1815/1815
f 1815/1815/1815 2117/2117/2117 2115/2115/2115
f 1815/1815/1815 2115/2115/2115 1819/1819/1819
f 1817/1817/1817 2113/2113/2113 2107/2107/2107
f 1817/1817/1817 2107/2107/2107 1812/1812/1812
f 1821/1821/1821 2124/2124/2124 2129/2129/2129
f 1821/1821/1821 2129/2129/2129 1827/1827/1827
f 1827/1827/1827 2129/2129/2129 2127/2127/2127
f 1827/1827/1827 2127/2127/2127 1831/1831/1831
f 1829/1829/1829 2125/2125/2125 2119/2119/2119
f 1829/1829/1829 2119/2119/2119 1824/1824/1824
f 1974/1974/1974 2134/2134/2134 2140/2140/2140
f 1974/1974/1974 2140/2140/2140 1978/1978/1978
f 1978/1978/1978 2140/2140/2140 2137/2137/2137
f 1978/1978/1978 2137/2137/2137 1979/1979/1979
f 1980/1980/1980 2139/2139/2139 2132/2132/2132
f 1980/1980/1980 2132/2132/2132 1977/1977/1977
f 1884/1884/1884 2157/2157/2157 2163/2163/2163
f 1884/1884/1884 2163/2163/2163 1889/1889/1889
f 1889/1889/1889 2163/2163/2163 2159/2159/2159
f 1889/1889/1889 2159/2159/2159 1891/1891/1891
f 1892/1892/1892 2162/2162/2162 2156/2156/2156
f 1892/1892/1892 2156/2156/2156 1887/1887/1887
f 1894/1894/1894 2167/2167/2167 2173/2173/2173
f 1894/1894/1894 2173/2173/2173 1899/1899/1899
f 1899/1899/1899 2173/2173/2173 2169/2169/2169
f 1899/1899/1899 2169/2169/2169 1901/1901/1901
f 1902/1902/1902 2172/2172/2172 2166/2166/2166
f 1902/1902/1902 2166/2166/2166 1897/1897/1897
f 1904/1904/1904 2177/2177/2177 2183/2183/2183
f 1904/1904/1904 2183/2183/2183 1909/1909/1909
f 1909/1909/1909 2183/2183/2183 2179/2179/2179
f 1909/1909/1909 2179/2179/2179 1911/1911/1911
f 1912/1912/1912 2182/2182/2182 2176/2176/2176
f 1912/1912/1912 2176/2176/2176 1907/1907/1907
f 1914/1914/1914 2187/2187/2187 2193/2193/2193
f 1914/1914/1914 2193/2193/2193 1919/1919/1919
f 1919/1919/1919 2193/2193/2193 2189/2189/2189
f 1919/1919/1919 2189/2189/2189 1921/1921/1921
f 1922/1922/1922 2192/2192/2192 2186/2186/2186
f 1922/1922/1922 2186/2186/2186 1917/1917/1917
f 1924/1924/1924 2197/2197/2197 2203/2203/2203
f 1924/1924/1924 2203/2203/2203 1929/1929/1929
f 1929/1929/1929 2203/2203/2203 2199/2199/2199
f 1929/1929/1929 2199/2199/2199 1931/1931/1931
f 1932/1932/1932 2202/2202/2202 2196/2196/2196
f 1932/1932/1932 2196/2196/2196 1927/1927/1927
f 1934/1934/1934 2207/2207/2207 2213/2213/2213
f 1934/1934/1934 2213/2213/2213 1939/1939/1939
f 1939/1939/1939 2213/2213/2213 2209/2209/2209
f 1939/1939/1939 2209/2209/2209 1941/1941/1941
f 1942/1942/1942 2212/2212/2212 2206/2206/2206
f 1942/1942/1942 2206/2206/2206 1937/1937/1937
f 1944/1944/1944 2217/2217/2217 2223/2223/2223
f 1944/1944/1944 2223/2223/2223 1949/1949/1949
f 1949/1949/1949 2223/2223/2223 2219/2219/2219
f 1949/1949/1949 2219/2219/2219 1951/1951/1951
f 1952/1952/1952 2222/2222/2222 2216/2216/2216
f 1952/1952/1952 2216/2216/2216 1947/1947/1947
f 1954/1954/1954 2227/2227/2227 2233/2233/2233
f 1954/1954/1954 2233/2233/2233 1959/1959/1959
f 1959/1959/1959 2233/2233/2233 2229/2229/2229
f 1959/1959/1959 2229/2229/2229 1961/1961/1961
f 1962/1962/1962 2232/2232/2232 2226/2226/2226
f 1962/1962/1962 2226/2226/2226 1957/1957/1957
f 1964/1964/1964 2237/2237/2237 2243/2243/2243
f 1964/1964/1964 2243/2243/2243 1969/1969/1969
f 1969/1969/1969 2243/2243/2243 2239/2239/2239
f 1969/1969/1969 2239/2239/2239 1971/1971/1971
f 1972/1972/1972 2242/2242/2242 2236/2236/2236
f 1972/1972/1972 2236/2236/2236 1967/1967/1967
f 1696/1696/1696 2015/2015/2015 2022/2022/2022
f 1696/1696/1696 2022/2022/2022 1707/1707/1707
f 1707/1707/1707 2022/2022/2022 2020/2020/2020
f 1707/1707/1707 2020/2020/2020 1699/1699/1699
f 1698/1698/1698 2017/2017/2017 2009/2009/2009
f 1698/1698/1698 2009/2009/2009 1691/1691/1691
f 2250/2250/2250 2264/2264/2264 2268/2268/2268
f 2250/2250/2250 2268/2268/2268 2259/2259/2259
f 2260/2260/2260 2269/2269/2269 2273/2273/2273
f 2260/2260/2260 2273/2273/2273 2252/2252/2252
f 2252/2252/2252 2273/2273/2273 2267/2267/2267
f 2252/2252/2252 2267/2267/2267 2248/2248/2248
f 2249/2249/2249 2245/2245/2245 2247/2247/2247
f 2249/2249/2249 2247/2247/2247 2254/2254/2254
f 2254/2254/2254 2247/2247/2247 2246/2246/2246
f 2254/2254/2254 2246/2246/2246 2261/2261/2261
f 2261/2261/2261 2246/2246/2246 2244/2244/2244
f 2261/2261/2261 2244/2244/2244 2250/2250/2250
f 920/920/920 2249/2249/2249 2255/2255/2255
f 920/920/920 2255/2255/2255 926/926/926
f 927/927/927 2256/2256/2256 2251/2251/2251
f 927/927/927 2251/2251/2251 929/929/929
f 929/929/929 2251/2251/2251 2248/2248/2248
f 929/929/929 2248/2248/2248 923/923/923
f 1845/1845/1845 2144/2144/2144 2152/2152/2152
f 1845/1845/1845 2152/2152/2152 1852/1852/1852
f 1852/1852/1852 2152/2152/2152 2148/2148/2148
f 1852/1852/1852 2148/2148/2148 1858/1858/1858
f 1859/1859/1859 2151/2151/2151 2143/2143/2143
f 1859/1859/1859 2143/2143/2143 1849/1849/1849
f 2310/2310/2310 2284/2284/2284 2289/2289/2289
f 2310/2310/2310 2289/2289/2289 2313/2313/2313
f 2313/2313/2313 2289/2289/2289 2295/2295/2295
f 2313/2313/2313 2295/2295/2295 2318/2318/2318
f 2318/2318/2318 2295/2295/2295 2286/2286/2286
f 2318/2318/2318 2286/2286/2286 2311/2311/2311
f 552/552/552 2286/2286/2286 2296/2296/2296
f 552/552/552 2296/2296/2296 557/557/557
f 559/559/559 2297/2297/2297 2292/2292/2292
f 559/559/559 2292/2292/2292 561/561/561
f 561/561/561 2292/2292/2292 2285/2285/2285
f 561/561/561 2285/2285/2285 555/555/555
f 2284/2284/2284 2275/2275/2275 2279/2279/2279
f 2284/2284/2284 2279/2279/2279 2287/2287/2287
f 2288/2288/2288 2280/2280/2280 2282/2282/2282
f 2288/2288/2288 2282/2282/2282 2293/2293/2293
f 2293/2293/2293 2282/2282/2282 2276/2276/2276
f 2293/2293/2293 2276/2276/2276 2285/2285/2285
f 563/563/563 2312/2312/2312 2323/2323/2323
f 563/563/563 2323/2323/2323 569/569/569
f 567/567/567 2322/2322/2322 2317/2317/2317
f 567/567/567 2317/2317/2317 570/570/570
f 570/570/570 2317/2317/2317 2311/2311/2311
f 570/570/570 2311/2311/2311 564/564/564
f 2312/2312/2312 2301/2301/2301 2307/2307/2307
f 2312/2312/2312 2307/2307/2307 2321/2321/2321
f 2320/2320/2320 2306/2306/2306 2308/2308/2308
f 2320/2320/2320 2308/2308/2308 2314/2314/2314
f 2314/2314/2314 2308/2308/2308 2302/2302/2302
f 2314/2314/2314 2302/2302/2302 2310/2310/2310
f 1676/1676/1676 949/949/949 955/955/955
f 1676/1676/1676 955/955/955 1685/1685/1685
f 1684/1684/1684 953/953/953 951/951/951
f 1684/1684/1684 951/951/951 1678/1678/1678
f 1678/1678/1678 951/951/951 945/945/945
f 1678/1678/1678 945/945/945 1672/1672/1672
f 2327/2327/2327 2332/2332/2332 2334/2334/2334
f 2327/2327/2327 2334/2334/2334 2329/2329/2329
f 2329/2329/2329 2334/2334/2334 2333/2333/2333
f 2329/2329/2329 2333/2333/2333 2330/2330/2330
f 2330/2330/2330 2333/2333/2333 2331/2331/2331
f 2330/2330/2330 2331/2331/2331 2328/2328/2328
f 2339/2339/2339 2336/2336/2336 2338/2338/2338
f 2339/2339/2339 2338/2338/2338 2341/2341/2341
f 2341/2341/2341 2338/2338/2338 2337/2337/2337
f 2341/2341/2341 2337/2337/2337 2342/2342/2342
f 2342/2342/2342 2337/2337/2337 2335/2335/2335
f 2342/2342/2342 2335/2335/2335 2340/2340/2340
f 2347/2347/2347 2363/2363/2363 2371/2371/2371
f 2347/2347/2347 2371/2371/2371 2359/2359/2359
f 2359/2359/2359 2371/2371/2371 2377/2377/2377
f 2359/2359/2359 2377/2377/2377 2350/2350/2350
f 2350/2350/2350 2377/2377/2377 2368/2368/2368
f 2350/2350/2350 2368/2368/2368 2344/2344/2344
f 2644/2644/2644 1714/1714/1714 1720/1720/1720
f 2644/2644/2644 1720/1720/1720 2649/2649/2649
f 2651/2651/2651 1723/1723/1723 1718/1718/1718
f 2651/2651/2651 1718/1718/1718 2647/2647/2647
f 2647/2647/2647 1718/1718/1718 1712/1712/1712
f 2647/2647/2647 1712/1712/1712 2643/2643/2643
f 2657/2657/2657 2382/2382/2382 2388/2388/2388
f 2657/2657/2657 2388/2388/2388 2664/2664/2664
f 2665/2665/2665 2390/2390/2390 2392/2392/2392
f 2665/2665/2665 2392/2392/2392 2661/2661/2661
f 2661/2661/2661 2392/2392/2392 2387/2387/2387
f 2661/2661/2661 2387/2387/2387 2655/2655/2655
f 2671/2671/2671 2394/2394/2394 2400/2400/2400
f 2671/2671/2671 2400/2400/2400 2676/2676/2676
f 2678/2678/2678 2402/2402/2402 2404/2404/2404
f 2678/2678/2678 2404/2404/2404 2674/2674/2674
f 2674/2674/2674 2404/2404/2404 2399/2399/2399
f 2674/2674/2674 2399/2399/2399 2668/2668/2668
f 2683/2683/2683 2406/2406/2406 2412/2412/2412
f 2683/2683/2683 2412/2412/2412 2688/2688/2688
f 2690/2690/2690 2414/2414/2414 2416/2416/2416
f 2690/2690/2690 2416/2416/2416 2686/2686/2686
f 2686/2686/2686 2416/2416/2416 2411/2411/2411
f 2686/2686/2686 2411/2411/2411 2680/2680/2680
f 2695/2695/2695 2418/2418/2418 2424/2424/2424
f 2695/2695/2695 2424/2424/2424 2700/2700/2700
f 2702/2702/2702 2426/2426/2426 2428/2428/2428
f 2702/2702/2702 2428/2428/2428 2698/2698/2698
f 2698/2698/2698 2428/2428/2428 2423/2423/2423
f 2698/2698/2698 2423/2423/2423 2692/2692/2692
f 2707/2707/2707 2430/2430/2430 2436/2436/2436
f 2707/2707/2707 2436/2436/2436 2712/2712/2712
f 2714/2714/2714 2438/2438/2438 2440/2440/2440
f 2714/2714/2714 2440/2440/2440 2710/2710/2710
f 2710/2710/2710 2440/2440/2440 2435/2435/2435
f 2710/2710/2710 2435/2435/2435 2704/2704/2704
f 2719/2719/2719 2442/2442/2442 2448/2448/2448
f 2719/2719/2719 2448/2448/2448 2724/2724/2724
f 2726/2726/2726 2450/2450/2450 2452/2452/2452
f 2726/2726/2726 2452/2452/2452 2722/2722/2722
f 2722/2722/2722 2452/2452/2452 2447/2447/2447
f 2722/2722/2722 2447/2447/2447 2716/2716/2716
f 2731/2731/2731 2454/2454/2454 2460/2460/2460
f 2731/2731/2731 2460/2460/2460 2736/2736/2736
f 2738/2738/2738 2462/2462/2462 2464/2464/2464
f 2738/2738/2738 2464/2464/2464 2734/2734/2734
f 2734/2734/2734 2464/2464/2464 2459/2459/2459
f 2734/2734/2734 2459/2459/2459 2728/2728/2728
f 2743/2743/2743 2466/2466/2466 2472/2472/2472
f 2743/2743/2743 2472/2472/2472 2748/2748/2748
f 2750/2750/2750 2474/2474/2474 2476/2476/2476
f 2750/2750/2750 2476/2476/2476 2746/2746/2746
f 2746/2746/2746 2476/2476/2476 2471/2471/2471
f 2746/2746/2746 2471/2471/2471 2740/2740/2740
f 2755/2755/2755 2478/2478/2478 2484/2484/2484
f 2755/2755/2755 2484/2484/2484 2760/2760/2760
f 2762/2762/2762 2486/2486/2486 2488/2488/2488
f 2762/2762/2762 2488/2488/2488 2758/2758/2758
f 2758/2758/2758 2488/2488/2488 2483/2483/2483
f 2758/2758/2758 2483/2483/2483 2752/2752/2752
f 2767/2767/2767 2491/2491/2491 2497/2497/2497
f 2767/2767/2767 2497/2497/2497 2772/2772/2772
f 2774/2774/2774 2498/2498/2498 2500/2500/2500
f 2774/2774/2774 2500/2500/2500 2770/2770/2770
f 2770/2770/2770 2500/2500/2500 2495/2495/2495
f 2770/2770/2770 2495/2495/2495 2764/2764/2764
f 2779/2779/2779 1877/1877/1877 1882/1882/1882
f 2779/2779/2779 1882/1882/1882 2783/2783/2783
f 2781/2781/2781 1881/1881/1881 1879/1879/1879
f 2781/2781/2781 1879/1879/1879 2780/2780/2780
f 2780/2780/2780 1879/1879/1879 1871/1871/1871
f 2780/2780/2780 1871/1871/1871 2775/2775/2775
f 2790/2790/2790 2530/2530/2530 2536/2536/2536
f 2790/2790/2790 2536/2536/2536 2796/2796/2796
f 2795/2795/2795 2533/2533/2533 2537/2537/2537
f 2795/2795/2795 2537/2537/2537 2793/2793/2793
f 2793/2793/2793 2537/2537/2537 2531/2531/2531
f 2793/2793/2793 2531/2531/2531 2786/2786/2786
f 2801/2801/2801 2540/2540/2540 2546/2546/2546
f 2801/2801/2801 2546/2546/2546 2806/2806/2806
f 2805/2805/2805 2543/2543/2543 2547/2547/2547
f 2805/2805/2805 2547/2547/2547 2803/2803/2803
f 2803/2803/2803 2547/2547/2547 2541/2541/2541
f 2803/2803/2803 2541/2541/2541 2798/2798/2798
f 2811/2811/2811 2550/2550/2550 2556/2556/2556
f 2811/2811/2811 2556/2556/2556 2816/2816/2816
f 2815/2815/2815 2553/2553/2553 2557/2557/2557
f 2815/2815/2815 2557/2557/2557 2813/2813/2813
f 2813/2813/2813 2557/2557/2557 2551/2551/2551
f 2813/2813/2813 2551/2551/2551 2808/2808/2808
f 2821/2821/2821 2560/2560/2560 2566/2566/2566
f 2821/2821/2821 2566/2566/2566 2826/2826/2826
f 2825/2825/2825 2563/2563/2563 2567/2567/2567
f 2825/2825/2825 2567/2567/2567 2823/2823/2823
f 2823/2823/2823 2567/2567/2567 2561/2561/2561
f 2823/2823/2823 2561/2561/2561 2818/2818/2818
f 2831/2831/2831 2570/2570/2570 2576/2576/2576
f 2831/2831/2831 2576/2576/2576 2836/2836/2836
f 2835/2835/2835 2573/2573/2573 2577/2577/2577
f 2835/2835/2835 2577/2577/2577 2833/2833/2833
f 2833/2833/2833 2577/2577/2577 2571/2571/2571
f 2833/2833/2833 2571/2571/2571 2828/2828/2828
f 2841/2841/2841 2580/2580/2580 2586/2586/2586
f 2841/2841/2841 2586/2586/2586 2846/2846/2846
f 2845/2845/2845 2583/2583/2583 2587/2587/2587
f 2845/2845/2845 2587/2587/2587 2843/2843/2843
f 2843/2843/2843 2587/2587/2587 2581/2581/2581
f 2843/2843/2843 2581/2581/2581 2838/2838/2838
f 2851/2851/2851 2590/2590/2590 2596/2596/2596
f 2851/2851/2851 2596/2596/2596 2856/2856/2856
f 2855/2855/2855 2593/2593/2593 2597/2597/2597
f 2855/2855/2855 2597/2597/2597 2853/2853/2853
f 2853/2853/2853 2597/2597/2597 2591/2591/2591
f 2853/2853/2853 2591/2591/2591 2848/2848/2848
f 2861/2861/2861 2600/2600/2600 2606/2606/2606
f 2861/2861/2861 2606/2606/2606 2866/2866/2866
f 2865/2865/2865 2603/2603/2603 2607/2607/2607
f 2865/2865/2865 2607/2607/2607 2863/2863/2863
f 2863/2863/2863 2607/2607/2607 2601/2601/2601
f 2863/2863/2863 2601/2601/2601 2858/2858/2858
f 2871/2871/2871 2610/2610/2610 2616/2616/2616
f 2871/2871/2871 2616/2616/2616 2876/2876/2876
f 2875/2875/2875 2613/2613/2613 2617/2617/2617
f 2875/2875/2875 2617/2617/2617 2873/2873/2873
f 2873/2873/2873 2617/2617/2617 2611/2611/2611
f 2873/2873/2873 2611/2611/2611 2868/2868/2868
f 2881/2881/2881 2619/2619/2619 2623/2623/2623
f 2881/2881/2881 2623/2623/2623 2886/2886/2886
f 2885/2885/2885 2622/2622/2622 2624/2624/2624
f 2885/2885/2885 2624/2624/2624 2883/2883/2883
f 2883/2883/2883 2624/2624/2624 2620/2620/2620
f 2883/2883/2883 2620/2620/2620 2878/2878/2878
f 2629/2629/2629 2626/2626/2626 2628/2628/2628
f 2629/2629/2629 2628/2628/2628 2631/2631/2631
f 2631/2631/2631 2628/2628/2628 2627/2627/2627
f 2631/2631/2631 2627/2627/2627 2632/2632/2632
f 2632/2632/2632 2627/2627/2627 2625/2625/2625
f 2632/2632/2632 2625/2625/2625 2630/2630/2630
f 2633/2633/2633 2638/2638/2638 2640/2640/2640
f 2633/2633/2633 2640/2640/2640 2635/2635/2635
f 2635/2635/2635 2640/2640/2640 2639/2639/2639
f 2635/2635/2635 2639/2639/2639 2636/2636/2636
f 2636/2636/2636 2639/2639/2639 2637/2637/2637
f 2636/2636/2636 2637/2637/2637 2634/2634/2634
f 2346/2346/2346 2503/2503/2503 2512/2512/2512
f 2346/2346/2346 2512/2512/2512 2353/2353/2353
f 2352/2352/2352 2511/2511/2511 2523/2523/2523
f 2352/2352/2352 2523/2523/2523 2360/2360/2360
f 2360/2360/2360 2523/2523/2523 2506/2506/2506
f 2360/2360/2360 2506/2506/2506 2347/2347/2347
f 1616/1616/1616 2505/2505/2505 2519/2519/2519
f 1616/1616/1616 2519/2519/2519 1624/1624/1624
f 1624/1624/1624 2519/2519/2519 2510/2510/2510
f 1624/1624/1624 2510/2510/2510 1626/1626/1626
f 1626/1626/1626 2510/2510/2510 2503/2503/2503
f 1626/1626/1626 2503/2503/2503 1622/1622/1622
f 1643/1643/1643 2368/2368/2368 2378/2378/2378
f 1643/1643/1643 2378/2378/2378 1650/1650/1650
f 1652/1652/1652 2379/2379/2379 2374/2374/2374
f 1652/1652/1652 2374/2374/2374 1654/1654/1654
f 1654/1654/1654 2374/2374/2374 2366/2366/2366
f 1654/1654/1654 2366/2366/2366 1648/1648/1648
f 2490/2490/2490 2645/2645/2645 2650/2650/2650
f 2490/2490/2490 2650/2650/2650 2496/2496/2496
f 2499/2499/2499 2652/2652/2652 2648/2648/2648
f 2499/2499/2499 2648/2648/2648 2501/2501/2501
f 2501/2501/2501 2648/2648/2648 2642/2642/2642
f 2501/2501/2501 2642/2642/2642 2494/2494/2494
f 2383/2383/2383 2670/2670/2670 2675/2675/2675
f 2383/2383/2383 2675/2675/2675 2389/2389/2389
f 2391/2391/2391 2677/2677/2677 2673/2673/2673
f 2391/2391/2391 2673/2673/2673 2393/2393/2393
f 2393/2393/2393 2673/2673/2673 2669/2669/2669
f 2393/2393/2393 2669/2669/2669 2386/2386/2386
f 2395/2395/2395 2682/2682/2682 2687/2687/2687
f 2395/2395/2395 2687/2687/2687 2401/2401/2401
f 2403/2403/2403 2689/2689/2689 2685/2685/2685
f 2403/2403/2403 2685/2685/2685 2405/2405/2405
f 2405/2405/2405 2685/2685/2685 2681/2681/2681
f 2405/2405/2405 2681/2681/2681 2398/2398/2398
f 2407/2407/2407 2694/2694/2694 2699/2699/2699
f 2407/2407/2407 2699/2699/2699 2413/2413/2413
f 2415/2415/2415 2701/2701/2701 2697/2697/2697
f 2415/2415/2415 2697/2697/2697 2417/2417/2417
f 2417/2417/2417 2697/2697/2697 2693/2693/2693
f 2417/2417/2417 2693/2693/2693 2410/2410/2410
f 2419/2419/2419 2706/2706/2706 2711/2711/2711
f 2419/2419/2419 2711/2711/2711 2425/2425/2425
f 2427/2427/2427 2713/2713/2713 2709/2709/2709
f 2427/2427/2427 2709/2709/2709 2429/2429/2429
f 2429/2429/2429 2709/2709/2709 2705/2705/2705
f 2429/2429/2429 2705/2705/2705 2422/2422/2422
f 2431/2431/2431 2718/2718/2718 2723/2723/2723
f 2431/2431/2431 2723/2723/2723 2437/2437/2437
f 2439/2439/2439 2725/2725/2725 2721/2721/2721
f 2439/2439/2439 2721/2721/2721 2441/2441/2441
f 2441/2441/2441 2721/2721/2721 2717/2717/2717
f 2441/2441/2441 2717/2717/2717 2434/2434/2434
f 2443/2443/2443 2730/2730/2730 2735/2735/2735
f 2443/2443/2443 2735/2735/2735 2449/2449/2449
f 2451/2451/2451 2737/2737/2737 2733/2733/2733
f 2451/2451/2451 2733/2733/2733 2453/2453/2453
f 2453/2453/2453 2733/2733/2733 2729/2729/2729
f 2453/2453/2453 2729/2729/2729 2446/2446/2446
f 2455/2455/2455 2742/2742/2742 2747/2747/2747
f 2455/2455/2455 2747/2747/2747 2461/2461/2461
f 2463/2463/2463 2749/2749/2749 2745/2745/2745
f 2463/2463/2463 2745/2745/2745 2465/2465/2465
f 2465/2465/2465 2745/2745/2745 2741/2741/2741
f 2465/2465/2465 2741/2741/2741 2458/2458/2458
f 2467/2467/2467 2754/2754/2754 2759/2759/2759
f 2467/2467/2467 2759/2759/2759 2473/2473/2473
f 2475/2475/2475 2761/2761/2761 2757/2757/2757
f 2475/2475/2475 2757/2757/2757 2477/2477/2477
f 2477/2477/2477 2757/2757/2757 2753/2753/2753
f 2477/2477/2477 2753/2753/2753 2470/2470/2470
f 2479/2479/2479 2766/2766/2766 2771/2771/2771
f 2479/2479/2479 2771/2771/2771 2485/2485/2485
f 2487/2487/2487 2773/2773/2773 2769/2769/2769
f 2487/2487/2487 2769/2769/2769 2489/2489/2489
f 2489/2489/2489 2769/2769/2769 2765/2765/2765
f 2489/2489/2489 2765/2765/2765 2482/2482/2482
f 2619/2619/2619 2778/2778/2778 2784/2784/2784
f 2619/2619/2619 2784/2784/2784 2623/2623/2623
f 2622/2622/2622 2782/2782/2782 2780/2780/2780
f 2622/2622/2622 2780/2780/2780 2624/2624/2624
f 2624/2624/2624 2780/2780/2780 2775/2775/2775
f 2624/2624/2624 2775/2775/2775 2620/2620/2620
f 2529/2529/2529 2802/2802/2802 2807/2807/2807
f 2529/2529/2529 2807/2807/2807 2535/2535/2535
f 2534/2534/2534 2804/2804/2804 2803/2803/2803
f 2534/2534/2534 2803/2803/2803 2537/2537/2537
f 2537/2537/2537 2803/2803/2803 2798/2798/2798
f 2537/2537/2537 2798/2798/2798 2531/2531/2531
f 2539/2539/2539 2812/2812/2812 2817/2817/2817
f 2539/2539/2539 2817/2817/2817 2545/2545/2545
f 2544/2544/2544 2814/2814/2814 2813/2813/2813
f 2544/2544/2544 2813/2813/2813 2547/2547/2547
f 2547/2547/2547 2813/2813/2813 2808/2808/2808
f 2547/2547/2547 2808/2808/2808 2541/2541/2541
f 2549/2549/2549 2822/2822/2822 2827/2827/2827
f 2549/2549/2549 2827/2827/2827 2555/2555/2555
f 2554/2554/2554 2824/2824/2824 2823/2823/2823
f 2554/2554/2554 2823/2823/2823 2557/2557/2557
f 2557/2557/2557 2823/2823/2823 2818/2818/2818
f 2557/2557/2557 2818/2818/2818 2551/2551/2551
f 2559/2559/2559 2832/2832/2832 2837/2837/2837
f 2559/2559/2559 2837/2837/2837 2565/2565/2565
f 2564/2564/2564 2834/2834/2834 2833/2833/2833
f 2564/2564/2564 2833/2833/2833 2567/2567/2567
f 2567/2567/2567 2833/2833/2833 2828/2828/2828
f 2567/2567/2567 2828/2828/2828 2561/2561/2561
f 2569/2569/2569 2842/2842/2842 2847/2847/2847
f 2569/2569/2569 2847/2847/2847 2575/2575/2575
f 2574/2574/2574 2844/2844/2844 2843/2843/2843
f 2574/2574/2574 2843/2843/2843 2577/2577/2577
f 2577/2577/2577 2843/2843/2843 2838/2838/2838
f 2577/2577/2577 2838/2838/2838 2571/2571/2571
f 2579/2579/2579 2852/2852/2852 2857/2857/2857
f 2579/2579/2579 2857/2857/2857 2585/2585/2585
f 2584/2584/2584 2854/2854/2854 2853/2853/2853
f 2584/2584/2584 2853/2853/2853 2587/2587/2587
f 2587/2587/2587 2853/2853/2853 2848/2848/2848
f 2587/2587/2587 2848/2848/2848 2581/2581/2581
f 2589/2589/2589 2862/2862/2862 2867/2867/2867
f 2589/2589/2589 2867/2867/2867 2595/2595/2595
f 2594/2594/2594 2864/2864/2864 2863/2863/2863
f 2594/2594/2594 2863/2863/2863 2597/2597/2597
f 2597/2597/2597 2863/2863/2863 2858/2858/2858
f 2597/2597/2597 2858/2858/2858 2591/2591/2591
f 2599/2599/2599 2872/2872/2872 2877/2877/2877
f 2599/2599/2599 2877/2877/2877 2605/2605/2605
f 2604/2604/2604 2874/2874/2874 2873/2873/2873
f 2604/2604/2604 2873/2873/2873 2607/2607/2607
f 2607/2607/2607 2873/2873/2873 2868/2868/2868
f 2607/2607/2607 2868/2868/2868 2601/2601/2601
f 2609/2609/2609 2882/2882/2882 2887/2887/2887
f 2609/2609/2609 2887/2887/2887 2615/2615/2615
f 2614/2614/2614 2884/2884/2884 2883/2883/2883
f 2614/2614/2614 2883/2883/2883 2617/2617/2617
f 2617/2617/2617 2883/2883/2883 2878/2878/2878
f 2617/2617/2617 2878/2878/2878 2611/2611/2611
f 2363/2363/2363 2656/2656/2656 2663/2663/2663
f 2363/2363/2363 2663/2663/2663 2369/2369/2369
f 2370/2370/2370 2666/2666/2666 2662/2662/2662
f 2370/2370/2370 2662/2662/2662 2375/2375/2375
f 2375/2375/2375 2662/2662/2662 2654/2654/2654
f 2375/2375/2375 2654/2654/2654 2366/2366/2366
f 2892/2892/2892 2266/2266/2266 2272/2272/2272
f 2892/2892/2892 2272/2272/2272 2895/2895/2895
f 2895/2895/2895 2272/2272/2272 2271/2271/2271
f 2895/2895/2895 2271/2271/2271 2900/2900/2900
f 2899/2899/2899 2270/2270/2270 2265/2265/2265
f 2899/2899/2899 2265/2265/2265 2893/2893/2893
f 2893/2893/2893 2889/2889/2889 2891/2891/2891
f 2893/2893/2893 2891/2891/2891 2898/2898/2898
f 2898/2898/2898 2891/2891/2891 2890/2890/2890
f 2898/2898/2898 2890/2890/2890 2905/2905/2905
f 2905/2905/2905 2890/2890/2890 2888/2888/2888
f 2905/2905/2905 2888/2888/2888 2894/2894/2894
f 1606/1606/1606 2892/2892/2892 2896/2896/2896
f 1606/1606/1606 2896/2896/2896 1610/1610/1610
f 1610/1610/1610 2896/2896/2896 2904/2904/2904
f 1610/1610/1610 2904/2904/2904 1614/1614/1614
f 1613/1613/1613 2903/2903/2903 2894/2894/2894
f 1613/1613/1613 2894/2894/2894 1608/1608/1608
f 2505/2505/2505 2791/2791/2791 2797/2797/2797
f 2505/2505/2505 2797/2797/2797 2518/2518/2518
f 2516/2516/2516 2794/2794/2794 2792/2792/2792
f 2516/2516/2516 2792/2792/2792 2524/2524/2524
f 2524/2524/2524 2792/2792/2792 2785/2785/2785
f 2524/2524/2524 2785/2785/2785 2507/2507/2507
f 2926/2926/2926 2909/2909/2909 2918/2918/2918
f 2926/2926/2926 2918/2918/2918 2937/2937/2937
f 2937/2937/2937 2918/2918/2918 2911/2911/2911
f 2937/2937/2937 2911/2911/2911 2928/2928/2928
f 2928/2928/2928 2911/2911/2911 2908/2908/2908
f 2928/2928/2928 2908/2908/2908 2924/2924/2924
f 1267/1267/1267 2910/2910/2910 2922/2922/2922
f 1267/1267/1267 2922/2922/2922 1271/1271/1271
f 1271/1271/1271 2922/2922/2922 2917/2917/2917
f 1271/1271/1271 2917/2917/2917 1275/1275/1275
f 1273/1273/1273 2916/2916/2916 2909/2909/2909
f 1273/1273/1273 2909/2909/2909 1268/1268/1268
f 2910/2910/2910 2277/2277/2277 2283/2283/2283
f 2910/2910/2910 2283/2283/2283 2921/2921/2921
f 2921/2921/2921 2283/2283/2283 2281/2281/2281
f 2921/2921/2921 2281/2281/2281 2913/2913/2913
f 2912/2912/2912 2278/2278/2278 2274/2274/2274
f 2912/2912/2912 2274/2274/2274 2908/2908/2908
f 1276/1276/1276 2926/2926/2926 2938/2938/2938
f 1276/1276/1276 2938/2938/2938 1280/1280/1280
f 1280/1280/1280 2938/2938/2938 2930/2930/2930
f 1280/1280/1280 2930/2930/2930 1283/1283/1283
f 1285/1285/1285 2931/2931/2931 2925/2925/2925
f 1285/1285/1285 2925/2925/2925 1279/1279/1279
f 2924/2924/2924 2303/2303/2303 2309/2309/2309
f 2924/2924/2924 2309/2309/2309 2927/2927/2927
f 2927/2927/2927 2309/2309/2309 2305/2305/2305
f 2927/2927/2927 2305/2305/2305 2932/2932/2932
f 2933/2933/2933 2304/2304/2304 2300/2300/2300
f 2933/2933/2933 2300/2300/2300 2925/2925/2925
f 2344/2344/2344 1632/1632/1632 1640/1640/1640
f 2344/2344/2344 1640/1640/1640 2349/2349/2349
f 2349/2349/2349 1640/1640/1640 1636/1636/1636
f 2349/2349/2349 1636/1636/1636 2354/2354/2354
f 2355/2355/2355 1638/1638/1638 1628/1628/1628
f 2355/2355/2355 1628/1628/1628 2346/2346/2346
f 233/233/233 13/13/13 11/11/11
f 233/233/233 11/11/11 230/230/230
f 3069/3069/3069 3066/3066/3066 3076/3076/3076
f 3069/3069/3069 3076/3076/3076 3082/3082/3082
f 2941/2941/2941 3070/3070/3070 3084/3084/3084
f 2941/2941/2941 3084/3084/3084 2944/2944/2944
f 3334/3334/3334 3081/3081/3081 3075/3075/3075
f 3334/3334/3334 3075/3075/3075 3329/3329/3329
f 3093/3093/3093 2948/2948/2948 2950/2950/2950
f 3093/3093/3093 2950/2950/2950 3102/3102/3102
f 3466/3466/3466 3042/3042/3042 2954/2954/2954
f 3466/3466/3466 2954/2954/2954 3107/3107/3107
f 2947/2947/2947 3090/3090/3090 3097/3097/3097
f 2947/2947/2947 3097/3097/3097 2949/2949/2949
f 3241/3241/3241 3122/3122/3122 2956/2956/2956
f 3241/3241/3241 2956/2956/2956 2986/2986/2986
f 3470/3470/3470 3465/3465/3465 3105/3105/3105
f 3470/3470/3470 3105/3105/3105 3116/3116/3116
f 3126/3126/3126 3253/3253/3253 3250/3250/3250
f 3126/3126/3126 3250/3250/3250 3121/3121/3121
f 2955/2955/2955 2987/2987/2987 3254/3254/3254
f 2955/2955/2955 3254/3254/3254 3125/3125/3125
f 3122/3122/3122 3249/3249/3249 2988/2988/2988
f 3122/3122/3122 2988/2988/2988 2956/2956/2956
f 3134/3134/3134 3261/3261/3261 3258/3258/3258
f 3134/3134/3134 3258/3258/3258 3129/3129/3129
f 2957/2957/2957 2989/2989/2989 3262/3262/3262
f 2957/2957/2957 3262/3262/3262 3133/3133/3133
f 3130/3130/3130 3257/3257/3257 2990/2990/2990
f 3130/3130/3130 2990/2990/2990 2958/2958/2958
f 3142/3142/3142 3269/3269/3269 3266/3266/3266
f 3142/3142/3142 3266/3266/3266 3137/3137/3137
f 2959/2959/2959 2991/2991/2991 3270/3270/3270
f 2959/2959/2959 3270/3270/3270 3141/3141/3141
f 3138/3138/3138 3265/3265/3265 2992/2992/2992
f 3138/3138/3138 2992/2992/2992 2960/2960/2960
f 3150/3150/3150 3277/3277/3277 3274/3274/3274
f 3150/3150/3150 3274/3274/3274 3145/3145/3145
f 2961/2961/2961 2993/2993/2993 3278/3278/3278
f 2961/2961/2961 3278/3278/3278 3149/3149/3149
f 3146/3146/3146 3273/3273/3273 2994/2994/2994
f 3146/3146/3146 2994/2994/2994 2962/2962/2962
f 3158/3158/3158 3285/3285/3285 3282/3282/3282
f 3158/3158/3158 3282/3282/3282 3153/3153/3153
f 2963/2963/2963 2995/2995/2995 3286/3286/3286
f 2963/2963/2963 3286/3286/3286 3157/3157/3157
f 3154/3154/3154 3281/3281/3281 2996/2996/2996
f 3154/3154/3154 2996/2996/2996 2964/2964/2964
f 3166/3166/3166 3293/3293/3293 3290/3290/3290
f 3166/3166/3166 3290/3290/3290 3161/3161/3161
f 2965/2965/2965 2997/2997/2997 3294/3294/3294
f 2965/2965/2965 3294/3294/3294 3165/3165/3165
f 3162/3162/3162 3289/3289/3289 2998/2998/2998
f 3162/3162/3162 2998/2998/2998 2966/2966/2966
f 3174/3174/3174 3301/3301/3301 3298/3298/3298
f 3174/3174/3174 3298/3298/3298 3169/3169/3169
f 2967/2967/2967 2999/2999/2999 3302/3302/3302
f 2967/2967/2967 3302/3302/3302 3173/3173/3173
f 3170/3170/3170 3297/3297/3297 3000/3000/3000
f 3170/3170/3170 3000/3000/3000 2968/2968/2968
f 3182/3182/3182 3309/3309/3309 3306/3306/3306
f 3182/3182/3182 3306/3306/3306 3177/3177/3177
f 2969/2969/2969 3001/3001/3001 3310/3310/3310
f 2969/2969/2969 3310/3310/3310 3181/3181/3181
f 3178/3178/3178 3305/3305/3305 3002/3002/3002
f 3178/3178/3178 3002/3002/3002 2970/2970/2970
f 3190/3190/3190 3317/3317/3317 3314/3314/3314
f 3190/3190/3190 3314/3314/3314 3185/3185/3185
f 2971/2971/2971 3003/3003/3003 3318/3318/3318
f 2971/2971/2971 3318/3318/3318 3189/3189/3189
f 3186/3186/3186 3313/3313/3313 3004/3004/3004
f 3186/3186/3186 3004/3004/3004 2972/2972/2972
f 3198/3198/3198 3237/3237/3237 3234/3234/3234
f 3198/3198/3198 3234/3234/3234 3193/3193/3193
f 2973/2973/2973 2983/2983/2983 3238/3238/3238
f 2973/2973/2973 3238/3238/3238 3197/3197/3197
f 3194/3194/3194 3233/3233/3233 2984/2984/2984
f 3194/3194/3194 2984/2984/2984 2974/2974/2974
f 3003/3003/3003 2973/2973/2973 3197/3197/3197
f 3003/3003/3003 3197/3197/3197 3318/3318/3318
f 3205/3205/3205 3202/3202/3202 3209/3209/3209
f 3205/3205/3205 3209/3209/3209 3214/3214/3214
f 2976/2976/2976 3206/3206/3206 3213/3213/3213
f 2976/2976/2976 3213/3213/3213 2978/2978/2978
f 3217/3217/3217 3222/3222/3222 3229/3229/3229
f 3217/3217/3217 3229/3229/3229 3226/3226/3226
f 3221/3221/3221 2980/2980/2980 2982/2982/2982
f 3221/3221/3221 2982/2982/2982 3230/3230/3230
f 3321/3321/3321 3326/3326/3326 3245/3245/3245
f 3321/3321/3321 3245/3245/3245 3242/3242/3242
f 2979/2979/2979 3218/3218/3218 3225/3225/3225
f 2979/2979/2979 3225/3225/3225 2981/2981/2981
f 3201/3201/3201 2975/2975/2975 2977/2977/2977
f 3201/3201/3201 2977/2977/2977 3210/3210/3210
f 3317/3317/3317 3198/3198/3198 3193/3193/3193
f 3317/3317/3317 3193/3193/3193 3314/3314/3314
f 2985/2985/2985 2955/2955/2955 3125/3125/3125
f 2985/2985/2985 3125/3125/3125 3246/3246/3246
f 3006/3006/3006 3322/3322/3322 3241/3241/3241
f 3006/3006/3006 3241/3241/3241 2986/2986/2986
f 3338/3338/3338 3345/3345/3345 3350/3350/3350
f 3338/3338/3338 3350/3350/3350 3341/3341/3341
f 3325/3325/3325 3005/3005/3005 2985/2985/2985
f 3325/3325/3325 2985/2985/2985 3246/3246/3246
f 3249/3249/3249 3130/3130/3130 2958/2958/2958
f 3249/3249/3249 2958/2958/2958 2988/2988/2988
f 3245/3245/3245 3126/3126/3126 3121/3121/3121
f 3245/3245/3245 3121/3121/3121 3242/3242/3242
f 2987/2987/2987 2957/2957/2957 3133/3133/3133
f 2987/2987/2987 3133/3133/3133 3254/3254/3254
f 3257/3257/3257 3138/3138/3138 2960/2960/2960
f 3257/3257/3257 2960/2960/2960 2990/2990/2990
f 3253/3253/3253 3134/3134/3134 3129/3129/3129
f 3253/3253/3253 3129/3129/3129 3250/3250/3250
f 2989/2989/2989 2959/2959/2959 3141/3141/3141
f 2989/2989/2989 3141/3141/3141 3262/3262/3262
f 3265/3265/3265 3146/3146/3146 2962/2962/2962
f 3265/3265/3265 2962/2962/2962 2992/2992/2992
f 3261/3261/3261 3142/3142/3142 3137/3137/3137
f 3261/3261/3261 3137/3137/3137 3258/3258/3258
f 2991/2991/2991 2961/2961/2961 3149/3149/3149
f 2991/2991/2991 3149/3149/3149 3270/3270/3270
f 3273/3273/3273 3154/3154/3154 2964/2964/2964
f 3273/3273/3273 2964/2964/2964 2994/2994/2994
f 3269/3269/3269 3150/3150/3150 3145/3145/3145
f 3269/3269/3269 3145/3145/3145 3266/3266/3266
f 2993/2993/2993 2963/2963/2963 3157/3157/3157
f 2993/2993/2993 3157/3157/3157 3278/3278/3278
f 3281/3281/3281 3162/3162/3162 2966/2966/2966
f 3281/3281/3281 2966/2966/2966 2996/2996/2996
f 3277/3277/3277 3158/3158/3158 3153/3153/3153
f 3277/3277/3277 3153/3153/3153 3274/3274/3274
f 2995/2995/2995 2965/2965/2965 3165/3165/3165
f 2995/2995/2995 3165/3165/3165 3286/3286/3286
f 3289/3289/3289 3170/3170/3170 2968/2968/2968
f 3289/3289/3289 2968/2968/2968 2998/2998/2998
f 3285/3285/3285 3166/3166/3166 3161/3161/3161
f 3285/3285/3285 3161/3161/3161 3282/3282/3282
f 2997/2997/2997 2967/2967/2967 3173/3173/3173
f 2997/2997/2997 3173/3173/3173 3294/3294/3294
f 3297/3297/3297 3178/3178/3178 2970/2970/2970
f 3297/3297/3297 2970/2970/2970 3000/3000/3000
f 3293/3293/3293 3174/3174/3174 3169/3169/3169
f 3293/3293/3293 3169/3169/3169 3290/3290/3290
f 2999/2999/2999 2969/2969/2969 3181/3181/3181
f 2999/2999/2999 3181/3181/3181 3302/3302/3302
f 3305/3305/3305 3186/3186/3186 2972/2972/2972
f 3305/3305/3305 2972/2972/2972 3002/3002/3002
f 3301/3301/3301 3182/3182/3182 3177/3177/3177
f 3301/3301/3301 3177/3177/3177 3298/3298/3298
f 3001/3001/3001 2971/2971/2971 3189/3189/3189
f 3001/3001/3001 3189/3189/3189 3310/3310/3310
f 3313/3313/3313 3194/3194/3194 2974/2974/2974
f 3313/3313/3313 2974/2974/2974 3004/3004/3004
f 3309/3309/3309 3190/3190/3190 3185/3185/3185
f 3309/3309/3309 3185/3185/3185 3306/3306/3306
f 3041/3041/3041 3469/3469/3469 3114/3114/3114
f 3041/3041/3041 3114/3114/3114 2951/2951/2951
f 3007/3007/3007 2943/2943/2943 3083/3083/3083
f 3007/3007/3007 3083/3083/3083 3333/3333/3333
f 3330/3330/3330 3073/3073/3073 2945/2945/2945
f 3330/3330/3330 2945/2945/2945 3008/3008/3008
f 3089/3089/3089 3094/3094/3094 3101/3101/3101
f 3089/3089/3089 3101/3101/3101 3098/3098/3098
f 3342/3342/3342 3349/3349/3349 3012/3012/3012
f 3342/3342/3342 3012/3012/3012 3010/3010/3010
f 3474/3474/3474 3044/3044/3044 3014/3014/3014
f 3474/3474/3474 3014/3014/3014 3353/3353/3353
f 3009/3009/3009 3011/3011/3011 3346/3346/3346
f 3009/3009/3009 3346/3346/3346 3337/3337/3337
f 2983/2983/2983 2952/2952/2952 3113/3113/3113
f 2983/2983/2983 3113/3113/3113 3238/3238/3238
f 3233/3233/3233 3108/3108/3108 2953/2953/2953
f 3233/3233/3233 2953/2953/2953 2984/2984/2984
f 3353/3353/3353 3014/3014/3014 3046/3046/3046
f 3353/3353/3353 3046/3046/3046 3482/3482/3482
f 3013/3013/3013 3358/3358/3358 3485/3485/3485
f 3013/3013/3013 3485/3485/3485 3045/3045/3045
f 3478/3478/3478 3473/3473/3473 3354/3354/3354
f 3478/3478/3478 3354/3354/3354 3357/3357/3357
f 3361/3361/3361 3016/3016/3016 3048/3048/3048
f 3361/3361/3361 3048/3048/3048 3490/3490/3490
f 3015/3015/3015 3366/3366/3366 3493/3493/3493
f 3015/3015/3015 3493/3493/3493 3047/3047/3047
f 3486/3486/3486 3481/3481/3481 3362/3362/3362
f 3486/3486/3486 3362/3362/3362 3365/3365/3365
f 3369/3369/3369 3018/3018/3018 3050/3050/3050
f 3369/3369/3369 3050/3050/3050 3498/3498/3498
f 3017/3017/3017 3374/3374/3374 3501/3501/3501
f 3017/3017/3017 3501/3501/3501 3049/3049/3049
f 3494/3494/3494 3489/3489/3489 3370/3370/3370
f 3494/3494/3494 3370/3370/3370 3373/3373/3373
f 3377/3377/3377 3020/3020/3020 3052/3052/3052
f 3377/3377/3377 3052/3052/3052 3506/3506/3506
f 3019/3019/3019 3382/3382/3382 3509/3509/3509
f 3019/3019/3019 3509/3509/3509 3051/3051/3051
f 3502/3502/3502 3497/3497/3497 3378/3378/3378
f 3502/3502/3502 3378/3378/3378 3381/3381/3381
f 3385/3385/3385 3022/3022/3022 3054/3054/3054
f 3385/3385/3385 3054/3054/3054 3514/3514/3514
f 3021/3021/3021 3390/3390/3390 3517/3517/3517
f 3021/3021/3021 3517/3517/3517 3053/3053/3053
f 3510/3510/3510 3505/3505/3505 3386/3386/3386
f 3510/3510/3510 3386/3386/3386 3389/3389/3389
f 3393/3393/3393 3024/3024/3024 3056/3056/3056
f 3393/3393/3393 3056/3056/3056 3522/3522/3522
f 3023/3023/3023 3398/3398/3398 3525/3525/3525
f 3023/3023/3023 3525/3525/3525 3055/3055/3055
f 3518/3518/3518 3513/3513/3513 3394/3394/3394
f 3518/3518/3518 3394/3394/3394 3397/3397/3397
f 3401/3401/3401 3026/3026/3026 3058/3058/3058
f 3401/3401/3401 3058/3058/3058 3530/3530/3530
f 3025/3025/3025 3406/3406/3406 3533/3533/3533
f 3025/3025/3025 3533/3533/3533 3057/3057/3057
f 3526/3526/3526 3521/3521/3521 3402/3402/3402
f 3526/3526/3526 3402/3402/3402 3405/3405/3405
f 3409/3409/3409 3028/3028/3028 3060/3060/3060
f 3409/3409/3409 3060/3060/3060 3538/3538/3538
f 3027/3027/3027 3414/3414/3414 3541/3541/3541
f 3027/3027/3027 3541/3541/3541 3059/3059/3059
f 3534/3534/3534 3529/3529/3529 3410/3410/3410
f 3534/3534/3534 3410/3410/3410 3413/3413/3413
f 3417/3417/3417 3030/3030/3030 3062/3062/3062
f 3417/3417/3417 3062/3062/3062 3546/3546/3546
f 3029/3029/3029 3422/3422/3422 3549/3549/3549
f 3029/3029/3029 3549/3549/3549 3061/3061/3061
f 3542/3542/3542 3537/3537/3537 3418/3418/3418
f 3542/3542/3542 3418/3418/3418 3421/3421/3421
f 3425/3425/3425 3032/3032/3032 3042/3042/3042
f 3425/3425/3425 3042/3042/3042 3466/3466/3466
f 3031/3031/3031 3430/3430/3430 3469/3469/3469
f 3031/3031/3031 3469/3469/3469 3041/3041/3041
f 3550/3550/3550 3545/3545/3545 3426/3426/3426
f 3550/3550/3550 3426/3426/3426 3429/3429/3429
f 3061/3061/3061 3549/3549/3549 3430/3430/3430
f 3061/3061/3061 3430/3430/3430 3031/3031/3031
f 3438/3438/3438 3445/3445/3445 3442/3442/3442
f 3438/3438/3438 3442/3442/3442 3433/3433/3433
f 3034/3034/3034 3036/3036/3036 3446/3446/3446
f 3034/3034/3034 3446/3446/3446 3437/3437/3437
f 3450/3450/3450 3457/3457/3457 3462/3462/3462
f 3450/3450/3450 3462/3462/3462 3453/3453/3453
f 3454/3454/3454 3461/3461/3461 3040/3040/3040
f 3454/3454/3454 3040/3040/3040 3038/3038/3038
f 3554/3554/3554 3473/3473/3473 3478/3478/3478
f 3554/3554/3554 3478/3478/3478 3557/3557/3557
f 3037/3037/3037 3039/3039/3039 3458/3458/3458
f 3037/3037/3037 3458/3458/3458 3449/3449/3449
f 3434/3434/3434 3441/3441/3441 3035/3035/3035
f 3434/3434/3434 3035/3035/3035 3033/3033/3033
f 3429/3429/3429 3426/3426/3426 3465/3465/3465
f 3429/3429/3429 3465/3465/3465 3470/3470/3470
f 3043/3043/3043 3477/3477/3477 3358/3358/3358
f 3043/3043/3043 3358/3358/3358 3013/3013/3013
f 3064/3064/3064 3044/3044/3044 3474/3474/3474
f 3064/3064/3064 3474/3474/3474 3553/3553/3553
f 3558/3558/3558 3477/3477/3477 3043/3043/3043
f 3558/3558/3558 3043/3043/3043 3063/3063/3063
f 3482/3482/3482 3046/3046/3046 3016/3016/3016
f 3482/3482/3482 3016/3016/3016 3361/3361/3361
f 3357/3357/3357 3354/3354/3354 3481/3481/3481
f 3357/3357/3357 3481/3481/3481 3486/3486/3486
f 3045/3045/3045 3485/3485/3485 3366/3366/3366
f 3045/3045/3045 3366/3366/3366 3015/3015/3015
f 3490/3490/3490 3048/3048/3048 3018/3018/3018
f 3490/3490/3490 3018/3018/3018 3369/3369/3369
f 3365/3365/3365 3362/3362/3362 3489/3489/3489
f 3365/3365/3365 3489/3489/3489 3494/3494/3494
f 3047/3047/3047 3493/3493/3493 3374/3374/3374
f 3047/3047/3047 3374/3374/3374 3017/3017/3017
f 3498/3498/3498 3050/3050/3050 3020/3020/3020
f 3498/3498/3498 3020/3020/3020 3377/3377/3377
f 3373/3373/3373 3370/3370/3370 3497/3497/3497
f 3373/3373/3373 3497/3497/3497 3502/3502/3502
f 3049/3049/3049 3501/3501/3501 3382/3382/3382
f 3049/3049/3049 3382/3382/3382 3019/3019/3019
f 3506/3506/3506 3052/3052/3052 3022/3022/3022
f 3506/3506/3506 3022/3022/3022 3385/3385/3385
f 3381/3381/3381 3378/3378/3378 3505/3505/3505
f 3381/3381/3381 3505/3505/3505 3510/3510/3510
f 3051/3051/3051 3509/3509/3509 3390/3390/3390
f 3051/3051/3051 3390/3390/3390 3021/3021/3021
f 3514/3514/3514 3054/3054/3054 3024/3024/3024
f 3514/3514/3514 3024/3024/3024 3393/3393/3393
f 3389/3389/3389 3386/3386/3386 3513/3513/3513
f 3389/3389/3389 3513/3513/3513 3518/3518/3518
f 3053/3053/3053 3517/3517/3517 3398/3398/3398
f 3053/3053/3053 3398/3398/3398 3023/3023/3023
f 3522/3522/3522 3056/3056/3056 3026/3026/3026
f 3522/3522/3522 3026/3026/3026 3401/3401/3401
f 3397/3397/3397 3394/3394/3394 3521/3521/3521
f 3397/3397/3397 3521/3521/3521 3526/3526/3526
f 3055/3055/3055 3525/3525/3525 3406/3406/3406
f 3055/3055/3055 3406/3406/3406 3025/3025/3025
f 3530/3530/3530 3058/3058/3058 3028/3028/3028
f 3530/3530/3530 3028/3028/3028 3409/3409/3409
f 3405/3405/3405 3402/3402/3402 3529/3529/3529
f 3405/3405/3405 3529/3529/3529 3534/3534/3534
f 3057/3057/3057 3533/3533/3533 3414/3414/3414
f 3057/3057/3057 3414/3414/3414 3027/3027/3027
f 3538/3538/3538 3060/3060/3060 3030/3030/3030
f 3538/3538/3538 3030/3030/3030 3417/3417/3417
f 3413/3413/3413 3410/3410/3410 3537/3537/3537
f 3413/3413/3413 3537/3537/3537 3542/3542/3542
f 3059/3059/3059 3541/3541/3541 3422/3422/3422
f 3059/3059/3059 3422/3422/3422 3029/3029/3029
f 3546/3546/3546 3062/3062/3062 3032/3032/3032
f 3546/3546/3546 3032/3032/3032 3425/3425/3425
f 3421/3421/3421 3418/3418/3418 3545/3545/3545
f 3421/3421/3421 3545/3545/3545 3550/3550/3550
f 3237/3237/3237 3115/3115/3115 3106/3106/3106
f 3237/3237/3237 3106/3106/3106 3234/3234/3234
f 3076/3076/3076 3066/3066/3066 3068/3068/3068
f 3076/3076/3076 3068/3068/3068 3079/3079/3079
f 3079/3079/3079 3068/3068/3068 3067/3067/3067
f 3079/3079/3079 3067/3067/3067 3077/3077/3077
f 3077/3077/3077 3067/3067/3067 3065/3065/3065
f 3077/3077/3077 3065/3065/3065 3074/3074/3074
f 3084/3084/3084 3070/3070/3070 3072/3072/3072
f 3084/3084/3084 3072/3072/3072 3088/3088/3088
f 3088/3088/3088 3072/3072/3072 3071/3071/3071
f 3088/3088/3088 3071/3071/3071 3086/3086/3086
f 3086/3086/3086 3071/3071/3071 3069/3069/3069
f 3086/3086/3086 3069/3069/3069 3082/3082/3082
f 3089/3089/3089 3098/3098/3098 3100/3100/3100
f 3089/3089/3089 3100/3100/3100 3091/3091/3091
f 3091/3091/3091 3100/3100/3100 3099/3099/3099
f 3091/3091/3091 3099/3099/3099 3092/3092/3092
f 3092/3092/3092 3099/3099/3099 3097/3097/3097
f 3092/3092/3092 3097/3097/3097 3090/3090/3090
f 3101/3101/3101 3094/3094/3094 3096/3096/3096
f 3101/3101/3101 3096/3096/3096 3103/3103/3103
f 3103/3103/3103 3096/3096/3096 3095/3095/3095
f 3103/3103/3103 3095/3095/3095 3104/3104/3104
f 3104/3104/3104 3095/3095/3095 3093/3093/3093
f 3104/3104/3104 3093/3093/3093 3102/3102/3102
f 3108/3108/3108 3233/3233/3233 3235/3235/3235
f 3108/3108/3108 3235/3235/3235 3112/3112/3112
f 3112/3112/3112 3235/3235/3235 3236/3236/3236
f 3112/3112/3112 3236/3236/3236 3109/3109/3109
f 3109/3109/3109 3236/3236/3236 3234/3234/3234
f 3109/3109/3109 3234/3234/3234 3106/3106/3106
f 3238/3238/3238 3113/3113/3113 3117/3117/3117
f 3238/3238/3238 3117/3117/3117 3240/3240/3240
f 3240/3240/3240 3117/3117/3117 3119/3119/3119
f 3240/3240/3240 3119/3119/3119 3239/3239/3239
f 3239/3239/3239 3119/3119/3119 3115/3115/3115
f 3239/3239/3239 3115/3115/3115 3237/3237/3237
f 3122/3122/3122 3241/3241/3241 3243/3243/3243
f 3122/3122/3122 3243/3243/3243 3124/3124/3124
f 3124/3124/3124 3243/3243/3243 3244/3244/3244
f 3124/3124/3124 3244/3244/3244 3123/3123/3123
f 3123/3123/3123 3244/3244/3244 3242/3242/3242
f 3123/3123/3123 3242/3242/3242 3121/3121/3121
f 3246/3246/3246 3125/3125/3125 3127/3127/3127
f 3246/3246/3246 3127/3127/3127 3248/3248/3248
f 3248/3248/3248 3127/3127/3127 3128/3128/3128
f 3248/3248/3248 3128/3128/3128 3247/3247/3247
f 3247/3247/3247 3128/3128/3128 3126/3126/3126
f 3247/3247/3247 3126/3126/3126 3245/3245/3245
f 3130/3130/3130 3249/3249/3249 3251/3251/3251
f 3130/3130/3130 3251/3251/3251 3132/3132/3132
f 3132/3132/3132 3251/3251/3251 3252/3252/3252
f 3132/3132/3132 3252/3252/3252 3131/3131/3131
f 3131/3131/3131 3252/3252/3252 3250/3250/3250
f 3131/3131/3131 3250/3250/3250 3129/3129/3129
f 3254/3254/3254 3133/3133/3133 3135/3135/3135
f 3254/3254/3254 3135/3135/3135 3256/3256/3256
f 3256/3256/3256 3135/3135/3135 3136/3136/3136
f 3256/3256/3256 3136/3136/3136 3255/3255/3255
f 3255/3255/3255 3136/3136/3136 3134/3134/3134
f 3255/3255/3255 3134/3134/3134 3253/3253/3253
f 3138/3138/3138 3257/3257/3257 3259/3259/3259
f 3138/3138/3138 3259/3259/3259 3140/3140/3140
f 3140/3140/3140 3259/3259/3259 3260/3260/3260
f 3140/3140/3140 3260/3260/3260 3139/3139/3139
f 3139/3139/3139 3260/3260/3260 3258/3258/3258
f 3139/3139/3139 3258/3258/3258 3137/3137/3137
f 3262/3262/3262 3141/3141/3141 3143/3143/3143
f 3262/3262/3262 3143/3143/3143 3264/3264/3264
f 3264/3264/3264 3143/3143/3143 3144/3144/3144
f 3264/3264/3264 3144/3144/3144 3263/3263/3263
f 3263/3263/3263 3144/3144/3144 3142/3142/3142
f 3263/3263/3263 3142/3142/3142 3261/3261/3261
f 3146/3146/3146 3265/3265/3265 3267/3267/3267
f 3146/3146/3146 3267/3267/3267 3148/3148/3148
f 3148/3148/3148 3267/3267/3267 3268/3268/3268
f 3148/3148/3148 3268/3268/3268 3147/3147/3147
f 3147/3147/3147 3268/3268/3268 3266/3266/3266
f 3147/3147/3147 3266/3266/3266 3145/3145/3145
f 3270/3270/3270 3149/3149/3149 3151/3151/3151
f 3270/3270/3270 3151/3151/3151 3272/3272/3272
f 3272/3272/3272 3151/3151/3151 3152/3152/3152
f 3272/3272/3272 3152/3152/3152 3271/3271/3271
f 3271/3271/3271 3152/3152/3152 3150/3150/3150
f 3271/3271/3271 3150/3150/3150 3269/3269/3269
f 3154/3154/3154 3273/3273/3273 3275/3275/3275
f 3154/3154/3154 3275/3275/3275 3156/3156/3156
f 3156/3156/3156 3275/3275/3275 3276/3276/3276
f 3156/3156/3156 3276/3276/3276 3155/3155/3155
f 3155/3155/3155 3276/3276/3276 3274/3274/3274
f 3155/3155/3155 3274/3274/3274 3153/3153/3153
f 3278/3278/3278 3157/3157/3157 3159/3159/3159
f 3278/3278/3278 3159/3159/3159 3280/3280/3280
f 3280/3280/3280 3159/3159/3159 3160/3160/3160
f 3280/3280/3280 3160/3160/3160 3279/3279/3279
f 3279/3279/3279 3160/3160/3160 3158/3158/3158
f 3279/3279/3279 3158/3158/3158 3277/3277/3277
f 3162/3162/3162 3281/3281/3281 3283/3283/3283
f 3162/3162/3162 3283/3283/3283 3164/3164/3164
f 3164/3164/3164 3283/3283/3283 3284/3284/3284
f 3164/3164/3164 3284/3284/3284 3163/3163/3163
f 3163/3163/3163 3284/3284/3284 3282/3282/3282
f 3163/3163/3163 3282/3282/3282 3161/3161/3161
f 3286/3286/3286 3165/3165/3165 3167/3167/3167
f 3286/3286/3286 3167/3167/3167 3288/3288/3288
f 3288/3288/3288 3167/3167/3167 3168/3168/3168
f 3288/3288/3288 3168/3168/3168 3287/3287/3287
f 3287/3287/3287 3168/3168/3168 3166/3166/3166
f 3287/3287/3287 3166/3166/3166 3285/3285/3285
f 3170/3170/3170 3289/3289/3289 3291/3291/3291
f 3170/3170/3170 3291/3291/3291 3172/3172/3172
f 3172/3172/3172 3291/3291/3291 3292/3292/3292
f 3172/3172/3172 3292/3292/3292 3171/3171/3171
f 3171/3171/3171 3292/3292/3292 3290/3290/3290
f 3171/3171/3171 3290/3290/3290 3169/3169/3169
f 3294/3294/3294 3173/3173/3173 3175/3175/3175
f 3294/3294/3294 3175/3175/3175 3296/3296/3296
f 3296/3296/3296 3175/3175/3175 3176/3176/3176
f 3296/3296/3296 3176/3176/3176 3295/3295/3295
f 3295/3295/3295 3176/3176/3176 3174/3174/3174
f 3295/3295/3295 3174/3174/3174 3293/3293/3293
f 3178/3178/3178 3297/3297/3297 3299/3299/3299
f 3178/3178/3178 3299/3299/3299 3180/3180/3180
f 3180/3180/3180 3299/3299/3299 3300/3300/3300
f 3180/3180/3180 3300/3300/3300 3179/3179/3179
f 3179/3179/3179 3300/3300/3300 3298/3298/3298
f 3179/3179/3179 3298/3298/3298 3177/3177/3177
f 3302/3302/3302 3181/3181/3181 3183/3183/3183
f 3302/3302/3302 3183/3183/3183 3304/3304/3304
f 3304/3304/3304 3183/3183/3183 3184/3184/3184
f 3304/3304/3304 3184/3184/3184 3303/3303/3303
f 3303/3303/3303 3184/3184/3184 3182/3182/3182
f 3303/3303/3303 3182/3182/3182 3301/3301/3301
f 3186/3186/3186 3305/3305/3305 3307/3307/3307
f 3186/3186/3186 3307/3307/3307 3188/3188/3188
f 3188/3188/3188 3307/3307/3307 3308/3308/3308
f 3188/3188/3188 3308/3308/3308 3187/3187/3187
f 3187/3187/3187 3308/3308/3308 3306/3306/3306
f 3187/3187/3187 3306/3306/3306 3185/3185/3185
f 3310/3310/3310 3189/3189/3189 3191/3191/3191
f 3310/3310/3310 3191/3191/3191 3312/3312/3312
f 3312/3312/3312 3191/3191/3191 3192/3192/3192
f 3312/3312/3312 3192/3192/3192 3311/3311/3311
f 3311/3311/3311 3192/3192/3192 3190/3190/3190
f 3311/3311/3311 3190/3190/3190 3309/3309/3309
f 3194/3194/3194 3313/3313/3313 3315/3315/3315
f 3194/3194/3194 3315/3315/3315 3196/3196/3196
f 3196/3196/3196 3315/3315/3315 3316/3316/3316
f 3196/3196/3196 3316/3316/3316 3195/3195/3195
f 3195/3195/3195 3316/3316/3316 3314/3314/3314
f 3195/3195/3195 3314/3314/3314 3193/3193/3193
f 3318/3318/3318 3197/3197/3197 3199/3199/3199
f 3318/3318/3318 3199/3199/3199 3320/3320/3320
f 3320/3320/3320 3199/3199/3199 3200/3200/3200
f 3320/3320/3320 3200/3200/3200 3319/3319/3319
f 3319/3319/3319 3200/3200/3200 3198/3198/3198
f 3319/3319/3319 3198/3198/3198 3317/3317/3317
f 3209/3209/3209 3202/3202/3202 3204/3204/3204
f 3209/3209/3209 3204/3204/3204 3211/3211/3211
f 3211/3211/3211 3204/3204/3204 3203/3203/3203
f 3211/3211/3211 3203/3203/3203 3212/3212/3212
f 3212/3212/3212 3203/3203/3203 3201/3201/3201
f 3212/3212/3212 3201/3201/3201 3210/3210/3210
f 3213/3213/3213 3206/3206/3206 3208/3208/3208
f 3213/3213/3213 3208/3208/3208 3215/3215/3215
f 3215/3215/3215 3208/3208/3208 3207/3207/3207
f 3215/3215/3215 3207/3207/3207 3216/3216/3216
f 3216/3216/3216 3207/3207/3207 3205/3205/3205
f 3216/3216/3216 3205/3205/3205 3214/3214/3214
f 3217/3217/3217 3226/3226/3226 3228/3228/3228
f 3217/3217/3217 3228/3228/3228 3219/3219/3219
f 3219/3219/3219 3228/3228/3228 3227/3227/3227
f 3219/3219/3219 3227/3227/3227 3220/3220/3220
f 3220/3220/3220 3227/3227/3227 3225/3225/3225
f 3220/3220/3220 3225/3225/3225 3218/3218/3218
f 3229/3229/3229 3222/3222/3222 3224/3224/3224
f 3229/3229/3229 3224/3224/3224 3231/3231/3231
f 3231/3231/3231 3224/3224/3224 3223/3223/3223
f 3231/3231/3231 3223/3223/3223 3232/3232/3232
f 3232/3232/3232 3223/3223/3223 3221/3221/3221
f 3232/3232/3232 3221/3221/3221 3230/3230/3230
f 3233/3233/3233 3194/3194/3194 3196/3196/3196
f 3233/3233/3233 3196/3196/3196 3235/3235/3235
f 3235/3235/3235 3196/3196/3196 3195/3195/3195
f 3235/3235/3235 3195/3195/3195 3236/3236/3236
f 3236/3236/3236 3195/3195/3195 3193/3193/3193
f 3236/3236/3236 3193/3193/3193 3234/3234/3234
f 3197/3197/3197 3238/3238/3238 3240/3240/3240
f 3197/3197/3197 3240/3240/3240 3199/3199/3199
f 3199/3199/3199 3240/3240/3240 3239/3239/3239
f 3199/3199/3199 3239/3239/3239 3200/3200/3200
f 3200/3200/3200 3239/3239/3239 3237/3237/3237
f 3200/3200/3200 3237/3237/3237 3198/3198/3198
f 3241/3241/3241 3322/3322/3322 3324/3324/3324
f 3241/3241/3241 3324/3324/3324 3243/3243/3243
f 3243/3243/3243 3324/3324/3324 3323/3323/3323
f 3243/3243/3243 3323/3323/3323 3244/3244/3244
f 3244/3244/3244 3323/3323/3323 3321/3321/3321
f 3244/3244/3244 3321/3321/3321 3242/3242/3242
f 3325/3325/3325 3246/3246/3246 3248/3248/3248
f 3325/3325/3325 3248/3248/3248 3327/3327/3327
f 3327/3327/3327 3248/3248/3248 3247/3247/3247
f 3327/3327/3327 3247/3247/3247 3328/3328/3328
f 3328/3328/3328 3247/3247/3247 3245/3245/3245
f 3328/3328/3328 3245/3245/3245 3326/3326/3326
f 3249/3249/3249 3122/3122/3122 3124/3124/3124
f 3249/3249/3249 3124/3124/3124 3251/3251/3251
f 3251/3251/3251 3124/3124/3124 3123/3123/3123
f 3251/3251/3251 3123/3123/3123 3252/3252/3252
f 3252/3252/3252 3123/3123/3123 3121/3121/3121
f 3252/3252/3252 3121/3121/3121 3250/3250/3250
f 3125/3125/3125 3254/3254/3254 3256/3256/3256
f 3125/3125/3125 3256/3256/3256 3127/3127/3127
f 3127/3127/3127 3256/3256/3256 3255/3255/3255
f 3127/3127/3127 3255/3255/3255 3128/3128/3128
f 3128/3128/3128 3255/3255/3255 3253/3253/3253
f 3128/3128/3128 3253/3253/3253 3126/3126/3126
f 3257/3257/3257 3130/3130/3130 3132/3132/3132
f 3257/3257/3257 3132/3132/3132 3259/3259/3259
f 3259/3259/3259 3132/3132/3132 3131/3131/3131
f 3259/3259/3259 3131/3131/3131 3260/3260/3260
f 3260/3260/3260 3131/3131/3131 3129/3129/3129
f 3260/3260/3260 3129/3129/3129 3258/3258/3258
f 3133/3133/3133 3262/3262/3262 3264/3264/3264
f 3133/3133/3133 3264/3264/3264 3135/3135/3135
f 3135/3135/3135 3264/3264/3264 3263/3263/3263
f 3135/3135/3135 3263/3263/3263 3136/3136/3136
f 3136/3136/3136 3263/3263/3263 3261/3261/3261
f 3136/3136/3136 3261/3261/3261 3134/3134/3134
f 3265/3265/3265 3138/3138/3138 3140/3140/3140
f 3265/3265/3265 3140/3140/3140 3267/3267/3267
f 3267/3267/3267 3140/3140/3140 3139/3139/3139
f 3267/3267/3267 3139/3139/3139 3268/3268/3268
f 3268/3268/3268 3139/3139/3139 3137/3137/3137
f 3268/3268/3268 3137/3137/3137 3266/3266/3266
f 3141/3141/3141 3270/3270/3270 3272/3272/3272
f 3141/3141/3141 3272/3272/3272 3143/3143/3143
f 3143/3143/3143 3272/3272/3272 3271/3271/3271
f 3143/3143/3143 3271/3271/3271 3144/3144/3144
f 3144/3144/3144 3271/3271/3271 3269/3269/3269
f 3144/3144/3144 3269/3269/3269 3142/3142/3142
f 3273/3273/3273 3146/3146/3146 3148/3148/3148
f 3273/3273/3273 3148/3148/3148 3275/3275/3275
f 3275/3275/3275 3148/3148/3148 3147/3147/3147
f 3275/3275/3275 3147/3147/3147 3276/3276/3276
f 3276/3276/3276 3147/3147/3147 3145/3145/3145
f 3276/3276/3276 3145/3145/3145 3274/3274/3274
f 3149/3149/3149 3278/3278/3278 3280/3280/3280
f 3149/3149/3149 3280/3280/3280 3151/3151/3151
f 3151/3151/3151 3280/3280/3280 3279/3279/3279
f 3151/3151/3151 3279/3279/3279 3152/3152/3152
f 3152/3152/3152 3279/3279/3279 3277/3277/3277
f 3152/3152/3152 3277/3277/3277 3150/3150/3150
f 3281/3281/3281 3154/3154/3154 3156/3156/3156
f 3281/3281/3281 3156/3156/3156 3283/3283/3283
f 3283/3283/3283 3156/3156/3156 3155/3155/3155
f 3283/3283/3283 3155/3155/3155 3284/3284/3284
f 3284/3284/3284 3155/3155/3155 3153/3153/3153
f 3284/3284/3284 3153/3153/3153 3282/3282/3282
f 3157/3157/3157 3286/3286/3286 3288/3288/3288
f 3157/3157/3157 3288/3288/3288 3159/3159/3159
f 3159/3159/3159 3288/3288/3288 3287/3287/3287
f 3159/3159/3159 3287/3287/3287 3160/3160/3160
f 3160/3160/3160 3287/3287/3287 3285/3285/3285
f 3160/3160/3160 3285/3285/3285 3158/3158/3158
f 3289/3289/3289 3162/3162/3162 3164/3164/3164
f 3289/3289/3289 3164/3164/3164 3291/3291/3291
f 3291/3291/3291 3164/3164/3164 3163/3163/3163
f 3291/3291/3291 3163/3163/3163 3292/3292/3292
f 3292/3292/3292 3163/3163/3163 3161/3161/3161
f 3292/3292/3292 3161/3161/3161 3290/3290/3290
f 3165/3165/3165 3294/3294/3294 3296/3296/3296
f 3165/3165/3165 3296/3296/3296 3167/3167/3167
f 3167/3167/3167 3296/3296/3296 3295/3295/3295
f 3167/3167/3167 3295/3295/3295 3168/3168/3168
f 3168/3168/3168 3295/3295/3295 3293/3293/3293
f 3168/3168/3168 3293/3293/3293 3166/3166/3166
f 3297/3297/3297 3170/3170/3170 3172/3172/3172
f 3297/3297/3297 3172/3172/3172 3299/3299/3299
f 3299/3299/3299 3172/3172/3172 3171/3171/3171
f 3299/3299/3299 3171/3171/3171 3300/3300/3300
f 3300/3300/3300 3171/3171/3171 3169/3169/3169
f 3300/3300/3300 3169/3169/3169 3298/3298/3298
f 3173/3173/3173 3302/3302/3302 3304/3304/3304
f 3173/3173/3173 3304/3304/3304 3175/3175/3175
f 3175/3175/3175 3304/3304/3304 3303/3303/3303
f 3175/3175/3175 3303/3303/3303 3176/3176/3176
f 3176/3176/3176 3303/3303/3303 3301/3301/3301
f 3176/3176/3176 3301/3301/3301 3174/3174/3174
f 3305/3305/3305 3178/3178/3178 3180/3180/3180
f 3305/3305/3305 3180/3180/3180 3307/3307/3307
f 3307/3307/3307 3180/3180/3180 3179/3179/3179
f 3307/3307/3307 3179/3179/3179 3308/3308/3308
f 3308/3308/3308 3179/3179/3179 3177/3177/3177
f 3308/3308/3308 3177/3177/3177 3306/3306/3306
f 3181/3181/3181 3310/3310/3310 3312/3312/3312
f 3181/3181/3181 3312/3312/3312 3183/3183/3183
f 3183/3183/3183 3312/3312/3312 3311/3311/3311
f 3183/3183/3183 3311/3311/3311 3184/3184/3184
f 3184/3184/3184 3311/3311/3311 3309/3309/3309
f 3184/3184/3184 3309/3309/3309 3182/3182/3182
f 3313/3313/3313 3186/3186/3186 3188/3188/3188
f 3313/3313/3313 3188/3188/3188 3315/3315/3315
f 3315/3315/3315 3188/3188/3188 3187/3187/3187
f 3315/3315/3315 3187/3187/3187 3316/3316/3316
f 3316/3316/3316 3187/3187/3187 3185/3185/3185
f 3316/3316/3316 3185/3185/3185 3314/3314/3314
f 3189/3189/3189 3318/3318/3318 3320/3320/3320
f 3189/3189/3189 3320/3320/3320 3191/3191/3191
f 3191/3191/3191 3320/3320/3320 3319/3319/3319
f 3191/3191/3191 3319/3319/3319 3192/3192/3192
f 3192/3192/3192 3319/3319/3319 3317/3317/3317
f 3192/3192/3192 3317/3317/3317 3190/3190/3190
f 3073/3073/3073 3330/3330/3330 3332/3332/3332
f 3073/3073/3073 3332/3332/3332 3078/3078/3078
f 3078/3078/3078 3332/3332/3332 3331/3331/3331
f 3078/3078/3078 3331/3331/3331 3080/3080/3080
f 3080/3080/3080 3331/3331/3331 3329/3329/3329
f 3080/3080/3080 3329/3329/3329 3075/3075/3075
f 3081/3081/3081 3334/3334/3334 3336/3336/3336
f 3081/3081/3081 3336/3336/3336 3085/3085/3085
f 3085/3085/3085 3336/3336/3336 3335/3335/3335
f 3085/3085/3085 3335/3335/3335 3087/3087/3087
f 3087/3087/3087 3335/3335/3335 3333/3333/3333
f 3087/3087/3087 3333/3333/3333 3083/3083/3083
f 3337/3337/3337 3346/3346/3346 3348/3348/3348
f 3337/3337/3337 3348/3348/3348 3339/3339/3339
f 3339/3339/3339 3348/3348/3348 3347/3347/3347
f 3339/3339/3339 3347/3347/3347 3340/3340/3340
f 3340/3340/3340 3347/3347/3347 3345/3345/3345
f 3340/3340/3340 3345/3345/3345 3338/3338/3338
f 3349/3349/3349 3342/3342/3342 3344/3344/3344
f 3349/3349/3349 3344/3344/3344 3351/3351/3351
f 3351/3351/3351 3344/3344/3344 3343/3343/3343
f 3351/3351/3351 3343/3343/3343 3352/3352/3352
f 3352/3352/3352 3343/3343/3343 3341/3341/3341
f 3352/3352/3352 3341/3341/3341 3350/3350/3350
f 3105/3105/3105 3465/3465/3465 3467/3467/3467
f 3105/3105/3105 3467/3467/3467 3110/3110/3110
f 3110/3110/3110 3467/3467/3467 3468/3468/3468
f 3110/3110/3110 3468/3468/3468 3111/3111/3111
f 3111/3111/3111 3468/3468/3468 3466/3466/3466
f 3111/3111/3111 3466/3466/3466 3107/3107/3107
f 3470/3470/3470 3116/3116/3116 3120/3120/3120
f 3470/3470/3470 3120/3120/3120 3472/3472/3472
f 3472/3472/3472 3120/3120/3120 3118/3118/3118
f 3472/3472/3472 3118/3118/3118 3471/3471/3471
f 3471/3471/3471 3118/3118/3118 3114/3114/3114
f 3471/3471/3471 3114/3114/3114 3469/3469/3469
f 3354/3354/3354 3473/3473/3473 3475/3475/3475
f 3354/3354/3354 3475/3475/3475 3356/3356/3356
f 3356/3356/3356 3475/3475/3475 3476/3476/3476
f 3356/3356/3356 3476/3476/3476 3355/3355/3355
f 3355/3355/3355 3476/3476/3476 3474/3474/3474
f 3355/3355/3355 3474/3474/3474 3353/3353/3353
f 3478/3478/3478 3357/3357/3357 3359/3359/3359
f 3478/3478/3478 3359/3359/3359 3480/3480/3480
f 3480/3480/3480 3359/3359/3359 3360/3360/3360
f 3480/3480/3480 3360/3360/3360 3479/3479/3479
f 3479/3479/3479 3360/3360/3360 3358/3358/3358
f 3479/3479/3479 3358/3358/3358 3477/3477/3477
f 3362/3362/3362 3481/3481/3481 3483/3483/3483
f 3362/3362/3362 3483/3483/3483 3364/3364/3364
f 3364/3364/3364 3483/3483/3483 3484/3484/3484
f 3364/3364/3364 3484/3484/3484 3363/3363/3363
f 3363/3363/3363 3484/3484/3484 3482/3482/3482
f 3363/3363/3363 3482/3482/3482 3361/3361/3361
f 3486/3486/3486 3365/3365/3365 3367/3367/3367
f 3486/3486/3486 3367/3367/3367 3488/3488/3488
f 3488/3488/3488 3367/3367/3367 3368/3368/3368
f 3488/3488/3488 3368/3368/3368 3487/3487/3487
f 3487/3487/3487 3368/3368/3368 3366/3366/3366
f 3487/3487/3487 3366/3366/3366 3485/3485/3485
f 3370/3370/3370 3489/3489/3489 3491/3491/3491
f 3370/3370/3370 3491/3491/3491 3372/3372/3372
f 3372/3372/3372 3491/3491/3491 3492/3492/3492
f 3372/3372/3372 3492/3492/3492 3371/3371/3371
f 3371/3371/3371 3492/3492/3492 3490/3490/3490
f 3371/3371/3371 3490/3490/3490 3369/3369/3369
f 3494/3494/3494 3373/3373/3373 3375/3375/3375
f 3494/3494/3494 3375/3375/3375 3496/3496/3496
f 3496/3496/3496 3375/3375/3375 3376/3376/3376
f 3496/3496/3496 3376/3376/3376 3495/3495/3495
f 3495/3495/3495 3376/3376/3376 3374/3374/3374
f 3495/3495/3495 3374/3374/3374 3493/3493/3493
f 3378/3378/3378 3497/3497/3497 3499/3499/3499
f 3378/3378/3378 3499/3499/3499 3380/3380/3380
f 3380/3380/3380 3499/3499/3499 3500/3500/3500
f 3380/3380/3380 3500/3500/3500 3379/3379/3379
f 3379/3379/3379 3500/3500/3500 3498/3498/3498
f 3379/3379/3379 3498/3498/3498 3377/3377/3377
f 3502/3502/3502 3381/3381/3381 3383/3383/3383
f 3502/3502/3502 3383/3383/3383 3504/3504/3504
f 3504/3504/3504 3383/3383/3383 3384/3384/3384
f 3504/3504/3504 3384/3384/3384 3503/3503/3503
f 3503/3503/3503 3384/3384/3384 3382/3382/3382
f 3503/3503/3503 3382/3382/3382 3501/3501/3501
f 3386/3386/3386 3505/3505/3505 3507/3507/3507
f 3386/3386/3386 3507/3507/3507 3388/3388/3388
f 3388/3388/3388 3507/3507/3507 3508/3508/3508
f 3388/3388/3388 3508/3508/3508 3387/3387/3387
f 3387/3387/3387 3508/3508/3508 3506/3506/3506
f 3387/3387/3387 3506/3506/3506 3385/3385/3385
f 3510/3510/3510 3389/3389/3389 3391/3391/3391
f 3510/3510/3510 3391/3391/3391 3512/3512/3512
f 3512/3512/3512 3391/3391/3391 3392/3392/3392
f 3512/3512/3512 3392/3392/3392 3511/3511/3511
f 3511/3511/3511 3392/3392/3392 3390/3390/3390
f 3511/3511/3511 3390/3390/3390 3509/3509/3509
f 3394/3394/3394 3513/3513/3513 3515/3515/3515
f 3394/3394/3394 3515/3515/3515 3396/3396/3396
f 3396/3396/3396 3515/3515/3515 3516/3516/3516
f 3396/3396/3396 3516/3516/3516 3395/3395/3395
f 3395/3395/3395 3516/3516/3516 3514/3514/3514
f 3395/3395/3395 3514/3514/3514 3393/3393/3393
f 3518/3518/3518 3397/3397/3397 3399/3399/3399
f 3518/3518/3518 3399/3399/3399 3520/3520/3520
f 3520/3520/3520 3399/3399/3399 3400/3400/3400
f 3520/3520/3520 3400/3400/3400 3519/3519/3519
f 3519/3519/3519 3400/3400/3400 3398/3398/3398
f 3519/3519/3519 3398/3398/3398 3517/3517/3517
f 3402/3402/3402 3521/3521/3521 3523/3523/3523
f 3402/3402/3402 3523/3523/3523 3404/3404/3404
f 3404/3404/3404 3523/3523/3523 3524/3524/3524
f 3404/3404/3404 3524/3524/3524 3403/3403/3403
f 3403/3403/3403 3524/3524/3524 3522/3522/3522
f 3403/3403/3403 3522/3522/3522 3401/3401/3401
f 3526/3526/3526 3405/3405/3405 3407/3407/3407
f 3526/3526/3526 3407/3407/3407 3528/3528/3528
f 3528/3528/3528 3407/3407/3407 3408/3408/3408
f 3528/3528/3528 3408/3408/3408 3527/3527/3527
f 3527/3527/3527 3408/3408/3408 3406/3406/3406
f 3527/3527/3527 3406/3406/3406 3525/3525/3525
f 3410/3410/3410 3529/3529/3529 3531/3531/3531
f 3410/3410/3410 3531/3531/3531 3412/3412/3412
f 3412/3412/3412 3531/3531/3531 3532/3532/3532
f 3412/3412/3412 3532/3532/3532 3411/3411/3411
f 3411/3411/3411 3532/3532/3532 3530/3530/3530
f 3411/3411/3411 3530/3530/3530 3409/3409/3409
f 3534/3534/3534 3413/3413/3413 3415/3415/3415
f 3534/3534/3534 3415/3415/3415 3536/3536/3536
f 3536/3536/3536 3415/3415/3415 3416/3416/3416
f 3536/3536/3536 3416/3416/3416 3535/3535/3535
f 3535/3535/3535 3416/3416/3416 3414/3414/3414
f 3535/3535/3535 3414/3414/3414 3533/3533/3533
f 3418/3418/3418 3537/3537/3537 3539/3539/3539
f 3418/3418/3418 3539/3539/3539 3420/3420/3420
f 3420/3420/3420 3539/3539/3539 3540/3540/3540
f 3420/3420/3420 3540/3540/3540 3419/3419/3419
f 3419/3419/3419 3540/3540/3540 3538/3538/3538
f 3419/3419/3419 3538/3538/3538 3417/3417/3417
f 3542/3542/3542 3421/3421/3421 3423/3423/3423
f 3542/3542/3542 3423/3423/3423 3544/3544/3544
f 3544/3544/3544 3423/3423/3423 3424/3424/3424
f 3544/3544/3544 3424/3424/3424 3543/3543/3543
f 3543/3543/3543 3424/3424/3424 3422/3422/3422
f 3543/3543/3543 3422/3422/3422 3541/3541/3541
f 3426/3426/3426 3545/3545/3545 3547/3547/3547
f 3426/3426/3426 3547/3547/3547 3428/3428/3428
f 3428/3428/3428 3547/3547/3547 3548/3548/3548
f 3428/3428/3428 3548/3548/3548 3427/3427/3427
f 3427/3427/3427 3548/3548/3548 3546/3546/3546
f 3427/3427/3427 3546/3546/3546 3425/3425/3425
f 3550/3550/3550 3429/3429/3429 3431/3431/3431
f 3550/3550/3550 3431/3431/3431 3552/3552/3552
f 3552/3552/3552 3431/3431/3431 3432/3432/3432
f 3552/3552/3552 3432/3432/3432 3551/3551/3551
f 3551/3551/3551 3432/3432/3432 3430/3430/3430
f 3551/3551/3551 3430/3430/3430 3549/3549/3549
f 3441/3441/3441 3434/3434/3434 3436/3436/3436
f 3441/3441/3441 3436/3436/3436 3443/3443/3443
f 3443/3443/3443 3436/3436/3436 3435/3435/3435
f 3443/3443/3443 3435/3435/3435 3444/3444/3444
f 3444/3444/3444 3435/3435/3435 3433/3433/3433
f 3444/3444/3444 3433/3433/3433 3442/3442/3442
f 3445/3445/3445 3438/3438/3438 3440/3440/3440
f 3445/3445/3445 3440/3440/3440 3447/3447/3447
f 3447/3447/3447 3440/3440/3440 3439/3439/3439
f 3447/3447/3447 3439/3439/3439 3448/3448/3448
f 3448/3448/3448 3439/3439/3439 3437/3437/3437
f 3448/3448/3448 3437/3437/3437 3446/3446/3446
f 3449/3449/3449 3458/3458/3458 3460/3460/3460
f 3449/3449/3449 3460/3460/3460 3451/3451/3451
f 3451/3451/3451 3460/3460/3460 3459/3459/3459
f 3451/3451/3451 3459/3459/3459 3452/3452/3452
f 3452/3452/3452 3459/3459/3459 3457/3457/3457
f 3452/3452/3452 3457/3457/3457 3450/3450/3450
f 3461/3461/3461 3454/3454/3454 3456/3456/3456
f 3461/3461/3461 3456/3456/3456 3463/3463/3463
f 3463/3463/3463 3456/3456/3456 3455/3455/3455
f 3463/3463/3463 3455/3455/3455 3464/3464/3464
f 3464/3464/3464 3455/3455/3455 3453/3453/3453
f 3464/3464/3464 3453/3453/3453 3462/3462/3462
f 3465/3465/3465 3426/3426/3426 3428/3428/3428
f 3465/3465/3465 3428/3428/3428 3467/3467/3467
f 3467/3467/3467 3428/3428/3428 3427/3427/3427
f 3467/3467/3467 3427/3427/3427 3468/3468/3468
f 3468/3468/3468 3427/3427/3427 3425/3425/3425
f 3468/3468/3468 3425/3425/3425 3466/3466/3466
f 3429/3429/3429 3470/3470/3470 3472/3472/3472
f 3429/3429/3429 3472/3472/3472 3431/3431/3431
f 3431/3431/3431 3472/3472/3472 3471/3471/3471
f 3431/3431/3431 3471/3471/3471 3432/3432/3432
f 3432/3432/3432 3471/3471/3471 3469/3469/3469
f 3432/3432/3432 3469/3469/3469 3430/3430/3430
f 3473/3473/3473 3554/3554/3554 3556/3556/3556
f 3473/3473/3473 3556/3556/3556 3475/3475/3475
f 3475/3475/3475 3556/3556/3556 3555/3555/3555
f 3475/3475/3475 3555/3555/3555 3476/3476/3476
f 3476/3476/3476 3555/3555/3555 3553/3553/3553
f 3476/3476/3476 3553/3553/3553 3474/3474/3474
f 3557/3557/3557 3478/3478/3478 3480/3480/3480
f 3557/3557/3557 3480/3480/3480 3559/3559/3559
f 3559/3559/3559 3480/3480/3480 3479/3479/3479
f 3559/3559/3559 3479/3479/3479 3560/3560/3560
f 3560/3560/3560 3479/3479/3479 3477/3477/3477
f 3560/3560/3560 3477/3477/3477 3558/3558/3558
f 3481/3481/3481 3354/3354/3354 3356/3356/3356
f 3481/3481/3481 3356/3356/3356 3483/3483/3483
f 3483/3483/3483 3356/3356/3356 3355/3355/3355
f 3483/3483/3483 3355/3355/3355 3484/3484/3484
f 3484/3484/3484 3355/3355/3355 3353/3353/3353
f 3484/3484/3484 3353/3353/3353 3482/3482/3482
f 3357/3357/3357 3486/3486/3486 3488/3488/3488
f 3357/3357/3357 3488/3488/3488 3359/3359/3359
f 3359/3359/3359 3488/3488/3488 3487/3487/3487
f 3359/3359/3359 3487/3487/3487 3360/3360/3360
f 3360/3360/3360 3487/3487/3487 3485/3485/3485
f 3360/3360/3360 3485/3485/3485 3358/3358/3358
f 3489/3489/3489 3362/3362/3362 3364/3364/3364
f 3489/3489/3489 3364/3364/3364 3491/3491/3491
f 3491/3491/3491 3364/3364/3364 3363/3363/3363
f 3491/3491/3491 3363/3363/3363 3492/3492/3492
f 3492/3492/3492 3363/3363/3363 3361/3361/3361
f 3492/3492/3492 3361/3361/3361 3490/3490/3490
f 3365/3365/3365 3494/3494/3494 3496/3496/3496
f 3365/3365/3365 3496/3496/3496 3367/3367/3367
f 3367/3367/3367 3496/3496/3496 3495/3495/3495
f 3367/3367/3367 3495/3495/3495 3368/3368/3368
f 3368/3368/3368 3495/3495/3495 3493/3493/3493
f 3368/3368/3368 3493/3493/3493 3366/3366/3366
f 3497/3497/3497 3370/3370/3370 3372/3372/3372
f 3497/3497/3497 3372/3372/3372 3499/3499/3499
f 3499/3499/3499 3372/3372/3372 3371/3371/3371
f 3499/3499/3499 3371/3371/3371 3500/3500/3500
f 3500/3500/3500 3371/3371/3371 3369/3369/3369
f 3500/3500/3500 3369/3369/3369 3498/3498/3498
f 3373/3373/3373 3502/3502/3502 3504/3504/3504
f 3373/3373/3373 3504/3504/3504 3375/3375/3375
f 3375/3375/3375 3504/3504/3504 3503/3503/3503
f 3375/3375/3375 3503/3503/3503 3376/3376/3376
f 3376/3376/3376 3503/3503/3503 3501/3501/3501
f 3376/3376/3376 3501/3501/3501 3374/3374/3374
f 3505/3505/3505 3378/3378/3378 3380/3380/3380
f 3505/3505/3505 3380/3380/3380 3507/3507/3507
f 3507/3507/3507 3380/3380/3380 3379/3379/3379
f 3507/3507/3507 3379/3379/3379 3508/3508/3508
f 3508/3508/3508 3379/3379/3379 3377/3377/3377
f 3508/3508/3508 3377/3377/3377 3506/3506/3506
f 3381/3381/3381 3510/3510/3510 3512/3512/3512
f 3381/3381/3381 3512/3512/3512 3383/3383/3383
f 3383/3383/3383 3512/3512/3512 3511/3511/3511
f 3383/3383/3383 3511/3511/3511 3384/3384/3384
f 3384/3384/3384 3511/3511/3511 3509/3509/3509
f 3384/3384/3384 3509/3509/3509 3382/3382/3382
f 3513/3513/3513 3386/3386/3386 3388/3388/3388
f 3513/3513/3513 3388/3388/3388 3515/3515/3515
f 3515/3515/3515 3388/3388/3388 3387/3387/3387
f 3515/3515/3515 3387/3387/3387 3516/3516/3516
f 3516/3516/3516 3387/3387/3387 3385/3385/3385
f 3516/3516/3516 3385/3385/3385 3514/3514/3514
f 3389/3389/3389 3518/3518/3518 3520/3520/3520
f 3389/3389/3389 3520/3520/3520 3391/3391/3391
f 3391/3391/3391 3520/3520/3520 3519/3519/3519
f 3391/3391/3391 3519/3519/3519 3392/3392/3392
f 3392/3392/3392 3519/3519/3519 3517/3517/3517
f 3392/3392/3392 3517/3517/3517 3390/3390/3390
f 3521/3521/3521 3394/3394/3394 3396/3396/3396
f 3521/3521/3521 3396/3396/3396 3523/3523/3523
f 3523/3523/3523 3396/3396/3396 3395/3395/3395
f 3523/3523/3523 3395/3395/3395 3524/3524/3524
f 3524/3524/3524 3395/3395/3395 3393/3393/3393
f 3524/3524/3524 3393/3393/3393 3522/3522/3522
f 3397/3397/3397 3526/3526/3526 3528/3528/3528
f 3397/3397/3397 3528/3528/3528 3399/3399/3399
f 3399/3399/3399 3528/3528/3528 3527/3527/3527
f 3399/3399/3399 3527/3527/3527 3400/3400/3400
f 3400/3400/3400 3527/3527/3527 3525/3525/3525
f 3400/3400/3400 3525/3525/3525 3398/3398/3398
f 3529/3529/3529 3402/3402/3402 3404/3404/3404
f 3529/3529/3529 3404/3404/3404 3531/3531/3531
f 3531/3531/3531 3404/3404/3404 3403/3403/3403
f 3531/3531/3531 3403/3403/3403 3532/3532/3532
f 3532/3532/3532 3403/3403/3403 3401/3401/3401
f 3532/3532/3532 3401/3401/3401 3530/3530/3530
f 3405/3405/3405 3534/3534/3534 3536/3536/3536
f 3405/3405/3405 3536/3536/3536 3407/3407/3407
f 3407/3407/3407 3536/3536/3536 3535/3535/3535
f 3407/3407/3407 3535/3535/3535 3408/3408/3408
f 3408/3408/3408 3535/3535/3535 3533/3533/3533
f 3408/3408/3408 3533/3533/3533 3406/3406/3406
f 3537/3537/3537 3410/3410/3410 3412/3412/3412
f 3537/3537/3537 3412/3412/3412 3539/3539/3539
f 3539/3539/3539 3412/3412/3412 3411/3411/3411
f 3539/3539/3539 3411/3411/3411 3540/3540/3540
f 3540/3540/3540 3411/3411/3411 3409/3409/3409
f 3540/3540/3540 3409/3409/3409 3538/3538/3538
f 3413/3413/3413 3542/3542/3542 3544/3544/3544
f 3413/3413/3413 3544/3544/3544 3415/3415/3415
f 3415/3415/3415 3544/3544/3544 3543/3543/3543
f 3415/3415/3415 3543/3543/3543 3416/3416/3416
f 3416/3416/3416 3543/3543/3543 3541/3541/3541
f 3416/3416/3416 3541/3541/3541 3414/3414/3414
f 3545/3545/3545 3418/3418/3418 3420/3420/3420
f 3545/3545/3545 3420/3420/3420 3547/3547/3547
f 3547/3547/3547 3420/3420/3420 3419/3419/3419
f 3547/3547/3547 3419/3419/3419 3548/3548/3548
f 3548/3548/3548 3419/3419/3419 3417/3417/3417
f 3548/3548/3548 3417/3417/3417 3546/3546/3546
f 3421/3421/3421 3550/3550/3550 3552/3552/3552
f 3421/3421/3421 3552/3552/3552 3423/3423/3423
f 3423/3423/3423 3552/3552/3552 3551/3551/3551
f 3423/3423/3423 3551/3551/3551 3424/3424/3424
f 3424/3424/3424 3551/3551/3551 3549/3549/3549
f 3424/3424/3424 3549/3549/3549 3422/3422/3422
f 3065/3065/3065 2942/2942/2942 2946/2946/2946
f 3065/3065/3065 2946/2946/2946 3074/3074/3074
f 3575/3575/3575 3662/3662/3662 3669/3669/3669
f 3575/3575/3575 3669/3669/3669 3573/3573/3573
f 3674/3674/3674 3681/3681/3681 3686/3686/3686
f 3674/3674/3674 3686/3686/3686 3677/3677/3677
f 3690/3690/3690 3697/3697/3697 3702/3702/3702
f 3690/3690/3690 3702/3702/3702 3693/3693/3693
f 3678/3678/3678 3685/3685/3685 3566/3566/3566
f 3678/3678/3678 3566/3566/3566 3568/3568/3568
f 3563/3563/3563 3561/3561/3561 3682/3682/3682
f 3563/3563/3563 3682/3682/3682 3673/3673/3673
f 3694/3694/3694 3701/3701/3701 3600/3600/3600
f 3694/3694/3694 3600/3600/3600 3598/3598/3598
f 3601/3601/3601 3603/3603/3603 3698/3698/3698
f 3601/3601/3601 3698/3698/3698 3689/3689/3689
f 3710/3710/3710 3723/3723/3723 3594/3594/3594
f 3710/3710/3710 3594/3594/3594 3596/3596/3596
f 3589/3589/3589 3586/3586/3586 3714/3714/3714
f 3589/3589/3589 3714/3714/3714 3705/3705/3705
f 3734/3734/3734 3747/3747/3747 3610/3610/3610
f 3734/3734/3734 3610/3610/3610 3606/3606/3606
f 3817/3817/3817 3822/3822/3822 3722/3722/3722
f 3817/3817/3817 3722/3722/3722 3716/3716/3716
f 3611/3611/3611 3614/3614/3614 3738/3738/3738
f 3611/3611/3611 3738/3738/3738 3729/3729/3729
f 3583/3583/3583 3758/3758/3758 3765/3765/3765
f 3583/3583/3583 3765/3765/3765 3581/3581/3581
f 3770/3770/3770 3777/3777/3777 3626/3626/3626
f 3770/3770/3770 3626/3626/3626 3628/3628/3628
f 3706/3706/3706 3715/3715/3715 3721/3721/3721
f 3706/3706/3706 3721/3721/3721 3709/3709/3709
f 3661/3661/3661 3658/3658/3658 3665/3665/3665
f 3661/3661/3661 3665/3665/3665 3670/3670/3670
f 3825/3825/3825 3830/3830/3830 3746/3746/3746
f 3825/3825/3825 3746/3746/3746 3740/3740/3740
f 3757/3757/3757 3754/3754/3754 3761/3761/3761
f 3757/3757/3757 3761/3761/3761 3766/3766/3766
f 3631/3631/3631 3629/3629/3629 3782/3782/3782
f 3631/3631/3631 3782/3782/3782 3773/3773/3773
f 3785/3785/3785 3790/3790/3790 3797/3797/3797
f 3785/3785/3785 3797/3797/3797 3794/3794/3794
f 3801/3801/3801 3806/3806/3806 3813/3813/3813
f 3801/3801/3801 3813/3813/3813 3810/3810/3810
f 3789/3789/3789 3624/3624/3624 3622/3622/3622
f 3789/3789/3789 3622/3622/3622 3798/3798/3798
f 3619/3619/3619 3786/3786/3786 3793/3793/3793
f 3619/3619/3619 3793/3793/3793 3617/3617/3617
f 3805/3805/3805 3646/3646/3646 3648/3648/3648
f 3805/3805/3805 3648/3648/3648 3814/3814/3814
f 3649/3649/3649 3802/3802/3802 3809/3809/3809
f 3649/3649/3649 3809/3809/3809 3651/3651/3651
f 3821/3821/3821 3644/3644/3644 3593/3593/3593
f 3821/3821/3821 3593/3593/3593 3724/3724/3724
f 3641/3641/3641 3818/3818/3818 3713/3713/3713
f 3641/3641/3641 3713/3713/3713 3585/3585/3585
f 3829/3829/3829 3654/3654/3654 3609/3609/3609
f 3829/3829/3829 3609/3609/3609 3748/3748/3748
f 3730/3730/3730 3739/3739/3739 3745/3745/3745
f 3730/3730/3730 3745/3745/3745 3733/3733/3733
f 3655/3655/3655 3826/3826/3826 3737/3737/3737
f 3655/3655/3655 3737/3737/3737 3613/3613/3613
f 3639/3639/3639 3637/3637/3637 3846/3846/3846
f 3639/3639/3639 3846/3846/3846 3837/3837/3837
f 3850/3850/3850 3857/3857/3857 3569/3569/3569
f 3850/3850/3850 3569/3569/3569 3571/3571/3571
f 3834/3834/3834 3841/3841/3841 3634/3634/3634
f 3834/3834/3834 3634/3634/3634 3636/3636/3636
f 3774/3774/3774 3781/3781/3781 3778/3778/3778
f 3774/3774/3774 3778/3778/3778 3769/3769/3769
f 3753/3753/3753 3580/3580/3580 3578/3578/3578
f 3753/3753/3753 3578/3578/3578 3762/3762/3762
f 3838/3838/3838 3845/3845/3845 3842/3842/3842
f 3838/3838/3838 3842/3842/3842 3833/3833/3833
f 3576/3576/3576 3574/3574/3574 3862/3862/3862
f 3576/3576/3576 3862/3862/3862 3853/3853/3853
f 3865/3865/3865 3870/3870/3870 3877/3877/3877
f 3865/3865/3865 3877/3877/3877 3874/3874/3874
f 3881/3881/3881 3886/3886/3886 3893/3893/3893
f 3881/3881/3881 3893/3893/3893 3890/3890/3890
f 3869/3869/3869 3567/3567/3567 3565/3565/3565
f 3869/3869/3869 3565/3565/3565 3878/3878/3878
f 3564/3564/3564 3866/3866/3866 3873/3873/3873
f 3564/3564/3564 3873/3873/3873 3562/3562/3562
f 3885/3885/3885 3597/3597/3597 3599/3599/3599
f 3885/3885/3885 3599/3599/3599 3894/3894/3894
f 3602/3602/3602 3882/3882/3882 3889/3889/3889
f 3602/3602/3602 3889/3889/3889 3604/3604/3604
f 3901/3901/3901 3595/3595/3595 3591/3591/3591
f 3901/3901/3901 3591/3591/3591 3913/3913/3913
f 3590/3590/3590 3898/3898/3898 3908/3908/3908
f 3590/3590/3590 3908/3908/3908 3587/3587/3587
f 3925/3925/3925 3605/3605/3605 3607/3607/3607
f 3925/3925/3925 3607/3607/3607 3937/3937/3937
f 4010/4010/4010 3906/3906/3906 3916/3916/3916
f 4010/4010/4010 3916/3916/3916 4013/4013/4013
f 3612/3612/3612 3922/3922/3922 3932/3932/3932
f 3612/3612/3612 3932/3932/3932 3615/3615/3615
f 3584/3584/3584 3582/3582/3582 3958/3958/3958
f 3584/3584/3584 3958/3958/3958 3949/3949/3949
f 3961/3961/3961 3627/3627/3627 3625/3625/3625
f 3961/3961/3961 3625/3625/3625 3970/3970/3970
f 3897/3897/3897 3902/3902/3902 3915/3915/3915
f 3897/3897/3897 3915/3915/3915 3905/3905/3905
f 3854/3854/3854 3861/3861/3861 3858/3858/3858
f 3854/3854/3854 3858/3858/3858 3849/3849/3849
f 4018/4018/4018 3930/3930/3930 3939/3939/3939
f 4018/4018/4018 3939/3939/3939 4021/4021/4021
f 3950/3950/3950 3957/3957/3957 3954/3954/3954
f 3950/3950/3950 3954/3954/3954 3945/3945/3945
f 3632/3632/3632 3966/3966/3966 3973/3973/3973
f 3632/3632/3632 3973/3973/3973 3630/3630/3630
f 3978/3978/3978 3985/3985/3985 3990/3990/3990
f 3978/3978/3978 3990/3990/3990 3981/3981/3981
f 3994/3994/3994 4001/4001/4001 4006/4006/4006
f 3994/3994/3994 4006/4006/4006 3997/3997/3997
f 3982/3982/3982 3989/3989/3989 3621/3621/3621
f 3982/3982/3982 3621/3621/3621 3623/3623/3623
f 3620/3620/3620 3618/3618/3618 3986/3986/3986
f 3620/3620/3620 3986/3986/3986 3977/3977/3977
f 3998/3998/3998 4005/4005/4005 3647/3647/3647
f 3998/3998/3998 3647/3647/3647 3645/3645/3645
f 3650/3650/3650 3652/3652/3652 4002/4002/4002
f 3650/3650/3650 4002/4002/4002 3993/3993/3993
f 4014/4014/4014 3914/3914/3914 3592/3592/3592
f 4014/4014/4014 3592/3592/3592 3643/3643/3643
f 3642/3642/3642 3588/3588/3588 3907/3907/3907
f 3642/3642/3642 3907/3907/3907 4009/4009/4009
f 4022/4022/4022 3938/3938/3938 3608/3608/3608
f 4022/4022/4022 3608/3608/3608 3653/3653/3653
f 3921/3921/3921 3926/3926/3926 3940/3940/3940
f 3921/3921/3921 3940/3940/3940 3929/3929/3929
f 3656/3656/3656 3616/3616/3616 3931/3931/3931
f 3656/3656/3656 3931/3931/3931 4017/4017/4017
f 3640/3640/3640 4030/4030/4030 4037/4037/4037
f 3640/3640/3640 4037/4037/4037 3638/3638/3638
f 4025/4025/4025 3635/3635/3635 3633/3633/3633
f 4025/4025/4025 3633/3633/3633 4034/4034/4034
f 3965/3965/3965 3962/3962/3962 3969/3969/3969
f 3965/3965/3965 3969/3969/3969 3974/3974/3974
f 3946/3946/3946 3953/3953/3953 3577/3577/3577
f 3946/3946/3946 3577/3577/3577 3579/3579/3579
f 4029/4029/4029 4026/4026/4026 4033/4033/4033
f 4029/4029/4029 4033/4033/4033 4038/4038/4038
f 3657/3657/3657 3666/3666/3666 3668/3668/3668
f 3657/3657/3657 3668/3668/3668 3659/3659/3659
f 3659/3659/3659 3668/3668/3668 3667/3667/3667
f 3659/3659/3659 3667/3667/3667 3660/3660/3660
f 3660/3660/3660 3667/3667/3667 3665/3665/3665
f 3660/3660/3660 3665/3665/3665 3658/3658/3658
f 3669/3669/3669 3662/3662/3662 3664/3664/3664
f 3669/3669/3669 3664/3664/3664 3671/3671/3671
f 3671/3671/3671 3664/3664/3664 3663/3663/3663
f 3671/3671/3671 3663/3663/3663 3672/3672/3672
f 3672/3672/3672 3663/3663/3663 3661/3661/3661
f 3672/3672/3672 3661/3661/3661 3670/3670/3670
f 3681/3681/3681 3674/3674/3674 3676/3676/3676
f 3681/3681/3681 3676/3676/3676 3683/3683/3683
f 3683/3683/3683 3676/3676/3676 3675/3675/3675
f 3683/3683/3683 3675/3675/3675 3684/3684/3684
f 3684/3684/3684 3675/3675/3675 3673/3673/3673
f 3684/3684/3684 3673/3673/3673 3682/3682/3682
f 3677/3677/3677 3686/3686/3686 3688/3688/3688
f 3677/3677/3677 3688/3688/3688 3679/3679/3679
f 3679/3679/3679 3688/3688/3688 3687/3687/3687
f 3679/3679/3679 3687/3687/3687 3680/3680/3680
f 3680/3680/3680 3687/3687/3687 3685/3685/3685
f 3680/3680/3680 3685/3685/3685 3678/3678/3678
f 3697/3697/3697 3690/3690/3690 3692/3692/3692
f 3697/3697/3697 3692/3692/3692 3699/3699/3699
f 3699/3699/3699 3692/3692/3692 3691/3691/3691
f 3699/3699/3699 3691/3691/3691 3700/3700/3700
f 3700/3700/3700 3691/3691/3691 3689/3689/3689
f 3700/3700/3700 3689/3689/3689 3698/3698/3698
f 3693/3693/3693 3702/3702/3702 3704/3704/3704
f 3693/3693/3693 3704/3704/3704 3695/3695/3695
f 3695/3695/3695 3704/3704/3704 3703/3703/3703
f 3695/3695/3695 3703/3703/3703 3696/3696/3696
f 3696/3696/3696 3703/3703/3703 3701/3701/3701
f 3696/3696/3696 3701/3701/3701 3694/3694/3694
f 3715/3715/3715 3706/3706/3706 3708/3708/3708
f 3715/3715/3715 3708/3708/3708 3719/3719/3719
f 3719/3719/3719 3708/3708/3708 3707/3707/3707
f 3719/3719/3719 3707/3707/3707 3718/3718/3718
f 3718/3718/3718 3707/3707/3707 3705/3705/3705
f 3718/3718/3718 3705/3705/3705 3714/3714/3714
f 3709/3709/3709 3721/3721/3721 3726/3726/3726
f 3709/3709/3709 3726/3726/3726 3711/3711/3711
f 3711/3711/3711 3726/3726/3726 3727/3727/3727
f 3711/3711/3711 3727/3727/3727 3712/3712/3712
f 3712/3712/3712 3727/3727/3727 3723/3723/3723
f 3712/3712/3712 3723/3723/3723 3710/3710/3710
f 3739/3739/3739 3730/3730/3730 3732/3732/3732
f 3739/3739/3739 3732/3732/3732 3744/3744/3744
f 3744/3744/3744 3732/3732/3732 3731/3731/3731
f 3744/3744/3744 3731/3731/3731 3742/3742/3742
f 3742/3742/3742 3731/3731/3731 3729/3729/3729
f 3742/3742/3742 3729/3729/3729 3738/3738/3738
f 3733/3733/3733 3745/3745/3745 3749/3749/3749
f 3733/3733/3733 3749/3749/3749 3735/3735/3735
f 3735/3735/3735 3749/3749/3749 3751/3751/3751
f 3735/3735/3735 3751/3751/3751 3736/3736/3736
f 3736/3736/3736 3751/3751/3751 3747/3747/3747
f 3736/3736/3736 3747/3747/3747 3734/3734/3734
f 3753/3753/3753 3762/3762/3762 3764/3764/3764
f 3753/3753/3753 3764/3764/3764 3755/3755/3755
f 3755/3755/3755 3764/3764/3764 3763/3763/3763
f 3755/3755/3755 3763/3763/3763 3756/3756/3756
f 3756/3756/3756 3763/3763/3763 3761/3761/3761
f 3756/3756/3756 3761/3761/3761 3754/3754/3754
f 3765/3765/3765 3758/3758/3758 3760/3760/3760
f 3765/3765/3765 3760/3760/3760 3767/3767/3767
f 3767/3767/3767 3760/3760/3760 3759/3759/3759
f 3767/3767/3767 3759/3759/3759 3768/3768/3768
f 3768/3768/3768 3759/3759/3759 3757/3757/3757
f 3768/3768/3768 3757/3757/3757 3766/3766/3766
f 3769/3769/3769 3778/3778/3778 3780/3780/3780
f 3769/3769/3769 3780/3780/3780 3771/3771/3771
f 3771/3771/3771 3780/3780/3780 3779/3779/3779
f 3771/3771/3771 3779/3779/3779 3772/3772/3772
f 3772/3772/3772 3779/3779/3779 3777/3777/3777
f 3772/3772/3772 3777/3777/3777 3770/3770/3770
f 3781/3781/3781 3774/3774/3774 3776/3776/3776
f 3781/3781/3781 3776/3776/3776 3783/3783/3783
f 3783/3783/3783 3776/3776/3776 3775/3775/3775
f 3783/3783/3783 3775/3775/3775 3784/3784/3784
f 3784/3784/3784 3775/3775/3775 3773/3773/3773
f 3784/3784/3784 3773/3773/3773 3782/3782/3782
f 3793/3793/3793 3786/3786/3786 3788/3788/3788
f 3793/3793/3793 3788/3788/3788 3795/3795/3795
f 3795/3795/3795 3788/3788/3788 3787/3787/3787
f 3795/3795/3795 3787/3787/3787 3796/3796/3796
f 3796/3796/3796 3787/3787/3787 3785/3785/3785
f 3796/3796/3796 3785/3785/3785 3794/3794/3794
f 3789/3789/3789 3798/3798/3798 3800/3800/3800
f 3789/3789/3789 3800/3800/3800 3791/3791/3791
f 3791/3791/3791 3800/3800/3800 3799/3799/3799
f 3791/3791/3791 3799/3799/3799 3792/3792/3792
f 3792/3792/3792 3799/3799/3799 3797/3797/3797
f 3792/3792/3792 3797/3797/3797 3790/3790/3790
f 3809/3809/3809 3802/3802/3802 3804/3804/3804
f 3809/3809/3809 3804/3804/3804 3811/3811/3811
f 3811/3811/3811 3804/3804/3804 3803/3803/3803
f 3811/3811/3811 3803/3803/3803 3812/3812/3812
f 3812/3812/3812 3803/3803/3803 3801/3801/3801
f 3812/3812/3812 3801/3801/3801 3810/3810/3810
f 3805/3805/3805 3814/3814/3814 3816/3816/3816
f 3805/3805/3805 3816/3816/3816 3807/3807/3807
f 3807/3807/3807 3816/3816/3816 3815/3815/3815
f 3807/3807/3807 3815/3815/3815 3808/3808/3808
f 3808/3808/3808 3815/3815/3815 3813/3813/3813
f 3808/3808/3808 3813/3813/3813 3806/3806/3806
f 3713/3713/3713 3818/3818/3818 3820/3820/3820
f 3713/3713/3713 3820/3820/3820 3717/3717/3717
f 3717/3717/3717 3820/3820/3820 3819/3819/3819
f 3717/3717/3717 3819/3819/3819 3720/3720/3720
f 3720/3720/3720 3819/3819/3819 3817/3817/3817
f 3720/3720/3720 3817/3817/3817 3716/3716/3716
f 3821/3821/3821 3724/3724/3724 3728/3728/3728
f 3821/3821/3821 3728/3728/3728 3823/3823/3823
f 3823/3823/3823 3728/3728/3728 3725/3725/3725
f 3823/3823/3823 3725/3725/3725 3824/3824/3824
f 3824/3824/3824 3725/3725/3725 3722/3722/3722
f 3824/3824/3824 3722/3722/3722 3822/3822/3822
f 3737/3737/3737 3826/3826/3826 3828/3828/3828
f 3737/3737/3737 3828/3828/3828 3741/3741/3741
f 3741/3741/3741 3828/3828/3828 3827/3827/3827
f 3741/3741/3741 3827/3827/3827 3743/3743/3743
f 3743/3743/3743 3827/3827/3827 3825/3825/3825
f 3743/3743/3743 3825/3825/3825 3740/3740/3740
f 3829/3829/3829 3748/3748/3748 3752/3752/3752
f 3829/3829/3829 3752/3752/3752 3831/3831/3831
f 3831/3831/3831 3752/3752/3752 3750/3750/3750
f 3831/3831/3831 3750/3750/3750 3832/3832/3832
f 3832/3832/3832 3750/3750/3750 3746/3746/3746
f 3832/3832/3832 3746/3746/3746 3830/3830/3830
f 3833/3833/3833 3842/3842/3842 3844/3844/3844
f 3833/3833/3833 3844/3844/3844 3835/3835/3835
f 3835/3835/3835 3844/3844/3844 3843/3843/3843
f 3835/3835/3835 3843/3843/3843 3836/3836/3836
f 3836/3836/3836 3843/3843/3843 3841/3841/3841
f 3836/3836/3836 3841/3841/3841 3834/3834/3834
f 3845/3845/3845 3838/3838/3838 3840/3840/3840
f 3845/3845/3845 3840/3840/3840 3847/3847/3847
f 3847/3847/3847 3840/3840/3840 3839/3839/3839
f 3847/3847/3847 3839/3839/3839 3848/3848/3848
f 3848/3848/3848 3839/3839/3839 3837/3837/3837
f 3848/3848/3848 3837/3837/3837 3846/3846/3846
f 3849/3849/3849 3858/3858/3858 3860/3860/3860
f 3849/3849/3849 3860/3860/3860 3851/3851/3851
f 3851/3851/3851 3860/3860/3860 3859/3859/3859
f 3851/3851/3851 3859/3859/3859 3852/3852/3852
f 3852/3852/3852 3859/3859/3859 3857/3857/3857
f 3852/3852/3852 3857/3857/3857 3850/3850/3850
f 3861/3861/3861 3854/3854/3854 3856/3856/3856
f 3861/3861/3861 3856/3856/3856 3863/3863/3863
f 3863/3863/3863 3856/3856/3856 3855/3855/3855
f 3863/3863/3863 3855/3855/3855 3864/3864/3864
f 3864/3864/3864 3855/3855/3855 3853/3853/3853
f 3864/3864/3864 3853/3853/3853 3862/3862/3862
f 3873/3873/3873 3866/3866/3866 3868/3868/3868
f 3873/3873/3873 3868/3868/3868 3875/3875/3875
f 3875/3875/3875 3868/3868/3868 3867/3867/3867
f 3875/3875/3875 3867/3867/3867 3876/3876/3876
f 3876/3876/3876 3867/3867/3867 3865/3865/3865
f 3876/3876/3876 3865/3865/3865 3874/3874/3874
f 3869/3869/3869 3878/3878/3878 3880/3880/3880
f 3869/3869/3869 3880/3880/3880 3871/3871/3871
f 3871/3871/3871 3880/3880/3880 3879/3879/3879
f 3871/3871/3871 3879/3879/3879 3872/3872/3872
f 3872/3872/3872 3879/3879/3879 3877/3877/3877
f 3872/3872/3872 3877/3877/3877 3870/3870/3870
f 3889/3889/3889 3882/3882/3882 3884/3884/3884
f 3889/3889/3889 3884/3884/3884 3891/3891/3891
f 3891/3891/3891 3884/3884/3884 3883/3883/3883
f 3891/3891/3891 3883/3883/3883 3892/3892/3892
f 3892/3892/3892 3883/3883/3883 3881/3881/3881
f 3892/3892/3892 3881/3881/3881 3890/3890/3890
f 3885/3885/3885 3894/3894/3894 3896/3896/3896
f 3885/3885/3885 3896/3896/3896 3887/3887/3887
f 3887/3887/3887 3896/3896/3896 3895/3895/3895
f 3887/3887/3887 3895/3895/3895 3888/3888/3888
f 3888/3888/3888 3895/3895/3895 3893/3893/3893
f 3888/3888/3888 3893/3893/3893 3886/3886/3886
f 3908/3908/3908 3898/3898/3898 3900/3900/3900
f 3908/3908/3908 3900/3900/3900 3912/3912/3912
f 3912/3912/3912 3900/3900/3900 3899/3899/3899
f 3912/3912/3912 3899/3899/3899 3909/3909/3909
f 3909/3909/3909 3899/3899/3899 3897/3897/3897
f 3909/3909/3909 3897/3897/3897 3905/3905/3905
f 3901/3901/3901 3913/3913/3913 3917/3917/3917
f 3901/3901/3901 3917/3917/3917 3903/3903/3903
f 3903/3903/3903 3917/3917/3917 3919/3919/3919
f 3903/3903/3903 3919/3919/3919 3904/3904/3904
f 3904/3904/3904 3919/3919/3919 3915/3915/3915
f 3904/3904/3904 3915/3915/3915 3902/3902/3902
f 3932/3932/3932 3922/3922/3922 3924/3924/3924
f 3932/3932/3932 3924/3924/3924 3935/3935/3935
f 3935/3935/3935 3924/3924/3924 3923/3923/3923
f 3935/3935/3935 3923/3923/3923 3934/3934/3934
f 3934/3934/3934 3923/3923/3923 3921/3921/3921
f 3934/3934/3934 3921/3921/3921 3929/3929/3929
f 3925/3925/3925 3937/3937/3937 3941/3941/3941
f 3925/3925/3925 3941/3941/3941 3927/3927/3927
f 3927/3927/3927 3941/3941/3941 3943/3943/3943
f 3927/3927/3927 3943/3943/3943 3928/3928/3928
f 3928/3928/3928 3943/3943/3943 3940/3940/3940
f 3928/3928/3928 3940/3940/3940 3926/3926/3926
f 3945/3945/3945 3954/3954/3954 3956/3956/3956
f 3945/3945/3945 3956/3956/3956 3947/3947/3947
f 3947/3947/3947 3956/3956/3956 3955/3955/3955
f 3947/3947/3947 3955/3955/3955 3948/3948/3948
f 3948/3948/3948 3955/3955/3955 3953/3953/3953
f 3948/3948/3948 3953/3953/3953 3946/3946/3946
f 3957/3957/3957 3950/3950/3950 3952/3952/3952
f 3957/3957/3957 3952/3952/3952 3959/3959/3959
f 3959/3959/3959 3952/3952/3952 3951/3951/3951
f 3959/3959/3959 3951/3951/3951 3960/3960/3960
f 3960/3960/3960 3951/3951/3951 3949/3949/3949
f 3960/3960/3960 3949/3949/3949 3958/3958/3958
f 3961/3961/3961 3970/3970/3970 3972/3972/3972
f 3961/3961/3961 3972/3972/3972 3963/3963/3963
f 3963/3963/3963 3972/3972/3972 3971/3971/3971
f 3963/3963/3963 3971/3971/3971 3964/3964/3964
f 3964/3964/3964 3971/3971/3971 3969/3969/3969
f 3964/3964/3964 3969/3969/3969 3962/3962/3962
f 3973/3973/3973 3966/3966/3966 3968/3968/3968
f 3973/3973/3973 3968/3968/3968 3975/3975/3975
f 3975/3975/3975 3968/3968/3968 3967/3967/3967
f 3975/3975/3975 3967/3967/3967 3976/3976/3976
f 3976/3976/3976 3967/3967/3967 3965/3965/3965
f 3976/3976/3976 3965/3965/3965 3974/3974/3974
f 3985/3985/3985 3978/3978/3978 3980/3980/3980
f 3985/3985/3985 3980/3980/3980 3987/3987/3987
f 3987/3987/3987 3980/3980/3980 3979/3979/3979
f 3987/3987/3987 3979/3979/3979 3988/3988/3988
f 3988/3988/3988 3979/3979/3979 3977/3977/3977
f 3988/3988/3988 3977/3977/3977 3986/3986/3986
f 3981/3981/3981 3990/3990/3990 3992/3992/3992
f 3981/3981/3981 3992/3992/3992 3983/3983/3983
f 3983/3983/3983 3992/3992/3992 3991/3991/3991
f 3983/3983/3983 3991/3991/3991 3984/3984/3984
f 3984/3984/3984 3991/3991/3991 3989/3989/3989
f 3984/3984/3984 3989/3989/3989 3982/3982/3982
f 4001/4001/4001 3994/3994/3994 3996/3996/3996
f 4001/4001/4001 3996/3996/3996 4003/4003/4003
f 4003/4003/4003 3996/3996/3996 3995/3995/3995
f 4003/4003/4003 3995/3995/3995 4004/4004/4004
f 4004/4004/4004 3995/3995/3995 3993/3993/3993
f 4004/4004/4004 3993/3993/3993 4002/4002/4002
f 3997/3997/3997 4006/4006/4006 4008/4008/4008
f 3997/3997/3997 4008/4008/4008 3999/3999/3999
f 3999/3999/3999 4008/4008/4008 4007/4007/4007
f 3999/3999/3999 4007/4007/4007 4000/4000/4000
f 4000/4000/4000 4007/4007/4007 4005/4005/4005
f 4000/4000/4000 4005/4005/4005 3998/3998/3998
f 3906/3906/3906 4010/4010/4010 4012/4012/4012
f 3906/3906/3906 4012/4012/4012 3910/3910/3910
f 3910/3910/3910 4012/4012/4012 4011/4011/4011
f 3910/3910/3910 4011/4011/4011 3911/3911/3911
f 3911/3911/3911 4011/4011/4011 4009/4009/4009
f 3911/3911/3911 4009/4009/4009 3907/3907/3907
f 4013/4013/4013 3916/3916/3916 3920/3920/3920
f 4013/4013/4013 3920/3920/3920 4015/4015/4015
f 4015/4015/4015 3920/3920/3920 3918/3918/3918
f 4015/4015/4015 3918/3918/3918 4016/4016/4016
f 4016/4016/4016 3918/3918/3918 3914/3914/3914
f 4016/4016/4016 3914/3914/3914 4014/4014/4014
f 3930/3930/3930 4018/4018/4018 4020/4020/4020
f 3930/3930/3930 4020/4020/4020 3933/3933/3933
f 3933/3933/3933 4020/4020/4020 4019/4019/4019
f 3933/3933/3933 4019/4019/4019 3936/3936/3936
f 3936/3936/3936 4019/4019/4019 4017/4017/4017
f 3936/3936/3936 4017/4017/4017 3931/3931/3931
f 4021/4021/4021 3939/3939/3939 3944/3944/3944
f 4021/4021/4021 3944/3944/3944 4023/4023/4023
f 4023/4023/4023 3944/3944/3944 3942/3942/3942
f 4023/4023/4023 3942/3942/3942 4024/4024/4024
f 4024/4024/4024 3942/3942/3942 3938/3938/3938
f 4024/4024/4024 3938/3938/3938 4022/4022/4022
f 4025/4025/4025 4034/4034/4034 4036/4036/4036
f 4025/4025/4025 4036/4036/4036 4027/4027/4027
f 4027/4027/4027 4036/4036/4036 4035/4035/4035
f 4027/4027/4027 4035/4035/4035 4028/4028/4028
f 4028/4028/4028 4035/4035/4035 4033/4033/4033
f 4028/4028/4028 4033/4033/4033 4026/4026/4026
f 4037/4037/4037 4030/4030/4030 4032/4032/4032
f 4037/4037/4037 4032/4032/4032 4039/4039/4039
f 4039/4039/4039 4032/4032/4032 4031/4031/4031
f 4039/4039/4039 4031/4031/4031 4040/4040/4040
f 4040/4040/4040 4031/4031/4031 4029/4029/4029
f 4040/4040/4040 4029/4029/4029 4038/4038/4038
f 3657/3657/3657 3572/3572/3572 3570/3570/3570
f 3657/3657/3657 3570/3570/3570 3666/3666/3666
f 4065/4065/4065 4044/4044/4044 4043/4043/4043
f 4065/4065/4065 4043/4043/4043 4070/4070/4070
f 4058/4058/4058 4061/4061/4061 4066/4066/4066
f 4058/4058/4058 4066/4066/4066 4069/4069/4069
f 4077/4077/4077 4046/4046/4046 4045/4045/4045
f 4077/4077/4077 4045/4045/4045 4074/4074/4074
f 4082/4082/4082 4085/4085/4085 4047/4047/4047
f 4082/4082/4082 4047/4047/4047 4048/4048/4048
f 4073/4073/4073 4086/4086/4086 4081/4081/4081
f 4073/4073/4073 4081/4081/4081 4078/4078/4078
f 4093/4093/4093 4050/4050/4050 4049/4049/4049
f 4093/4093/4093 4049/4049/4049 4090/4090/4090
f 4098/4098/4098 4101/4101/4101 4051/4051/4051
f 4098/4098/4098 4051/4051/4051 4052/4052/4052
f 4089/4089/4089 4102/4102/4102 4097/4097/4097
f 4089/4089/4089 4097/4097/4097 4094/4094/4094
f 4110/4110/4110 4105/4105/4105 4053/4053/4053
f 4110/4110/4110 4053/4053/4053 4054/4054/4054
f 4113/4113/4113 4056/4056/4056 4055/4055/4055
f 4113/4113/4113 4055/4055/4055 4118/4118/4118
f 4106/4106/4106 4109/4109/4109 4114/4114/4114
f 4106/4106/4106 4114/4114/4114 4117/4117/4117
f 4061/4061/4061 4058/4058/4058 4060/4060/4060
f 4061/4061/4061 4060/4060/4060 4063/4063/4063
f 4063/4063/4063 4060/4060/4060 4059/4059/4059
f 4063/4063/4063 4059/4059/4059 4064/4064/4064
f 4064/4064/4064 4059/4059/4059 4057/4057/4057
f 4064/4064/4064 4057/4057/4057 4062/4062/4062
f 4065/4065/4065 4070/4070/4070 4072/4072/4072
f 4065/4065/4065 4072/4072/4072 4067/4067/4067
f 4067/4067/4067 4072/4072/4072 4071/4071/4071
f 4067/4067/4067 4071/4071/4071 4068/4068/4068
f 4068/4068/4068 4071/4071/4071 4069/4069/4069
f 4068/4068/4068 4069/4069/4069 4066/4066/4066
f 4077/4077/4077 4074/4074/4074 4076/4076/4076
f 4077/4077/4077 4076/4076/4076 4079/4079/4079
f 4079/4079/4079 4076/4076/4076 4075/4075/4075
f 4079/4079/4079 4075/4075/4075 4080/4080/4080
f 4080/4080/4080 4075/4075/4075 4073/4073/4073
f 4080/4080/4080 4073/4073/4073 4078/4078/4078
f 4081/4081/4081 4086/4086/4086 4088/4088/4088
f 4081/4081/4081 4088/4088/4088 4083/4083/4083
f 4083/4083/4083 4088/4088/4088 4087/4087/4087
f 4083/4083/4083 4087/4087/4087 4084/4084/4084
f 4084/4084/4084 4087/4087/4087 4085/4085/4085
f 4084/4084/4084 4085/4085/4085 4082/4082/4082
f 4093/4093/4093 4090/4090/4090 4092/4092/4092
f 4093/4093/4093 4092/4092/4092 4095/4095/4095
f 4095/4095/4095 4092/4092/4092 4091/4091/4091
f 4095/4095/4095 4091/4091/4091 4096/4096/4096
f 4096/4096/4096 4091/4091/4091 4089/4089/4089
f 4096/4096/4096 4089/4089/4089 4094/4094/4094
f 4097/4097/4097 4102/4102/4102 4104/4104/4104
f 4097/4097/4097 4104/4104/4104 4099/4099/4099
f 4099/4099/4099 4104/4104/4104 4103/4103/4103
f 4099/4099/4099 4103/4103/4103 4100/4100/4100
f 4100/4100/4100 4103/4103/4103 4101/4101/4101
f 4100/4100/4100 4101/4101/4101 4098/4098/4098
f 4109/4109/4109 4106/4106/4106 4108/4108/4108
f 4109/4109/4109 4108/4108/4108 4111/4111/4111
f 4111/4111/4111 4108/4108/4108 4107/4107/4107
f 4111/4111/4111 4107/4107/4107 4112/4112/4112
f 4112/4112/4112 4107/4107/4107 4105/4105/4105
f 4112/4112/4112 4105/4105/4105 4110/4110/4110
f 4113/4113/4113 4118/4118/4118 4120/4120/4120
f 4113/4113/4113 4120/4120/4120 4115/4115/4115
f 4115/4115/4115 4120/4120/4120 4119/4119/4119
f 4115/4115/4115 4119/4119/4119 4116/4116/4116
f 4116/4116/4116 4119/4119/4119 4117/4117/4117
f 4116/4116/4116 4117/4117/4117 4114/4114/4114
f 4062/4062/4062 4057/4057/4057 4041/4041/4041
f 4062/4062/4062 4041/4041/4041 4042/4042/4042
o Object_6
usemtl Material.002
v 0.43423160910606384 1.6131752133369446 -1.2250976046196812e-7
v 0.43423160910606384 2.821384072303772 -1.2250976046196812e-7
v -0.43423160910606384 1.6131752133369446 1.2250976046196812e-7
v -0.43423160910606384 2.821384072303772 1.2250976046196812e-7
v 0.43423160910606384 2.9207544922828674 -1.2250976046196812e-7
v -0.43423160910606384 2.9207544922828674 1.2250976046196812e-7
v 4.038139156392617e-9 4.347044229507446 -1.143405857074552e-15
v 0.3071535527706146 4.337351083755493 -8.665723065633877e-8
v 0.15324755012989044 4.34446907043457 -4.323572607639658e-8
v 0.434287965297699 4.330107927322388 -1.2252566240838191e-7
v -0.3071535527706146 4.337351083755493 8.665723065633877e-8
v -0.15324753522872925 4.34446907043457 4.32357225236829e-8
v -0.4342983067035675 4.3301074504852295 1.2252856142274154e-7
v 0.43423160910606384 0.3589034080505371 -1.2250976046196812e-7
v 0.43423160910606384 1.5119537115097046 -1.2250976046196812e-7
v -0.43423160910606384 0.3589034080505371 1.2250976046196812e-7
v -0.43423160910606384 1.5119537115097046 1.2250976046196812e-7
v 3.281571388244629 1.6131752133369446 -0.000004469080976558721
v 3.281571388244629 2.821384072303772 -0.000004469080976558721
v 2.6347756385803223 1.6131752133369446 -0.000004286600414485969
v 2.6347756385803223 2.821384072303772 -0.000004286600414485969
v 2.5405657291412354 1.6131752133369446 -7.167697612019263e-7
v 2.5405657291412354 2.821384072303772 -7.167697612019263e-7
v 1.8888435363769531 1.6131752133369446 -5.328993775391214e-7
v 1.8888435363769531 2.821384072303772 -5.328993775391214e-7
v 1.4444727897644043 1.6131752133369446 -0.000003950780410057037
v 1.4444727897644043 2.821384072303772 -0.000003950780410057037
v 0.5275872945785522 1.6131752133369446 -0.0000036920989713245893
v 0.5275872945785522 2.821384072303772 -0.0000036920989713245893
v 3.2815680503845215 2.9230071902275085 -0.000004478805748657429
v 2.634772300720215 2.9230071902275085 -0.000004296325641332028
v 2.5404343605041504 2.9220722913742065 -7.167326992928581e-7
v 1.8887122869491577 2.9220722913742065 -5.328623724734721e-7
v 1.4444347620010376 2.9208784103393555 -0.000003960773937840126
v 0.5275492072105408 2.9208784103393555 -0.000003702092726481354
v 1.8886728286743164 4.040898084640503 -5.328512311633842e-7
v 3.103605031967163 3.429368734359741 -8.728412119510575e-7
v 2.8270366191864014 3.6154245138168335 -7.948128762198443e-7
v 2.5278306007385254 3.7798638343811035 -7.131768592288189e-7
v 2.2102301120758057 3.9226644039154053 -6.235723044122943e-7
v 1.4445018768310547 4.172888159751892 -4.05036217577925e-7
v 1.23953115940094 4.2199013233184814 -3.4720790126573785e-7
v 0.922493040561676 4.2783883810043335 -2.5776193958771e-7
v 0.6114410161972046 4.315466523170471 -1.7000481009356227e-7
v 3.2250864505767822 3.3362497091293335 -9.071146102656944e-7
v 2.966383218765259 3.5257697105407715 -8.341266941677399e-7
v 2.6774542331695557 3.701335072517395 -7.526111283789985e-7
v 2.3702123165130615 3.8547970056533813 -6.687079684719127e-7
v 2.0486576557159424 3.986193537712097 -5.779877478742851e-7
v 1.4019434452056885 4.183610677719116 -3.9302923906482524e-7
v 1.0813066959381104 4.251377820968628 -3.0256799708332356e-7
v 0.7676103115081787 4.299088358879089 -2.140647835063602e-7
v 0.5274664163589478 4.322696328163147 -1.463130273543575e-7
v 3.2816288471221924 3.2900997400283813 -9.230670336353989e-7
v 2.6346452236175537 3.723697543144226 -7.405334366528914e-7
v 2.540475368499756 3.7732585668563843 -7.167442385068778e-7
v 3.281571388244629 0.3589034080505371 -0.000004469080976558721
v 3.281571388244629 1.5119537115097046 -0.000004469080976558721
v 2.6347756385803223 0.3589034080505371 -0.000004286600414485969
v 2.6347756385803223 1.5119537115097046 -0.000004286600414485969
v 2.5405657291412354 0.3589034080505371 -7.167697612019263e-7
v 2.5405657291412354 1.5119537115097046 -7.167697612019263e-7
v 1.8888435363769531 0.3589034080505371 -5.328993775391214e-7
v 1.8888435363769531 1.5119537115097046 -5.328993775391214e-7
v 1.4444727897644043 0.3589034080505371 -0.000003950780410057037
v 1.4444727897644043 1.5119537115097046 -0.000003950780410057037
v 0.5275872945785522 0.3589034080505371 -0.0000036920989713245893
v 0.5275872945785522 1.5119537115097046 -0.0000036920989713245893
v -3.281571388244629 1.6131752133369446 -0.00000475596471078567
v -3.281571388244629 2.821384072303772 -0.00000475596471078567
v -2.6347756385803223 1.6131752133369446 -0.0000045169399533217585
v -2.6347756385803223 2.821384072303772 -0.0000045169399533217585
v -2.5405657291412354 1.6131752133369446 -9.388730296634596e-7
v -2.5405657291412354 2.821384072303772 -9.388730296634596e-7
v -1.8888435363769531 1.6131752133369446 -6.98027350118667e-7
v -1.8888435363769531 2.821384072303772 -6.98027350118667e-7
v -1.4444727897644043 1.6131752133369446 -0.000004077060112060876
v -1.4444727897644043 2.821384072303772 -0.000004077060112060876
v -0.5275872945785522 1.6131752133369446 -0.000003738222176369896
v -0.5275872945785522 2.821384072303772 -0.000003738222176369896
v -3.2815680503845215 2.9230071902275085 -0.000004765689482884376
v -2.634772300720215 2.9230071902275085 -0.0000045266651801678156
v -2.5404343605041504 2.9220722913742065 -9.388244853837234e-7
v -1.8887122869491577 2.9220722913742065 -6.979788626823496e-7
v -1.4444347620010376 2.9208784103393555 -0.000004087050001865141
v -0.5275492072105408 2.9208784103393555 -0.0000037482127482951876
v -1.8886728286743164 4.040898084640503 -6.979641970802748e-7
v -3.103605031967163 3.429368734359741 -0.0000011441669592001891
v -2.8270366191864014 3.6154245138168335 -0.000001041960331977129
v -2.5278306007385254 3.7798638343811035 -9.34166792482889e-7
v -2.2102301120758057 3.9226644039154053 -8.167967285222466e-7
v -1.4445018768310547 4.172888159751892 -5.313185628007537e-7
v -1.23953115940094 4.2199013233184814 -4.5557112598782613e-7
v -0.922493040561676 4.2783883810043335 -3.3840882472324485e-7
v -0.6114410161972046 4.315466523170471 -2.234586845809441e-7
v -3.2250864505767822 3.3362497091293335 -0.0000011890606408882146
v -2.966383218765259 3.5257697105407715 -0.0000010934561493961288
v -2.6774542331695557 3.701335072517395 -9.866815850306696e-7
v -2.3702123165130615 3.8547970056533813 -8.759184884899379e-7
v -2.0486576557159424 3.986193537712097 -7.570871507597626e-7
v -1.4019434452056885 4.183610677719116 -5.155910119740577e-7
v -1.0813066959381104 4.251377820968628 -3.9709883050271937e-7
v -0.7676103115081787 4.299088358879089 -2.811713956702123e-7
v -0.5274664163589478 4.322696328163147 -1.9242560268028317e-7
v -3.2816288471221924 3.2900997400283813 -0.0000012099561679871648
v -2.6346452236175537 3.723697543144226 -9.70861379431175e-7
v -2.540475368499756 3.7732585668563843 -9.388396625765683e-7
v -3.281571388244629 0.3589034080505371 -0.00000475596471078567
v -3.281571388244629 1.5119537115097046 -0.00000475596471078567
v -2.6347756385803223 0.3589034080505371 -0.0000045169399533217585
v -2.6347756385803223 1.5119537115097046 -0.0000045169399533217585
v -2.5405657291412354 0.3589034080505371 -9.388730296634596e-7
v -2.5405657291412354 1.5119537115097046 -9.388730296634596e-7
v -1.8888435363769531 0.3589034080505371 -6.98027350118667e-7
v -1.8888435363769531 1.5119537115097046 -6.98027350118667e-7
v -1.4444727897644043 0.3589034080505371 -0.000004077060112060876
v -1.4444727897644043 1.5119537115097046 -0.000004077060112060876
v -0.5275872945785522 0.3589034080505371 -0.000003738222176369896
v -0.5275872945785522 1.5119537115097046 -0.000003738222176369896
vt 0.2712731659412384 0.6139984726905823
vt 0.2712731659412384 0.2981042265892029
vt 0.04420766234397888 0.6139984726905823
vt 0.04420766234397888 0.29810428619384766
vt 0.27129065990448 0.9928874671459198
vt 0.044225096702575684 0.9928874671459198
vt 0.15775784850120544 0.6199744641780853
vt 0.2380652129650116 0.6225088238716125
vt 0.19782543182373047 0.6206477582454681
vt 0.2713053226470947 0.6244025826454163
vt 0.07745048403739929 0.6225088238716125
vt 0.11769023537635803 0.6206477582454681
vt 0.044207632541656494 0.6244027018547058
vt 0.9264628887176514 0.992887407541275
vt 0.9264630079269409 0.6914147138595581
vt 0.6993974447250366 0.992887407541275
vt 0.6993974447250366 0.6914147138595581
vt 0.6921334862709045 0.671017199754715
vt 0.6921334862709045 0.3551229238510132
vt 0.5230244398117065 0.671017199754715
vt 0.5230244398117065 0.3551229238510132
vt 0.6934214234352112 0.9928874373435974
vt 0.6934214234352112 0.6769931316375732
vt 0.5230243802070618 0.9928874373435974
vt 0.5230243802070618 0.6769931614398956
vt 0.5170071125030518 0.6203968524932861
vt 0.5170071125030518 0.30450254678726196
vt 0.2772813141345978 0.6203967928886414
vt 0.2772813141345978 0.30450254678726196
vt 0.21338462829589844 0.2921002507209778
vt 0.04427561163902283 0.2921282649040222
vt 0.4477028250694275 0.2985183596611023
vt 0.2773057222366333 0.2985265254974365
vt 0.5170484781265259 0.9928746223449707
vt 0.27732259035110474 0.9928874671459198
vt 0.2772812843322754 0.0060021281242370605
vt 0.16683313250541687 0.15971630811691284
vt 0.09451436996459961 0.11108285188674927
vt 0.44439661502838135 0.07424324750900269
vt 0.36135607957839966 0.036911070346832275
vt 0.5170484781265259 0.6655282974243164
vt 0.46345680952072144 0.6532392501831055
vt 0.38056427240371704 0.6379518508911133
vt 0.29923707246780396 0.6282618939876556
vt 0.1985991895198822 0.18405765295028687
vt 0.13095128536224365 0.1345176100730896
vt 0.0554012656211853 0.0886273980140686
vt 0.4031853675842285 0.05465346574783325
vt 0.31911104917526245 0.020302951335906982
vt 0.5059211254119873 0.6627253890037537
vt 0.42208752036094666 0.6450117230415344
vt 0.3400688171386719 0.6325418949127197
vt 0.2772812843322754 0.6263727843761444
vt 0.21338462829589844 0.1961214542388916
vt 0.044207602739334106 0.08278244733810425
vt 0.4477028250694275 0.0759701132774353
vt 0.6921334862709045 0.34914690256118774
vt 0.6921334862709045 0.04767423868179321
vt 0.5230244398117065 0.34914690256118774
vt 0.5230244398117065 0.04767423868179321
vt 0.8685064315795898 0.36356860399246216
vt 0.8685065507888794 0.062095820903778076
vt 0.6981093883514404 0.36356860399246216
vt 0.6981093883514404 0.062095820903778076
vt 0.9378352165222168 0.6710171699523926
vt 0.9378352165222168 0.36954444646835327
vt 0.6981093883514404 0.6710171699523926
vt 0.6981093883514404 0.36954444646835327
vt 0.6921334862709045 0.671017199754715
vt 0.6921334862709045 0.3551229238510132
vt 0.5230244398117065 0.671017199754715
vt 0.5230244398117065 0.3551229238510132
vt 0.6934214234352112 0.9928874373435974
vt 0.6934214234352112 0.6769931316375732
vt 0.5230243802070618 0.9928874373435974
vt 0.5230243802070618 0.6769931614398956
vt 0.5170071125030518 0.6203968524932861
vt 0.5170071125030518 0.30450254678726196
vt 0.2772813141345978 0.6203967928886414
vt 0.2772813141345978 0.30450254678726196
vt 0.21338462829589844 0.2921002507209778
vt 0.04427561163902283 0.2921282649040222
vt 0.4477028250694275 0.2985183596611023
vt 0.2773057222366333 0.2985265254974365
vt 0.5170484781265259 0.9928746223449707
vt 0.27732259035110474 0.9928874671459198
vt 0.2772812843322754 0.0060021281242370605
vt 0.16683313250541687 0.15971630811691284
vt 0.09451436996459961 0.11108285188674927
vt 0.44439661502838135 0.07424324750900269
vt 0.36135607957839966 0.036911070346832275
vt 0.5170484781265259 0.6655282974243164
vt 0.46345680952072144 0.6532392501831055
vt 0.38056427240371704 0.6379518508911133
vt 0.29923707246780396 0.6282618939876556
vt 0.1985991895198822 0.18405765295028687
vt 0.13095128536224365 0.1345176100730896
vt 0.0554012656211853 0.0886273980140686
vt 0.4031853675842285 0.05465346574783325
vt 0.31911104917526245 0.020302951335906982
vt 0.5059211254119873 0.6627253890037537
vt 0.42208752036094666 0.6450117230415344
vt 0.3400688171386719 0.6325418949127197
vt 0.2772812843322754 0.6263727843761444
vt 0.21338462829589844 0.1961214542388916
vt 0.044207602739334106 0.08278244733810425
vt 0.4477028250694275 0.0759701132774353
vt 0.6921334862709045 0.34914690256118774
vt 0.6921334862709045 0.04767423868179321
vt 0.5230244398117065 0.34914690256118774
vt 0.5230244398117065 0.04767423868179321
vt 0.8685064315795898 0.36356860399246216
vt 0.8685065507888794 0.062095820903778076
vt 0.6981093883514404 0.36356860399246216
vt 0.6981093883514404 0.062095820903778076
vt 0.9378352165222168 0.6710171699523926
vt 0.9378352165222168 0.36954444646835327
vt 0.6981093883514404 0.6710171699523926
vt 0.6981093883514404 0.36954444646835327
vn 2.8212997427167196e-7 0 0.9999999999999603
vn 2.8212997427167196e-7 0 0.9999999999999603
vn 2.8212997427167196e-7 0 0.9999999999999603
vn 2.8212997427167196e-7 0 0.9999999999999603
vn 2.821300311150908e-7 1.785930429286521e-15 0.9999999999999603
vn 2.821300311150908e-7 1.785930429286521e-15 0.9999999999999603
vn 2.821300311150908e-7 1.785930429286521e-15 0.9999999999999603
vn 2.821300311150908e-7 1.785930429286521e-15 0.9999999999999603
vn 2.821300311150908e-7 1.785930429286521e-15 0.9999999999999603
vn 2.821300311150908e-7 1.785930429286521e-15 0.9999999999999603
vn 2.821300311150908e-7 1.785930429286521e-15 0.9999999999999603
vn 2.821300311150908e-7 1.785930429286521e-15 0.9999999999999603
vn 2.821300311150908e-7 1.785930429286521e-15 0.9999999999999603
vn 2.821300026933814e-7 0 0.9999999999999603
vn 2.821300026933814e-7 0 0.9999999999999603
vn 2.821300026933814e-7 0 0.9999999999999603
vn 2.821300026933814e-7 0 0.9999999999999603
vn 2.821302016453474e-7 0 0.9999999999999603
vn 2.821302016453474e-7 0 0.9999999999999603
vn 2.821302016453474e-7 0 0.9999999999999603
vn 2.821302016453474e-7 0 0.9999999999999603
vn 2.8213005953680025e-7 0 0.9999999999999603
vn 2.8213005953680025e-7 0 0.9999999999999603
vn 2.8213005953680025e-7 0 0.9999999999999603
vn 2.8213005953680025e-7 0 0.9999999999999603
vn 2.8213042901902284e-7 0 0.9999999999999603
vn 2.8213042901902284e-7 0 0.9999999999999603
vn 2.8213042901902284e-7 0 0.9999999999999603
vn 2.8213042901902284e-7 0 0.9999999999999603
vn -0.000001704732199149001 -0.000005928445261702999 0.9999999999809737
vn -0.000001704732199149001 -0.000005928445261702999 0.9999999999809737
vn 2.821299174282531e-7 4.90183556993496e-14 0.9999999999999603
vn 2.821299174282531e-7 4.90183556993496e-14 0.9999999999999603
vn 6.536396290867395e-8 -0.0000026536079076229007 0.999999999996477
vn 6.536396290867395e-8 -0.0000026536079076229007 0.999999999996477
vn 2.821299174282531e-7 4.90183556993496e-14 0.9999999999999603
vn -0.000001704732199149001 -0.000005928445261702999 0.9999999999809737
vn -0.000001704732199149001 -0.000005928445261702999 0.9999999999809737
vn 2.821299174282531e-7 4.90183556993496e-14 0.9999999999999603
vn 2.821299174282531e-7 4.90183556993496e-14 0.9999999999999603
vn 6.536396290867395e-8 -0.0000026536079076229007 0.999999999996477
vn 6.536396290867395e-8 -0.0000026536079076229007 0.999999999996477
vn 6.536396290867395e-8 -0.0000026536079076229007 0.999999999996477
vn 6.536396290867395e-8 -0.0000026536079076229007 0.999999999996477
vn -0.000001704732199149001 -0.000005928445261702999 0.9999999999809737
vn -0.000001704732199149001 -0.000005928445261702999 0.9999999999809737
vn -0.000001704732199149001 -0.000005928445261702999 0.9999999999809737
vn 2.821299174282531e-7 4.90183556993496e-14 0.9999999999999603
vn 2.821299174282531e-7 4.90183556993496e-14 0.9999999999999603
vn 6.536396290867395e-8 -0.0000026536079076229007 0.999999999996477
vn 6.536396290867395e-8 -0.0000026536079076229007 0.999999999996477
vn 6.536396290867395e-8 -0.0000026536079076229007 0.999999999996477
vn 6.536396290867395e-8 -0.0000026536079076229007 0.999999999996477
vn -0.000001704732199149001 -0.000005928445261702999 0.9999999999809737
vn -0.000001704732199149001 -0.000005928445261702999 0.9999999999809737
vn 2.821299174282531e-7 4.90183556993496e-14 0.9999999999999603
vn 2.821302016453474e-7 0 0.9999999999999603
vn 2.821302016453474e-7 0 0.9999999999999603
vn 2.821302016453474e-7 0 0.9999999999999603
vn 2.821302016453474e-7 0 0.9999999999999603
vn 2.8212997427167196e-7 0 0.9999999999999603
vn 2.8212997427167196e-7 0 0.9999999999999603
vn 2.8212997427167196e-7 0 0.9999999999999603
vn 2.8212997427167196e-7 0 0.9999999999999603
vn 2.821303153321851e-7 0 0.9999999999999603
vn 2.821303153321851e-7 0 0.9999999999999603
vn 2.821303153321851e-7 0 0.9999999999999603
vn 2.821303153321851e-7 0 0.9999999999999603
vn -3.6955216864417973e-7 0 0.9999999999999318
vn -3.6955216864417973e-7 0 0.9999999999999318
vn -3.6955216864417973e-7 0 0.9999999999999318
vn -3.6955216864417973e-7 0 0.9999999999999318
vn -3.6955265181324004e-7 0 0.9999999999999318
vn -3.6955265181324004e-7 0 0.9999999999999318
vn -3.6955265181324004e-7 0 0.9999999999999318
vn -3.6955265181324004e-7 0 0.9999999999999318
vn -3.695529644520438e-7 0 0.9999999999999318
vn -3.695529644520438e-7 0 0.9999999999999318
vn -3.695529644520438e-7 0 0.9999999999999318
vn -3.695529644520438e-7 0 0.9999999999999318
vn 0.0000016173100900435057 -0.00000592844526170386 0.9999999999811189
vn 0.0000016173100900435057 -0.00000592844526170386 0.9999999999811189
vn -3.695527086566589e-7 8.087532922008426e-14 0.9999999999999318
vn -3.695527086566589e-7 8.087532922008426e-14 0.9999999999999318
vn -1.5278654097396356e-7 -0.0000026536079076228757 0.9999999999964675
vn -1.5278654097396356e-7 -0.0000026536079076228757 0.9999999999964675
vn -3.695527086566589e-7 8.087532922008426e-14 0.9999999999999318
vn 0.0000016173100900435057 -0.00000592844526170386 0.9999999999811189
vn 0.0000016173100900435057 -0.00000592844526170386 0.9999999999811189
vn -3.695527086566589e-7 8.087532922008426e-14 0.9999999999999318
vn -3.695527086566589e-7 8.087532922008426e-14 0.9999999999999318
vn -1.5278654097396356e-7 -0.0000026536079076228757 0.9999999999964675
vn -1.5278654097396356e-7 -0.0000026536079076228757 0.9999999999964675
vn -1.5278654097396356e-7 -0.0000026536079076228757 0.9999999999964675
vn -1.5278654097396356e-7 -0.0000026536079076228757 0.9999999999964675
vn 0.0000016173100900435057 -0.00000592844526170386 0.9999999999811189
vn 0.0000016173100900435057 -0.00000592844526170386 0.9999999999811189
vn 0.0000016173100900435057 -0.00000592844526170386 0.9999999999811189
vn -3.695527086566589e-7 8.087532922008426e-14 0.9999999999999318
vn -3.695527086566589e-7 8.087532922008426e-14 0.9999999999999318
vn -1.5278654097396356e-7 -0.0000026536079076228757 0.9999999999964675
vn -1.5278654097396356e-7 -0.0000026536079076228757 0.9999999999964675
vn -1.5278654097396356e-7 -0.0000026536079076228757 0.9999999999964675
vn -1.5278654097396356e-7 -0.0000026536079076228757 0.9999999999964675
vn 0.0000016173100900435057 -0.00000592844526170386 0.9999999999811189
vn 0.0000016173100900435057 -0.00000592844526170386 0.9999999999811189
vn -3.695527086566589e-7 8.087532922008426e-14 0.9999999999999318
vn -3.695518844270854e-7 0 0.9999999999999318
vn -3.695518844270854e-7 0 0.9999999999999318
vn -3.695518844270854e-7 0 0.9999999999999318
vn -3.695518844270854e-7 0 0.9999999999999318
vn -3.695525949698212e-7 0 0.9999999999999318
vn -3.695525949698212e-7 0 0.9999999999999318
vn -3.695525949698212e-7 0 0.9999999999999318
vn -3.695525949698212e-7 0 0.9999999999999318
vn -3.695530781388815e-7 0 0.9999999999999318
vn -3.695530781388815e-7 0 0.9999999999999318
vn -3.695530781388815e-7 0 0.9999999999999318
vn -3.695530781388815e-7 0 0.9999999999999318
f 4121/4121/4121 4122/4122/4122 4124/4124/4124
f 4121/4121/4121 4124/4124/4124 4123/4123/4123
f 4134/4134/4134 4135/4135/4135 4137/4137/4137
f 4134/4134/4134 4137/4137/4137 4136/4136/4136
f 4138/4138/4138 4139/4139/4139 4141/4141/4141
f 4138/4138/4138 4141/4141/4141 4140/4140/4140
f 4142/4142/4142 4143/4143/4143 4145/4145/4145
f 4142/4142/4142 4145/4145/4145 4144/4144/4144
f 4146/4146/4146 4147/4147/4147 4149/4149/4149
f 4146/4146/4146 4149/4149/4149 4148/4148/4148
f 4177/4177/4177 4178/4178/4178 4180/4180/4180
f 4177/4177/4177 4180/4180/4180 4179/4179/4179
f 4181/4181/4181 4182/4182/4182 4184/4184/4184
f 4181/4181/4181 4184/4184/4184 4183/4183/4183
f 4185/4185/4185 4186/4186/4186 4188/4188/4188
f 4185/4185/4185 4188/4188/4188 4187/4187/4187
f 4189/4189/4189 4191/4191/4191 4192/4192/4192
f 4189/4189/4189 4192/4192/4192 4190/4190/4190
f 4193/4193/4193 4195/4195/4195 4196/4196/4196
f 4193/4193/4193 4196/4196/4196 4194/4194/4194
f 4197/4197/4197 4199/4199/4199 4200/4200/4200
f 4197/4197/4197 4200/4200/4200 4198/4198/4198
f 4228/4228/4228 4230/4230/4230 4231/4231/4231
f 4228/4228/4228 4231/4231/4231 4229/4229/4229
f 4232/4232/4232 4234/4234/4234 4235/4235/4235
f 4232/4232/4232 4235/4235/4235 4233/4233/4233
f 4236/4236/4236 4238/4238/4238 4239/4239/4239
f 4236/4236/4236 4239/4239/4239 4237/4237/4237
f 4130/4130/4130 4126/4126/4126 4125/4125/4125
f 4126/4126/4126 4130/4130/4130 4133/4133/4133
f 4133/4133/4133 4130/4130/4130 4131/4131/4131
f 4131/4131/4131 4130/4130/4130 4128/4128/4128
f 4131/4131/4131 4128/4128/4128 4129/4129/4129
f 4131/4131/4131 4129/4129/4129 4132/4132/4132
f 4132/4132/4132 4129/4129/4129 4127/4127/4127
f 4161/4161/4161 4155/4155/4155 4154/4154/4154
f 4155/4155/4155 4161/4161/4161 4173/4173/4173
f 4173/4173/4173 4161/4161/4161 4170/4170/4170
f 4173/4173/4173 4170/4170/4170 4162/4162/4162
f 4173/4173/4173 4162/4162/4162 4171/4171/4171
f 4173/4173/4173 4171/4171/4171 4163/4163/4163
f 4173/4173/4173 4163/4163/4163 4172/4172/4172
f 4173/4173/4173 4172/4172/4172 4164/4164/4164
f 4176/4176/4176 4153/4153/4153 4152/4152/4152
f 4153/4153/4153 4176/4176/4176 4156/4156/4156
f 4156/4156/4156 4176/4176/4176 4159/4159/4159
f 4156/4156/4156 4159/4159/4159 4168/4168/4168
f 4156/4156/4156 4168/4168/4168 4160/4160/4160
f 4156/4156/4156 4160/4160/4160 4169/4169/4169
f 4174/4174/4174 4151/4151/4151 4150/4150/4150
f 4151/4151/4151 4174/4174/4174 4175/4175/4175
f 4175/4175/4175 4174/4174/4174 4165/4165/4165
f 4175/4175/4175 4165/4165/4165 4157/4157/4157
f 4175/4175/4175 4157/4157/4157 4166/4166/4166
f 4175/4175/4175 4166/4166/4166 4158/4158/4158
f 4175/4175/4175 4158/4158/4158 4167/4167/4167
f 4224/4224/4224 4205/4205/4205 4206/4206/4206
f 4205/4205/4205 4224/4224/4224 4212/4212/4212
f 4212/4212/4212 4224/4224/4224 4221/4221/4221
f 4221/4221/4221 4224/4224/4224 4213/4213/4213
f 4213/4213/4213 4224/4224/4224 4222/4222/4222
f 4222/4222/4222 4224/4224/4224 4214/4214/4214
f 4214/4214/4214 4224/4224/4224 4223/4223/4223
f 4223/4223/4223 4224/4224/4224 4215/4215/4215
f 4207/4207/4207 4203/4203/4203 4204/4204/4204
f 4203/4203/4203 4207/4207/4207 4227/4227/4227
f 4227/4227/4227 4207/4207/4207 4210/4210/4210
f 4210/4210/4210 4207/4207/4207 4219/4219/4219
f 4219/4219/4219 4207/4207/4207 4211/4211/4211
f 4211/4211/4211 4207/4207/4207 4220/4220/4220
f 4226/4226/4226 4201/4201/4201 4202/4202/4202
f 4201/4201/4201 4226/4226/4226 4225/4225/4225
f 4225/4225/4225 4226/4226/4226 4216/4216/4216
f 4216/4216/4216 4226/4226/4226 4208/4208/4208
f 4208/4208/4208 4226/4226/4226 4217/4217/4217
f 4217/4217/4217 4226/4226/4226 4209/4209/4209
f 4209/4209/4209 4226/4226/4226 4218/4218/4218
